Country,Continent,ISO_Code,Level,GDLCODE,Region,year,iwi,country_std_wealth,iso_std,country,country_code,gov_exp_pct_gdp,lit_rate_adult_pct,pri_comp_rate_pct,pupil_teacher_primary,pupil_teacher_secondary,school_enrol_primary_pct,school_enrol_secondary_pct,school_enrol_tertiary_pct,country_std_edu,country_std,iwi_quartile
Afghanistan,Asia/Pacific,AFG,National,AFGt,Total,1999,,Afghanistan,AFG,Afghanistan,AFG,,,,33.18571,,27.298849105835,,,Afghanistan,Afghanistan,
Albania,Europe,ALB,National,ALBt,Total,1999,,Albania,ALB,Albania,ALB,3.59293007850647,,,,,109.397300720215,69.28466796875,14.5365200042725,Albania,Albania,
Algeria,Africa,DZA,National,DZAt,Total,1999,66.7,Algeria,DZA,Algeria,DZA,,,84.1709365844727,28.19076,,106.726829528809,65.0971527099609,13.7040195465088,Algeria,Algeria,Upper-Middle
Angola,Africa,AGO,National,AGOt,Total,1999,21.5,Angola,AGO,Angola,AGO,,,,,18.26959,,11.293270111084,0.531930029392242,Angola,Angola,Low
Armenia,Asia/Pacific,ARM,National,ARMt,Total,1999,70.3,Armenia,ARM,Armenia,ARM,2.23518991470337,,,16.07076,,122.595680236816,78.1027297973633,34.5188789367676,Armenia,Armenia,Upper-Middle
Azerbaijan,Europe,AZE,National,AZEt,Total,1999,,Azerbaijan,AZE,Azerbaijan,AZE,4.21214008331299,99.0,,18.77911,,,,,Azerbaijan,Azerbaijan,
Bangladesh,Asia/Pacific,BGD,National,BGDt,Total,1999,,Bangladesh,BGD,Bangladesh,BGD,2.13281989097595,,,,37.41274,,46.9789085388184,5.47931003570557,Bangladesh,Bangladesh,
Barbados,America,BRB,National,BRBt,Total,1999,,Barbados,BRB,Barbados,BRB,4.34123992919922,,99.2492904663086,17.77204,17.75691,102.901260375977,108.72119140625,35.7623100280762,Barbados,Barbados,
Belarus,Europe,BLR,National,BLRt,Total,1999,,Belarus,BLR,Belarus,BLR,6.00001001358032,100.0,98.6606903076172,19.53285,,113.760719299316,,49.4420700073242,Belarus,Belarus,
Belize,America,BLZ,National,BLZt,Total,1999,,Belize,BLZ,Belize,BLZ,4.04780006408691,,96.9707183837891,23.5,23.87982,118.368881225586,64.5208435058594,,Belize,Belize,
Benin,Africa,BEN,National,BENt,Total,1999,24.5,Benin,BEN,Benin,BEN,1.92193996906281,,,53.39559,23.751,77.1800384521484,20.098539352417,3.20745992660522,Benin,Benin,Low
Bhutan,Asia/Pacific,BTN,National,BTNt,Total,1999,,Bhutan,BTN,Bhutan,BTN,,,54.3152313232422,41.70401,31.07948,79.0940170288086,28.1778202056885,2.77209997177124,Bhutan,Bhutan,
Bolivia,America,BOL,National,BOLt,Total,1999,51.1,Bolivia,BOL,Bolivia,BOL,,,,24.72372,21.39547,112.537757873535,74.7145614624023,,Bolivia,Bolivia,Lower-Middle
Botswana,Africa,BWA,National,BWAt,Total,1999,35.6,Botswana,BWA,Botswana,BWA,,,88.1155319213867,26.98536,16.65829,103.297119140625,73.3948211669922,6.02573013305664,Botswana,Botswana,Lower-Middle
Brazil,America,BRA,National,BRAt,Total,1999,70.8,Brazil,BRA,Brazil,BRA,3.80062007904053,,,25.94511,,148.712951660156,,14.6957998275757,Brazil,Brazil,Upper-Middle
Burkina Faso,Africa,BFA,National,BFAt,Total,1999,18.4,Burkina Faso,BFA,Burkina Faso,BFA,,,21.9752407073975,49.00318,27.86887,42.1652297973633,9.37078952789307,0.991050004959106,Burkina Faso,Burkina Faso,Low
Burundi,Africa,BDI,National,BDIt,Total,1999,,Burundi,BDI,Burundi,BDI,3.41744995117188,,,55.41274,,58.6382484436035,,0.94880998134613,Burundi,Burundi,
Cambodia,Asia/Pacific,KHM,National,KHMt,Total,1999,22.9,Cambodia,KHM,Cambodia,KHM,,,43.1078109741211,47.76229,17.60297,105.301170349121,17.792610168457,,Cambodia,Cambodia,Low
Cameroon,Africa,CMR,National,CMRt,Total,1999,23.6,Cameroon,CMR,Cameroon,CMR,,,49.1237907409668,51.86201,22.80578,84.3129196166992,26.5437793731689,4.94548988342285,Cameroon,Cameroon,Low
Cape Verde,Africa,CPV,National,CPVt,Total,1999,,Cape Verde,CPV,Cabo Verde,CPV,6.80168008804321,,,28.66264,,118.928749084473,,1.39012002944946,Cabo Verde,Cape Verde,
Central African Republic CAR,Africa,CAF,National,CAFt,Total,1999,14.0,Central African Republic CAR,CAF,Central African Republic,CAF,1.69001996517181,,,,,,,1.97054004669189,Central African Republic,Central African Republic CAR,Low
Chad,Africa,TCD,National,TCDt,Total,1999,8.17,Chad,TCD,Chad,TCD,3.22785997390747,,20.6052494049072,67.88426,34.10003,61.0813407897949,10.5303297042847,,Chad,Chad,Low
Chili,America,CHL,National,CHLt,Total,1999,84.4,Chili,CHL,Chile,CHL,3.7083899974823,,,31.98306,29.00898,105.060707092285,82.0896224975586,35.5736618041992,Chile,Chili,High
China,Asia/Pacific,CHN,National,CHNt,Total,1999,62.3,China,CHN,China,CHN,1.88803994655609,,,,,,58.2373085021973,6.62028980255127,China,China,Upper-Middle
Colombia,America,COL,National,COLt,Total,1999,66.0,Colombia,COL,Colombia,COL,4.44080018997192,,96.544059753418,24.02045,17.91693,120.606903076172,74.1051025390625,23.6967697143555,Colombia,Colombia,Upper-Middle
Comoros,Africa,COM,National,COMt,Total,1999,30.3,Comoros,COM,Comoros,COM,,,46.6943283081055,34.77068,,88.2658996582031,32.1032905578613,1.3730800151825,Comoros,Comoros,Low
Congo Brazzaville,Africa,COG,National,COGt,Total,1999,,Congo Brazzaville,COG,"Congo, Rep.",COG,,,29.9693202972412,61.22946,,55.9265289306641,,3.67968988418579,"Congo, Rep.",Congo Brazzaville,
Congo Democratic Republic,Africa,COD,National,CODt,Total,1999,,Congo Democratic Republic,COD,"Congo, Dem. Rep.",COD,,,33.2521591186523,26.01515,,51.2905693054199,,1.48624002933502,"Congo, Dem. Rep.",Congo Democratic Republic,
Costa Rica,America,CRI,National,CRIt,Total,1999,,Costa Rica,CRI,Costa Rica,CRI,5.39436006546021,,84.1167984008789,26.82207,19.5273,113.533622741699,63.5928115844727,,Costa Rica,Costa Rica,
Cote d'Ivoire,Africa,CIV,National,CIVt,Total,1999,32.7,Cote d'Ivoire,CIV,Cote d'Ivoire,CIV,2.68529009819031,,44.7158393859863,42.71803,29.3952,72.3918762207031,23.0311298370361,5.79388999938965,Cote d'Ivoire,Cote d'Ivoire,Low
Cuba,America,CUB,National,CUBt,Total,1999,,Cuba,CUB,Cuba,CUB,6.75523996353149,,97.3878479003906,11.7748,11.41029,104.370643615723,80.0192108154297,21.1659107208252,Cuba,Cuba,
Djibouti,Africa,DJI,National,DJIt,Total,1999,,Djibouti,DJI,Djibouti,DJI,7.62947988510132,,,39.5383,22.81029,,,0.246800005435944,Djibouti,Djibouti,
Dominican Republic,America,DOM,National,DOMt,Total,1999,60.8,Dominican Republic,DOM,Dominican Republic,DOM,,,73.276123046875,31.18106,,110.577728271484,56.0141487121582,,Dominican Republic,Dominican Republic,Upper-Middle
Ecuador,America,ECU,National,ECUt,Total,1999,,Ecuador,ECU,Ecuador,ECU,1.54734003543854,,93.9180603027344,23.6912,,108.391151428223,55.7297286987305,,Ecuador,Ecuador,
Egypt,Africa,EGY,National,EGYt,Total,1999,72.1,"Egypt, Arab Rep.",EGY,"Egypt, Arab Rep.",EGY,,,90.672492980957,23.37189,16.89777,92.2963409423828,77.2243118286133,28.8631801605225,"Egypt, Arab Rep.","Egypt, Arab Rep.",Upper-Middle
El Salvador,America,SLV,National,SLVt,Total,1999,,El Salvador,SLV,El Salvador,SLV,2.56260991096497,,,,,106.854721069336,51.994499206543,20.4192409515381,El Salvador,El Salvador,
Equatorial Guinea,Africa,GNQ,National,GNQt,Total,1999,29.9,Equatorial Guinea,GNQ,Equatorial Guinea,GNQ,,,,56.68684,23.37529,88.0031890869141,22.653959274292,,Equatorial Guinea,Equatorial Guinea,Low
Eritrea,Africa,ERI,National,ERIt,Total,1999,16.2,Eritrea,ERI,Eritrea,ERI,5.26281023025513,,54.7408103942871,46.98045,50.6554,81.9635925292969,35.8659591674805,1.82910001277924,Eritrea,Eritrea,Low
Eswatini,Africa,SWZ,National,SWZt,Total,1999,39.1,Eswatini,SWZ,Eswatini,SWZ,5.09095001220703,,63.2213096618652,33.15813,,98.2588882446289,45.401969909668,4.58638000488281,Eswatini,Eswatini,Lower-Middle
Ethiopia,Africa,ETH,National,ETHt,Total,1999,4.79,Ethiopia,ETH,Ethiopia,ETH,,,19.449089050293,,,47.2740592956543,12.9054403305054,0.933220028877258,Ethiopia,Ethiopia,Low
Fiji,Asia/Pacific,FJI,National,FJIt,Total,1999,,Fiji,FJI,Fiji,FJI,5.16864013671875,,93.8676528930664,,21.32567,100.19702911377,75.4504089355469,,Fiji,Fiji,
Gabon,Africa,GAB,National,GABt,Total,1999,42.9,Gabon,GAB,Gabon,GAB,3.08122992515564,,,51.93734,28.11663,133.592544555664,44.425910949707,6.6585898399353,Gabon,Gabon,Lower-Middle
Gambia,Africa,GMB,National,GMBt,Total,1999,36.5,Gambia,GMB,"Gambia, The",GMB,1.56512999534607,,60.4448699951172,36.95683,,75.1125335693359,,0.918619990348816,"Gambia, The",Gambia,Lower-Middle
Georgia,Asia/Pacific,GEO,National,GEOt,Total,1999,,Georgia,GEO,Georgia,GEO,2.15512990951538,,88.0297927856445,17.41941,7.50714,96.391471862793,83.75341796875,39.6137390136719,Georgia,Georgia,
Ghana,Africa,GHA,National,GHAt,Total,1999,28.1,Ghana,GHA,Ghana,GHA,4.11037015914917,,61.3618087768555,29.59855,19.61644,74.6601409912109,30.7412605285644,,Ghana,Ghana,Low
Guatemala,America,GTM,National,GTMt,Total,1999,40.4,Guatemala,GTM,Guatemala,GTM,,,50.7087287902832,38.146,13.24699,97.0108871459961,27.1351890563965,,Guatemala,Guatemala,Lower-Middle
Guinea,Africa,GIN,National,GINt,Total,1999,,Guinea,GIN,Guinea,GIN,1.61954998970032,,29.4720592498779,46.83864,,55.7112007141113,14.0696496963501,,Guinea,Guinea,
Guinea Bissau,Africa,GNB,National,GNBt,Total,1999,,Guinea Bissau,GNB,Guinea-Bissau,GNB,2.03237009048462,,,,,,,,Guinea-Bissau,Guinea Bissau,
Guyana,America,GUY,National,GUYt,Total,1999,,Guyana,GUY,Guyana,GUY,8.56105995178223,,97.5299606323242,26.65515,,98.1784973144531,82.3563537597656,,Guyana,Guyana,
Honduras,America,HND,National,HNDt,Total,1999,,Honduras,HND,Honduras,HND,,,,31.72588,,103.652038574219,,12.1111297607422,Honduras,Honduras,
India,Asia/Pacific,IND,National,INDt,Total,1999,30.3,India,IND,India,IND,4.41539001464844,,68.8994216918945,40.0,33.62363,92.6203002929688,43.6683311462402,,India,India,Low
Indonesia,Asia/Pacific,IDN,National,IDNt,Total,1999,46.9,Indonesia,IDN,Indonesia,IDN,,,,21.95671,14.94713,113.929649353027,55.1420593261719,14.7992601394653,Indonesia,Indonesia,Lower-Middle
Iran,Asia/Pacific,IRN,National,IRNt,Total,1999,,"Iran, Islamic Rep.",IRN,"Iran, Islamic Rep.",IRN,4.22040987014771,,,26.50585,,102.91845703125,78.9448318481445,19.2394008636475,"Iran, Islamic Rep.","Iran, Islamic Rep.",
Iraq,Asia/Pacific,IRQ,National,IRQt,Total,1999,,Iraq,IRQ,Iraq,IRQ,,,56.2258987426758,25.47278,19.68694,92.7501068115234,34.1383514404297,11.6270198822021,Iraq,Iraq,
Jamaica,America,JAM,National,JAMt,Total,1999,,Jamaica,JAM,Jamaica,JAM,,80.0,,,,89.9577407836914,79.3084487915039,8.46197032928467,Jamaica,Jamaica,
Jordan,Asia/Pacific,JOR,National,JORt,Total,1999,86.7,Jordan,JOR,Jordan,JOR,4.94366979598999,,92.8020095825195,,,93.1974411010742,88.3908004760742,,Jordan,Jordan,High
Kazakhstan,Asia/Pacific,KAZ,National,KAZt,Total,1999,66.8,Kazakhstan,KAZ,Kazakhstan,KAZ,3.89257001876831,100.0,,,,97.8677368164062,91.8715896606445,24.4951400756836,Kazakhstan,Kazakhstan,Upper-Middle
Kenya,Africa,KEN,National,KENt,Total,1999,20.4,Kenya,KEN,Kenya,KEN,5.32323980331421,,,32.21127,,90.3930892944336,39.6874618530273,,Kenya,Kenya,Low
Kiribati,Asia/Pacific,KIR,National,KIRt,Total,1999,,Kiribati,KIR,Kiribati,KIR,9.69332027435303,,102.445648193359,24.66093,,102.805480957031,55.7961883544922,,Kiribati,Kiribati,
Kuwait,Asia/Pacific,KWT,National,KWTt,Total,1999,,Kuwait,KWT,Kuwait,KWT,,,90.233772277832,13.44605,10.55992,94.3826217651367,86.3503112792969,19.735969543457,Kuwait,Kuwait,
Kyrgyzstan,Asia/Pacific,KGZ,National,KGZt,Total,1999,58.3,Kyrgyzstan,KGZ,Kyrgyz Republic,KGZ,4.0852198600769,99.0,90.7832870483398,24.4244,13.16229,92.8396835327148,80.8123092651367,29.379020690918,Kyrgyzstan,Kyrgyzstan,Upper-Middle
Lao,Asia/Pacific,LAO,National,LAOt,Total,1999,,Lao,LAO,Lao PDR,LAO,,,68.2543869018555,30.56028,20.35816,108.336952209473,31.3743095397949,2.31708002090454,Lao PDR,Lao,
Lebanon,Asia/Pacific,LBN,National,LBNt,Total,1999,,Lebanon,LBN,Lebanon,LBN,,,,14.25064,9.0733,,,28.091100692749,Lebanon,Lebanon,
Lesotho,Africa,LSO,National,LSOt,Total,1999,,Lesotho,LSO,Lesotho,LSO,12.4993495941162,,59.8333396911621,44.37094,22.24169,98.8301315307617,29.5656700134277,1.89664995670319,Lesotho,Lesotho,
Liberia,Africa,LBR,National,LBRt,Total,1999,,Liberia,LBR,Liberia,LBR,,,,39.3447,17.17876,94.1050415039062,30.4185695648193,7.50256013870239,Liberia,Liberia,
Libya,Africa,LBY,National,LBYt,Total,1999,,Libya,LBY,Libya,LBY,2.26416993141174,,,,,114.561042785645,,57.0369415283203,Libya,Libya,
Madagascar,Africa,MDG,National,MDGt,Total,1999,16.8,Madagascar,MDG,Madagascar,MDG,2.40500998497009,,32.1701316833496,47.15347,,91.2833786010742,,2.05018997192383,Madagascar,Madagascar,Low
Malawi,Africa,MWI,National,MWIt,Total,1999,12.8,Malawi,MWI,Malawi,MWI,3.43224000930786,,69.0040130615234,63.22113,59.81314,143.030364990234,36.0836601257324,0.294310003519058,Malawi,Malawi,Low
Malaysia,Asia/Pacific,MYS,National,MYSt,Total,1999,77.4,Malaysia,MYS,Malaysia,MYS,5.68678998947144,,100.204322814941,20.36262,,99.7763137817383,81.8105010986328,23.906400680542,Malaysia,Malaysia,Upper-Middle
Maldives,Asia/Pacific,MDV,National,MDVt,Total,1999,,Maldives,MDV,Maldives,MDV,,,,24.27073,17.14874,126.769729614258,40.3141593933105,,Maldives,Maldives,
Mali,Africa,MLI,National,MLIt,Total,1999,16.6,Mali,MLI,Mali,MLI,2.23183989524841,,,62.07904,28.40924,52.4957389831543,13.9309396743774,1.80509996414185,Mali,Mali,Low
Mauritania,Africa,MRT,National,MRTt,Total,1999,15.3,Mauritania,MRT,Mauritania,MRT,1.72203004360199,,44.0923194885254,47.00272,28.24302,80.4019393920898,16.9659690856934,4.07405996322632,Mauritania,Mauritania,Low
Mauritius,Africa,MUS,National,MUSt,Total,1999,,Mauritius,MUS,Mauritius,MUS,3.88741993904114,,99.2308502197266,26.13844,19.56571,102.774757385254,72.245246887207,9.42360973358154,Mauritius,Mauritius,
Mexico,America,MEX,National,MEXt,Total,1999,67.7,Mexico,MEX,Mexico,MEX,3.36164999008179,,97.6176223754883,27.22577,16.80328,109.927383422852,69.9513168334961,19.2353000640869,Mexico,Mexico,Upper-Middle
Moldova,Europe,MDA,National,MDAt,Total,1999,,Moldova,MDA,Moldova,MDA,4.6625599861145,,,21.19649,12.59458,,,,Moldova,Moldova,
Mongolia,Asia/Pacific,MNG,National,MNGt,Total,1999,,Mongolia,MNG,Mongolia,MNG,5.14565992355347,,86.1917266845703,32.44852,18.64532,95.6018905639648,59.1378402709961,25.9648494720459,Mongolia,Mongolia,
Morocco,Africa,MAR,National,MARt,Total,1999,58.9,Morocco,MAR,Morocco,MAR,4.62526988983154,,55.435791015625,28.14105,16.71512,87.3162536621094,37.3624382019043,9.4428596496582,Morocco,Morocco,Upper-Middle
Mozambique,Africa,MOZ,National,MOZt,Total,1999,14.6,Mozambique,MOZ,Mozambique,MOZ,2.64153003692627,,14.4112501144409,61.4934,,71.1723937988281,5.43544006347656,0.623350024223328,Mozambique,Mozambique,Low
Myanmar,Asia/Pacific,MMR,National,MMRt,Total,1999,46.7,Myanmar,MMR,Myanmar,MMR,,,74.0782165527344,30.59713,30.12094,97.8907165527344,35.1971015930176,,Myanmar,Myanmar,Lower-Middle
Namibia,Africa,NAM,National,NAMt,Total,1999,35.9,Namibia,NAM,Namibia,NAM,7.13076019287109,,100.799240112305,31.77475,23.78759,117.138259887695,61.3926811218262,,Namibia,Namibia,Lower-Middle
Nepal,Asia/Pacific,NPL,National,NPLt,Total,1999,,Nepal,NPL,Nepal,NPL,2.89331007003784,,61.4096298217773,39.04814,31.707,111.46996307373,32.9038200378418,,Nepal,Nepal,
Nicaragua,America,NIC,National,NICt,Total,1999,41.7,Nicaragua,NIC,Nicaragua,NIC,2.92365002632141,,65.8886184692383,34.3856,30.99923,100.711479187012,51.2359886169434,,Nicaragua,Nicaragua,Lower-Middle
Niger,Africa,NER,National,NERt,Total,1999,11.3,Niger,NER,Niger,NER,2.56853008270264,,18.7618293762207,41.06705,24.38601,30.1673202514648,6.26581001281738,,Niger,Niger,Low
Nigeria,Africa,NGA,National,NGAt,Total,1999,30.8,Nigeria,NGA,Nigeria,NGA,,,,41.4422,29.79998,95.1762084960938,23.5453395843506,5.98657989501953,Nigeria,Nigeria,Low
North Macedonia,Europe,MKD,National,MKDt,Total,1999,,North Macedonia,MKD,North Macedonia,MKD,,,99.5690231323242,22.10281,16.32933,100.663146972656,77.9660797119141,23.0991706848145,North Macedonia,North Macedonia,
Pakistan,Asia/Pacific,PAK,National,PAKt,Total,1999,42.6,Pakistan,PAK,Pakistan,PAK,2.61149001121521,,,,,,,,Pakistan,Pakistan,Lower-Middle
Palestine,Asia/Pacific,PSE,National,PSEt,Total,1999,,Palestine,PSE,West Bank and Gaza,PSE,,,92.3831024169922,37.76489,25.09606,95.4214324951172,73.6262969970703,22.8346004486084,West Bank and Gaza,Palestine,
Panama,America,PAN,National,PANt,Total,1999,,Panama,PAN,Panama,PAN,4.56723022460938,,89.224967956543,26.08202,15.9968,103.690902709961,64.0488510131836,39.6028213500977,Panama,Panama,
Papua New Guinea,Asia/Pacific,PNG,National,PNGt,Total,1999,,Papua New Guinea,PNG,Papua New Guinea,PNG,,,,,,,,1.95492005348206,Papua New Guinea,Papua New Guinea,
Paraguay,America,PRY,National,PRYt,Total,1999,65.6,Paraguay,PRY,Paraguay,PRY,4.23087978363037,,91.6709671020508,,11.01705,121.15406036377,61.4332618713379,14.1942796707153,Paraguay,Paraguay,Upper-Middle
Peru,America,PER,National,PERt,Total,1999,47.3,Peru,PER,Peru,PER,3.44133996963501,,98.3533706665039,28.75555,21.62919,117.242889404297,78.2726364135742,37.9385108947754,Peru,Peru,Lower-Middle
Philippines,Asia/Pacific,PHL,National,PHLt,Total,1999,54.2,Philippines,PHL,Philippines,PHL,,,88.2308502197266,34.69483,34.06824,110.750541687012,76.5082092285156,28.4981307983398,Philippines,Philippines,Lower-Middle
Rwanda,Africa,RWA,National,RWAt,Total,1999,7.47,Rwanda,RWA,Rwanda,RWA,3.857990026474,,24.9528007507324,54.30548,,84.7568206787109,7.83850002288818,0.733900010585785,Rwanda,Rwanda,Low
Saint Lucia,America,LCA,National,LCAt,Total,1999,,Saint Lucia,LCA,St. Lucia,LCA,5.44994020462036,,,21.90154,17.70852,104.047019958496,66.9473266601562,,St. Lucia,Saint Lucia,
Samoa,Asia/Pacific,WSM,National,WSMt,Total,1999,,Samoa,WSM,Samoa,WSM,4.0162501335144,,94.2837829589844,24.00792,19.89753,92.3818893432617,77.8549423217773,10.5981597900391,Samoa,Samoa,
Sao Tome & Principe,Africa,STP,National,STPt,Total,1999,32.4,Sao Tome & Principe,STP,Sao Tome and Principe,STP,,,44.4971008300781,36.01364,,100.426742553711,,,Sao Tome and Principe,Sao Tome & Principe,Low
Saudi Arabia,Asia/Pacific,SAU,National,SAUt,Total,1999,,Saudi Arabia,SAU,Saudi Arabia,SAU,7.07226991653442,,,,,,,16.3975200653076,Saudi Arabia,Saudi Arabia,
Senegal,Africa,SEN,National,SENt,Total,1999,33.1,Senegal,SEN,Senegal,SEN,2.45981001853943,,42.1817283630371,48.60013,,66.2854537963867,15.0402202606201,3.31120991706848,Senegal,Senegal,Low
South Africa,Africa,ZAF,National,ZAFt,Total,1999,56.4,South Africa,ZAF,South Africa,ZAF,5.29117012023926,,75.1583404541016,35.93639,29.24613,95.265251159668,82.5389862060547,,South Africa,South Africa,Lower-Middle
Sudan,Africa,SDN,National,SDNt,Total,1999,23.5,Sudan,SDN,Sudan,SDN,,,,,,,,6.36923980712891,Sudan,Sudan,Low
Suriname,America,SUR,National,SURt,Total,1999,,Suriname,SUR,Suriname,SUR,,,,,,101.701080322266,,,Suriname,Suriname,
Syria,Asia/Pacific,SYR,National,SYRt,Total,1999,,Syria,SYR,Syrian Arab Republic,SYR,,,91.3268280029297,24.92838,19.20781,106.583160400391,43.599048614502,,Syrian Arab Republic,Syria,
Tajikistan,Asia/Pacific,TJK,National,TJKt,Total,1999,50.9,Tajikistan,TJK,Tajikistan,TJK,2.07651996612549,,90.2898178100586,21.98287,16.47991,93.2296600341797,71.5144195556641,16.6886405944824,Tajikistan,Tajikistan,Lower-Middle
Tanzania,Africa,TZA,National,TZAt,Total,1999,18.7,Tanzania,TZA,Tanzania,TZA,,,57.879280090332,40.28437,,67.5773468017578,,0.605530023574829,Tanzania,Tanzania,Low
Thailand,Asia/Pacific,THA,National,THAt,Total,1999,,Thailand,THA,Thailand,THA,4.83267021179199,,87.644660949707,20.56669,,97.0751419067383,,37.3846588134766,Thailand,Thailand,
Togo,Africa,TGO,National,TGOt,Total,1999,25.3,Togo,TGO,Togo,TGO,2.96396994590759,,57.408519744873,41.28126,35.17028,120.947456359863,29.8826198577881,,Togo,Togo,Low
Tonga,Asia/Pacific,TON,National,TONt,Total,1999,,Tonga,TON,Tonga,TON,5.38055992126465,,101.238128662109,20.90037,14.62227,108.832107543945,100.857040405273,3.42685008049011,Tonga,Tonga,
Trinidad & Tobago,America,TTO,National,TTOt,Total,1999,,Trinidad & Tobago,TTO,Trinidad and Tobago,TTO,2.75611996650696,,96.7256774902344,21.32821,,100.16577911377,,5.6235499382019,Trinidad and Tobago,Trinidad & Tobago,
Tunisia,Africa,TUN,National,TUNt,Total,1999,,Tunisia,TUN,Tunisia,TUN,6.27098989486694,,84.6770782470703,23.86149,18.75247,112.526260375977,68.8061370849609,15.4802303314209,Tunisia,Tunisia,
Turkey,Asia/Pacific,TUR,National,TURt,Total,1999,73.2,Turkiye,TUR,Turkiye,TUR,,,,,,100.584457397461,70.7686996459961,23.3463096618652,Turkiye,Turkiye,Upper-Middle
Turks & Caicos Islands,America,TCA,National,TCAt,Total,1999,,Turks & Caicos Islands,TCA,Turks and Caicos Islands,TCA,,,,18.40404,9.20661,94.9947891235352,86.2229080200195,,Turks and Caicos Islands,Turks & Caicos Islands,
Tuvalu,Asia/Pacific,TUV,National,TUVt,Total,1999,,Tuvalu,TUV,Tuvalu,TUV,,,,18.88889,,95.7746505737305,,,Tuvalu,Tuvalu,
Uganda,Africa,UGA,National,UGAt,Total,1999,10.4,Uganda,UGA,Uganda,UGA,,,,57.3049,,128.445495605469,,1.94971001148224,Uganda,Uganda,Low
Ukraine,Europe,UKR,National,UKRt,Total,1999,,Ukraine,UKR,Ukraine,UKR,3.61807990074158,,98.5296096801758,20.48241,13.0239,112.78897857666,96.8399276733398,49.0531883239746,Ukraine,Ukraine,
Uruguay,America,URY,National,URYt,Total,1999,,Uruguay,URY,Uruguay,URY,,,100.134460449219,20.43957,14.94986,114.088729858398,92.8853073120117,33.2931709289551,Uruguay,Uruguay,
Uzbekistan,Asia/Pacific,UZB,National,UZBt,Total,1999,61.8,Uzbekistan,UZB,Uzbekistan,UZB,,,98.1113586425781,20.90977,11.09398,100.585578918457,85.4006729125977,12.6068897247314,Uzbekistan,Uzbekistan,Upper-Middle
Vanuatu,Asia/Pacific,VUT,National,VUTt,Total,1999,,Vanuatu,VUT,Vanuatu,VUT,6.1626501083374,74.0,,24.16115,23.04872,106.720336914062,30.4268398284912,3.91119003295898,Vanuatu,Vanuatu,
Venezuela,America,VEN,National,VENt,Total,1999,71.0,Venezuela,VEN,"Venezuela, RB",VEN,,,81.2175903320312,,,99.0205001831055,56.5395202636719,,"Venezuela, RB",Venezuela,Upper-Middle
Vietnam,Asia/Pacific,VNM,National,VNMt,Total,1999,41.1,Viet Nam,VNM,Viet Nam,VNM,,90.0,100.163330078125,30.43485,,114.000846862793,,10.3339099884033,Viet Nam,Viet Nam,Lower-Middle
Yemen,Asia/Pacific,YEM,National,YEMt,Total,1999,38.2,Yemen,YEM,"Yemen, Rep.",YEM,,,49.9732513427734,22.36997,21.68417,66.2289581298828,37.6240501403809,9.48217964172363,Yemen,Yemen,Lower-Middle
Zambia,Africa,ZMB,National,ZMBt,Total,1999,19.8,Zambia,ZMB,Zambia,ZMB,1.77495002746582,68.0,63.0922088623047,51.22681,,80.8897399902344,,2.42001008987427,Zambia,Zambia,Low
Zimbabwe,Africa,ZWE,National,ZWEt,Total,1999,32.3,Zimbabwe,ZWE,Zimbabwe,ZWE,,,92.5178680419922,41.02384,27.30865,109.770378112793,41.3983001708984,,Zimbabwe,Zimbabwe,Low
Afghanistan,Asia/Pacific,AFG,National,AFGt,Total,2000,,Afghanistan,AFG,Afghanistan,AFG,,,,,,22.1629905700684,,,Afghanistan,Afghanistan,
Albania,Europe,ALB,National,ALBt,Total,2000,,Albania,ALB,Albania,ALB,3.4301700592041,,,22.56784,16.43434,,,,Albania,Albania,
Algeria,Africa,DZA,National,DZAt,Total,2000,68.2,Algeria,DZA,Algeria,DZA,,,82.3719024658203,28.3962,,109.776649475098,64.9110488891602,,Algeria,Algeria,Upper-Middle
Angola,Africa,AGO,National,AGOt,Total,2000,22.5,Angola,AGO,Angola,AGO,2.60753011703491,,,,18.83404,,12.8563404083252,,Angola,Angola,Low
Armenia,Asia/Pacific,ARM,National,ARMt,Total,2000,71.4,Armenia,ARM,Armenia,ARM,2.77273011207581,,,,,88.3385314941406,90.1155776977539,35.331470489502,Armenia,Armenia,Upper-Middle
Azerbaijan,Europe,AZE,National,AZEt,Total,2000,,Azerbaijan,AZE,Azerbaijan,AZE,3.85399007797241,,89.5135116577148,18.68574,,97.2074890136719,,,Azerbaijan,Azerbaijan,
Bangladesh,Asia/Pacific,BGD,National,BGDt,Total,2000,,Bangladesh,BGD,Bangladesh,BGD,2.12508010864258,,,,38.4303,,48.7191314697266,5.46036005020142,Bangladesh,Bangladesh,
Barbados,America,BRB,National,BRBt,Total,2000,,Barbados,BRB,Barbados,BRB,4.71585988998413,,97.8817672729492,17.56999,17.29712,101.834899902344,106.496398925781,41.5436096191406,Barbados,Barbados,
Belarus,Europe,BLR,National,BLRt,Total,2000,,Belarus,BLR,Belarus,BLR,6.19661998748779,,103.682693481445,18.2068,,115.920928955078,,51.8044013977051,Belarus,Belarus,
Belize,America,BLZ,National,BLZt,Total,2000,,Belize,BLZ,Belize,BLZ,3.69593000411987,,98.5516815185547,23.31494,23.32831,118.149200439453,67.578971862793,,Belize,Belize,
Benin,Africa,BEN,National,BENt,Total,2000,24.3,Benin,BEN,Benin,BEN,2.11366009712219,,36.3207397460938,52.64958,23.38345,80.111213684082,20.8747406005859,3.62698006629944,Benin,Benin,Low
Bhutan,Asia/Pacific,BTN,National,BTNt,Total,2000,,Bhutan,BTN,Bhutan,BTN,5.78675985336304,,54.8527603149414,41.147,,80.7876281738281,31.5091094970703,,Bhutan,Bhutan,
Bolivia,America,BOL,National,BOLt,Total,2000,50.0,Bolivia,BOL,Bolivia,BOL,,,,,,119.13207244873,72.7576370239258,,Bolivia,Bolivia,Lower-Middle
Bosnia and Herzegovina,Europe,BIH,National,BIHt,Total,2000,,Bosnia and Herzegovina,BIH,Bosnia and Herzegovina,BIH,,97.0,,,,,,15.8103504180908,Bosnia and Herzegovina,Bosnia and Herzegovina,
Botswana,Africa,BWA,National,BWAt,Total,2000,39.2,Botswana,BWA,Botswana,BWA,,,87.9329528808594,26.72295,16.40179,103.396018981934,74.5901031494141,6.76557016372681,Botswana,Botswana,Lower-Middle
Brazil,America,BRA,National,BRAt,Total,2000,70.9,Brazil,BRA,Brazil,BRA,3.94893002510071,86.0,,24.79699,,,,,Brazil,Brazil,Upper-Middle
Burkina Faso,Africa,BFA,National,BFAt,Total,2000,18.5,Burkina Faso,BFA,Burkina Faso,BFA,,,23.8950500488281,48.8764,,43.0905914306641,9.9255199432373,,Burkina Faso,Burkina Faso,Low
Burundi,Africa,BDI,National,BDIt,Total,2000,,Burundi,BDI,Burundi,BDI,2.64547991752625,59.0,25.1364498138428,55.35975,,60.7197418212891,,1.09112000465393,Burundi,Burundi,
Cambodia,Asia/Pacific,KHM,National,KHMt,Total,2000,24.7,Cambodia,KHM,Cambodia,KHM,1.66681003570557,,,50.12283,18.46332,110.810829162598,19.0743503570557,2.31439995765686,Cambodia,Cambodia,Low
Cameroon,Africa,CMR,National,CMRt,Total,2000,24.2,Cameroon,CMR,Cameroon,CMR,1.70284998416901,68.0,50.3857307434082,,23.61911,86.5973815917969,27.9761600494385,4.68230009078979,Cameroon,Cameroon,Low
Cape Verde,Africa,CPV,National,CPVt,Total,2000,,Cape Verde,CPV,Cabo Verde,CPV,,76.1104431152344,101.499183654785,28.72602,,116.870727539062,62.3005905151367,1.58635997772217,Cabo Verde,Cape Verde,
Central African Republic CAR,Africa,CAF,National,CAFt,Total,2000,14.4,Central African Republic CAR,CAF,Central African Republic,CAF,1.61265003681183,51.0,,,,,,1.90594005584717,Central African Republic,Central African Republic CAR,Low
Chad,Africa,TCD,National,TCDt,Total,2000,8.59,Chad,TCD,Chad,TCD,2.64670991897583,26.0,22.4082298278809,68.62067,32.22277,63.3714981079102,11.2949104309082,0.817380011081696,Chad,Chad,Low
Chili,America,CHL,National,CHLt,Total,2000,84.7,Chili,CHL,Chile,CHL,3.75707006454468,,,32.22683,29.3532,101.363563537598,86.9013595581055,35.4313201904297,Chile,Chili,High
China,Asia/Pacific,CHN,National,CHNt,Total,2000,62.3,China,CHN,China,CHN,,91.0,,,17.10846,,59.2292213439941,7.55849981307983,China,China,Upper-Middle
Colombia,America,COL,National,COLt,Total,2000,67.4,Colombia,COL,Colombia,COL,3.5112099647522,,100.224639892578,26.45241,19.19542,124.298286437988,76.4044799804688,25.5096893310547,Colombia,Colombia,Upper-Middle
Comoros,Africa,COM,National,COMt,Total,2000,31.6,Comoros,COM,Comoros,COM,,68.0,,36.83793,,97.8609466552734,,1.49466001987457,Comoros,Comoros,Low
Congo Brazzaville,Africa,COG,National,COGt,Total,2000,,Congo Brazzaville,COG,"Congo, Rep.",COG,,,,60.48057,,83.0571670532227,,5.25535011291504,"Congo, Rep.",Congo Brazzaville,
Costa Rica,America,CRI,National,CRIt,Total,2000,,Costa Rica,CRI,Costa Rica,CRI,4.66695022583008,95.0,88.6959381103516,24.94075,18.84161,109.770492553711,61.4872283935547,,Costa Rica,Costa Rica,
Cote d'Ivoire,Africa,CIV,National,CIVt,Total,2000,33.5,Cote d'Ivoire,CIV,Cote d'Ivoire,CIV,2.40031003952026,49.0,42.879810333252,44.97398,,70.5018081665039,,,Cote d'Ivoire,Cote d'Ivoire,Low
Cuba,America,CUB,National,CUBt,Total,2000,,Cuba,CUB,Cuba,CUB,7.70481014251709,,98.2687225341797,11.49998,11.94651,103.97191619873,82.1248626708984,23.0279693603516,Cuba,Cuba,
Djibouti,Africa,DJI,National,DJIt,Total,2000,,Djibouti,DJI,Djibouti,DJI,9.65999984741211,,,,,,,0.258850008249283,Djibouti,Djibouti,
Dominican Republic,America,DOM,National,DOMt,Total,2000,62.6,Dominican Republic,DOM,Dominican Republic,DOM,1.88829004764557,,78.3414611816406,31.03273,,115.308647155762,59.4400787353516,,Dominican Republic,Dominican Republic,Upper-Middle
Ecuador,America,ECU,National,ECUt,Total,2000,,Ecuador,ECU,Ecuador,ECU,1.20265996456146,,94.1933670043945,23.25134,13.57916,107.411689758301,55.9612693786621,,Ecuador,Ecuador,
Egypt,Africa,EGY,National,EGYt,Total,2000,72.3,"Egypt, Arab Rep.",EGY,"Egypt, Arab Rep.",EGY,,,89.4921264648438,22.98104,16.94733,90.8942489624023,79.0835037231445,,"Egypt, Arab Rep.","Egypt, Arab Rep.",Upper-Middle
El Salvador,America,SLV,National,SLVt,Total,2000,,El Salvador,SLV,El Salvador,SLV,2.83868002891541,,86.0596694946289,,,107.429580688477,54.5617980957031,19.6949100494385,El Salvador,El Salvador,
Equatorial Guinea,Africa,GNQ,National,GNQt,Total,2000,29.9,Equatorial Guinea,GNQ,Equatorial Guinea,GNQ,,88.0,36.9221382141113,43.39267,23.15996,83.407600402832,22.06955909729,1.86067998409271,Equatorial Guinea,Equatorial Guinea,Low
Eritrea,Africa,ERI,National,ERIt,Total,2000,17.2,Eritrea,ERI,Eritrea,ERI,,,58.1596984863281,47.51019,54.06198,90.3724899291992,40.830509185791,1.86452996730804,Eritrea,Eritrea,Low
Eswatini,Africa,SWZ,National,SWZt,Total,2000,39.5,Eswatini,SWZ,Eswatini,SWZ,5.50848007202148,82.0,64.9678497314453,31.27536,17.27932,98.094367980957,43.5820083618164,4.29602003097534,Eswatini,Eswatini,Lower-Middle
Ethiopia,Africa,ETH,National,ETHt,Total,2000,5.91,Ethiopia,ETH,Ethiopia,ETH,3.88614988327026,,21.2590103149414,67.33913,,51.7464408874512,13.9824304580688,1.16600000858307,Ethiopia,Ethiopia,Low
Fiji,Asia/Pacific,FJI,National,FJIt,Total,2000,,Fiji,FJI,Fiji,FJI,5.87773990631104,,90.4809875488281,28.12209,20.21488,99.5651473999023,75.1499710083008,,Fiji,Fiji,
Gabon,Africa,GAB,National,GABt,Total,2000,44.5,Gabon,GAB,Gabon,GAB,3.82709002494812,,,,,,,,Gabon,Gabon,Lower-Middle
Gambia,Africa,GMB,National,GMBt,Total,2000,37.6,Gambia,GMB,"Gambia, The",GMB,1.46587002277374,37.0,59.9611587524414,37.44125,,74.595573425293,,,"Gambia, The",Gambia,Lower-Middle
Georgia,Asia/Pacific,GEO,National,GEOt,Total,2000,,Georgia,GEO,Georgia,GEO,2.18105006217957,,99.2928237915039,16.84272,7.46045,101.229949951172,84.796257019043,42.5138702392578,Georgia,Georgia,
Ghana,Africa,GHA,National,GHAt,Total,2000,28.9,Ghana,GHA,Ghana,GHA,,58.0,64.9445495605469,33.78522,19.1357,79.7014083862305,31.1098403930664,,Ghana,Ghana,Low
Guatemala,America,GTM,National,GTMt,Total,2000,42.9,Guatemala,GTM,Guatemala,GTM,,,54.3726081848145,32.56065,14.03186,99.0896911621094,30.7485008239746,,Guatemala,Guatemala,Lower-Middle
Guinea,Africa,GIN,National,GINt,Total,2000,,Guinea,GIN,Guinea,GIN,1.7786500453949,,32.083740234375,45.58806,,58.6079483032227,,,Guinea,Guinea,
Guinea Bissau,Africa,GNB,National,GNBt,Total,2000,,Guinea Bissau,GNB,Guinea-Bissau,GNB,,41.0,27.4886894226074,44.0649,15.01456,75.8384170532227,17.1616096496582,,Guinea-Bissau,Guinea Bissau,
Guyana,America,GUY,National,GUYt,Total,2000,,Guyana,GUY,Guyana,GUY,8.48414993286133,,98.2053070068359,26.22418,,97.9309387207031,,,Guyana,Guyana,
Honduras,America,HND,National,HNDt,Total,2000,,Honduras,HND,Honduras,HND,,,,34.05898,,102.796020507812,,12.5594596862793,Honduras,Honduras,
India,Asia/Pacific,IND,National,INDt,Total,2000,31.3,India,IND,India,IND,4.32479000091553,,71.4690093994141,39.99999,33.62315,93.9977722167969,45.4210510253906,9.65246963500977,India,India,Low
Indonesia,Asia/Pacific,IDN,National,IDNt,Total,2000,47.9,Indonesia,IDN,Indonesia,IDN,,,,22.11772,14.57182,110.784622192383,56.1876792907715,14.9254198074341,Indonesia,Indonesia,Lower-Middle
Iran,Asia/Pacific,IRN,National,IRNt,Total,2000,,"Iran, Islamic Rep.",IRN,"Iran, Islamic Rep.",IRN,4.03064012527466,,95.5446929931641,26.14868,,101.769493103027,79.6981964111328,19.4013805389404,"Iran, Islamic Rep.","Iran, Islamic Rep.",
Iraq,Asia/Pacific,IRQ,National,IRQt,Total,2000,,Iraq,IRQ,Iraq,IRQ,,74.0,54.4909400939941,21.39027,19.73519,90.0989379882812,36.8089714050293,12.054630279541,Iraq,Iraq,
Jamaica,America,JAM,National,JAMt,Total,2000,,Jamaica,JAM,Jamaica,JAM,4.98346996307373,,80.6840896606445,,18.45466,91.7972869873047,77.8638534545898,13.6748199462891,Jamaica,Jamaica,
Jordan,Asia/Pacific,JOR,National,JORt,Total,2000,87.0,Jordan,JOR,Jordan,JOR,,,88.0011978149414,,,89.9952697753906,81.6396636962891,29.6429290771484,Jordan,Jordan,High
Kazakhstan,Asia/Pacific,KAZ,National,KAZt,Total,2000,67.9,Kazakhstan,KAZ,Kazakhstan,KAZ,3.25661993026733,,93.8481292724609,,,98.0913772583008,91.1415710449219,32.0638694763184,Kazakhstan,Kazakhstan,Upper-Middle
Kenya,Africa,KEN,National,KENt,Total,2000,20.5,Kenya,KEN,Kenya,KEN,5.1867299079895,82.0,,34.43698,,94.130012512207,40.3647918701172,2.76514005661011,Kenya,Kenya,Low
Kiribati,Asia/Pacific,KIR,National,KIRt,Total,2000,,Kiribati,KIR,Kiribati,KIR,10.0586099624634,,95.1764221191406,31.66522,,103.525230407715,61.0354690551758,,Kiribati,Kiribati,
Kuwait,Asia/Pacific,KWT,National,KWTt,Total,2000,,Kuwait,KWT,Kuwait,KWT,,,94.2172775268555,13.77575,10.78929,97.1785507202148,86.8855514526367,,Kuwait,Kuwait,
Kyrgyzstan,Asia/Pacific,KGZ,National,KGZt,Total,2000,59.2,Kyrgyzstan,KGZ,Kyrgyz Republic,KGZ,3.50838994979858,,89.3612213134766,24.14416,13.33059,92.1776962280273,81.4138031005859,35.3204383850098,Kyrgyzstan,Kyrgyzstan,Upper-Middle
Lao,Asia/Pacific,LAO,National,LAOt,Total,2000,,Lao,LAO,Lao PDR,LAO,1.50369000434875,70.0,67.0233306884766,30.13631,21.33414,106.731010437012,33.6032104492188,2.65777993202209,Lao PDR,Lao,
Lebanon,Asia/Pacific,LBN,National,LBNt,Total,2000,,Lebanon,LBN,Lebanon,LBN,,,,14.23481,,,,28.1529998779297,Lebanon,Lebanon,
Lesotho,Africa,LSO,National,LSOt,Total,2000,,Lesotho,LSO,Lesotho,LSO,10.0915498733521,86.0,57.8938407897949,47.88354,22.06443,112.376472473145,29.6085395812988,2.06393003463745,Lesotho,Lesotho,
Liberia,Africa,LBR,National,LBRt,Total,2000,,Liberia,LBR,Liberia,LBR,,,,38.27341,,113.00203704834,35.034351348877,18.0450897216797,Liberia,Liberia,
Libya,Africa,LBY,National,LBYt,Total,2000,,Libya,LBY,Libya,LBY,,,,,,,,53.0212211608887,Libya,Libya,
Madagascar,Africa,MDG,National,MDGt,Total,2000,17.3,Madagascar,MDG,Madagascar,MDG,2.4386899471283,71.0,35.0763206481934,47.95381,,96.4993515014648,,2.09302997589111,Madagascar,Madagascar,Low
Malawi,Africa,MWI,National,MWIt,Total,2000,12.9,Malawi,MWI,Malawi,MWI,3.60612988471985,,67.0260925292969,,,145.640502929688,31.1816005706787,0.317640006542206,Malawi,Malawi,Low
Malaysia,Asia/Pacific,MYS,National,MYSt,Total,2000,78.4,Malaysia,MYS,Malaysia,MYS,5.9716100692749,,106.091003417969,19.55776,18.37824,101.561088562012,81.2021484375,27.0150604248047,Malaysia,Malaysia,High
Maldives,Asia/Pacific,MDV,National,MDVt,Total,2000,,Maldives,MDV,Maldives,MDV,5.73720693588257,96.0,,22.65003,15.27481,127.288780212402,51.5363006591797,,Maldives,Maldives,
Mali,Africa,MLI,National,MLIt,Total,2000,16.1,Mali,MLI,Mali,MLI,2.97156000137329,,28.6628398895264,65.30321,28.97326,54.5383415222168,16.063570022583,1.83404004573822,Mali,Mali,Low
Mauritania,Africa,MRT,National,MRTt,Total,2000,17.2,Mauritania,MRT,Mauritania,MRT,,51.0,,44.98951,26.32665,79.7832183837891,17.5795001983643,,Mauritania,Mauritania,Low
Mauritius,Africa,MUS,National,MUSt,Total,2000,,Mauritius,MUS,Mauritius,MUS,3.71903991699219,84.0,100.875457763672,26.11761,19.39514,103.173713684082,74.4723510742188,10.5214796066284,Mauritius,Mauritius,
Mexico,America,MEX,National,MEXt,Total,2000,68.6,Mexico,MEX,Mexico,MEX,3.80870008468628,91.0,96.747428894043,27.15793,16.92285,109.118301391602,71.1195831298828,20.5259704589844,Mexico,Mexico,Upper-Middle
Moldova,Europe,MDA,National,MDAt,Total,2000,,Moldova,MDA,Moldova,MDA,4.48639011383057,97.0,,20.8769,13.24936,,,,Moldova,Moldova,
Mongolia,Asia/Pacific,MNG,National,MNGt,Total,2000,,Mongolia,MNG,Mongolia,MNG,5.55037021636963,98.0,86.7894287109375,32.58434,19.91429,97.242431640625,63.0990791320801,29.1881694793701,Mongolia,Mongolia,
Montenegro,Europe,MNE,National,MNEt,Total,2000,,Montenegro,MNE,Montenegro,MNE,,,,,,,,18.111270904541,Montenegro,Montenegro,
Morocco,Africa,MAR,National,MARt,Total,2000,60.4,Morocco,MAR,Morocco,MAR,,,58.6998596191406,28.76272,16.97265,92.9253921508789,39.1113700866699,10.0391302108765,Morocco,Morocco,Upper-Middle
Mozambique,Africa,MOZ,National,MOZt,Total,2000,14.7,Mozambique,MOZ,Mozambique,MOZ,,,16.5642509460449,63.98903,,76.6053924560547,6.34010982513428,0.646009981632233,Mozambique,Mozambique,Low
Myanmar,Asia/Pacific,MMR,National,MMRt,Total,2000,46.8,Myanmar,MMR,Myanmar,MMR,,90.0,79.3667526245117,32.76778,31.87973,100.538436889648,39.0274391174316,,Myanmar,Myanmar,Lower-Middle
Namibia,Africa,NAM,National,NAMt,Total,2000,35.7,Namibia,NAM,Namibia,NAM,6.901780128479,,95.3438873291016,31.59195,24.05035,113.995590209961,63.8405303955078,,Namibia,Namibia,Lower-Middle
Nepal,Asia/Pacific,NPL,National,NPLt,Total,2000,,Nepal,NPL,Nepal,NPL,2.9751501083374,,64.0951614379883,38.03822,30.21542,114.627738952637,34.1563682556152,4.0991997718811,Nepal,Nepal,
Nicaragua,America,NIC,National,NICt,Total,2000,43.2,Nicaragua,NIC,Nicaragua,NIC,3.00160002708435,,64.5352935791016,35.66299,31.99942,101.066307067871,52.7258491516113,,Nicaragua,Nicaragua,Lower-Middle
Niger,Africa,NER,National,NERt,Total,2000,11.5,Niger,NER,Niger,NER,2.5650200843811,,17.9084396362305,40.66854,23.40357,31.8469200134277,6.17179012298584,,Niger,Niger,Low
Nigeria,Africa,NGA,National,NGAt,Total,2000,31.7,Nigeria,NGA,Nigeria,NGA,,,83.9067611694336,42.9015,30.88668,99.2021102905273,24.7493305206299,,Nigeria,Nigeria,Low
North Macedonia,Europe,MKD,National,MKDt,Total,2000,,North Macedonia,MKD,North Macedonia,MKD,,,101.404907226562,21.517,16.04576,101.575706481934,83.5768890380859,22.4084796905518,North Macedonia,North Macedonia,
Pakistan,Asia/Pacific,PAK,National,PAKt,Total,2000,43.8,Pakistan,PAK,Pakistan,PAK,1.83782005310059,,,32.99996,,63.4712295532227,,,Pakistan,Pakistan,Lower-Middle
Palestine,Asia/Pacific,PSE,National,PSEt,Total,2000,,Palestine,PSE,West Bank and Gaza,PSE,,,93.8019027709961,36.05452,28.36639,97.4749984741211,76.1698913574219,23.6945209503174,West Bank and Gaza,Palestine,
Panama,America,PAN,National,PANt,Total,2000,,Panama,PAN,Panama,PAN,4.75968980789185,92.0,91.3267822265625,24.73639,16.25611,105.045707702637,64.3859405517578,42.5754699707031,Panama,Panama,
Papua New Guinea,Asia/Pacific,PNG,National,PNGt,Total,2000,,Papua New Guinea,PNG,Papua New Guinea,PNG,,57.0,51.9263610839844,35.43594,,68.0202713012695,,,Papua New Guinea,Papua New Guinea,
Paraguay,America,PRY,National,PRYt,Total,2000,66.1,Paraguay,PRY,Paraguay,PRY,4.2302098274231,,94.0069198608398,,11.88346,121.660522460938,64.6615600585938,17.2084293365479,Paraguay,Paraguay,Upper-Middle
Peru,America,PER,National,PERt,Total,2000,47.9,Peru,PER,Peru,PER,3.22802996635437,,96.9767684936523,28.74385,20.35754,116.775123596191,80.6369094848633,33.3326187133789,Peru,Peru,Lower-Middle
Philippines,Asia/Pacific,PHL,National,PHLt,Total,2000,55.2,Philippines,PHL,Philippines,PHL,3.16440010070801,93.0,,35.31923,,110.60082244873,,,Philippines,Philippines,Lower-Middle
Rwanda,Africa,RWA,National,RWAt,Total,2000,7.26,Rwanda,RWA,Rwanda,RWA,3.43418002128601,65.0,21.1688098907471,54.02683,23.32554,97.3999099731445,9.51360034942627,1.16361999511719,Rwanda,Rwanda,Low
Saint Lucia,America,LCA,National,LCAt,Total,2000,,Saint Lucia,LCA,St. Lucia,LCA,,,,23.23281,17.77305,104.808959960938,71.2822799682617,,St. Lucia,Saint Lucia,
Samoa,Asia/Pacific,WSM,National,WSMt,Total,2000,,Samoa,WSM,Samoa,WSM,3.63095998764038,,93.7347793579102,24.01542,21.17285,92.3304977416992,77.4985733032227,6.8549599647522,Samoa,Samoa,
Saudi Arabia,Asia/Pacific,SAU,National,SAUt,Total,2000,,Saudi Arabia,SAU,Saudi Arabia,SAU,5.90982007980347,79.0,,,,,,17.9748592376709,Saudi Arabia,Saudi Arabia,
Senegal,Africa,SEN,National,SENt,Total,2000,34.3,Senegal,SEN,Senegal,SEN,2.46335005760193,,38.9300384521484,50.91758,27.34762,69.85498046875,15.6458702087402,,Senegal,Senegal,Low
Serbia,Europe,SRB,National,SRBt,Total,2000,,Serbia,SRB,Serbia,SRB,,,,,,104.049652099609,91.9245223999023,,Serbia,Serbia,
Sierra Leone,Africa,SLE,National,SLEt,Total,2000,,Sierra Leone,SLE,Sierra Leone,SLE,4.94936990737915,,,,,61.1376800537109,,1.61407005786896,Sierra Leone,Sierra Leone,
South Africa,Africa,ZAF,National,ZAFt,Total,2000,57.5,South Africa,ZAF,South Africa,ZAF,4.90881013870239,,73.198860168457,34.90296,28.05968,89.8279724121094,78.1558532714844,,South Africa,South Africa,Upper-Middle
Sudan,Africa,SDN,National,SDNt,Total,2000,24.2,Sudan,SDN,Sudan,SDN,1.01217997074127,61.0,,,,,,6.41495990753174,Sudan,Sudan,Low
Syria,Asia/Pacific,SYR,National,SYRt,Total,2000,,Syria,SYR,Syrian Arab Republic,SYR,,,91.3648071289062,24.77985,17.64617,107.368507385254,44.2224617004395,,Syrian Arab Republic,Syria,
Tajikistan,Asia/Pacific,TJK,National,TJKt,Total,2000,51.1,Tajikistan,TJK,Tajikistan,TJK,2.32871007919312,99.0,92.5488662719727,21.84551,16.40669,96.6187896728516,71.8780975341797,17.3820896148682,Tajikistan,Tajikistan,Lower-Middle
Tanzania,Africa,TZA,National,TZAt,Total,2000,19.2,Tanzania,TZA,Tanzania,TZA,,,50.2531089782715,,,68.9705276489258,,0.645619988441467,Tanzania,Tanzania,Low
Thailand,Asia/Pacific,THA,National,THAt,Total,2000,,Thailand,THA,Thailand,THA,5.25345993041992,93.0,85.6936569213867,20.79357,,96.5518493652344,,35.3038711547852,Thailand,Thailand,
Togo,Africa,TGO,National,TGOt,Total,2000,25.9,Togo,TGO,Togo,TGO,2.77644991874695,53.0,66.5675735473633,37.45983,31.53444,113.504371643066,32.4820518493652,,Togo,Togo,Low
Tonga,Asia/Pacific,TON,National,TONt,Total,2000,,Tonga,TON,Tonga,TON,4.87807989120483,,,22.14456,14.62638,111.179916381836,100.165519714355,5.37392997741699,Tonga,Tonga,
Trinidad & Tobago,America,TTO,National,TTOt,Total,2000,,Trinidad & Tobago,TTO,Trinidad and Tobago,TTO,2.75565004348755,97.9000015258789,91.4473419189453,20.75006,,102.771560668945,,5.55650997161865,Trinidad and Tobago,Trinidad & Tobago,
Tunisia,Africa,TUN,National,TUNt,Total,2000,,Tunisia,TUN,Tunisia,TUN,6.20196008682251,,85.7344818115234,23.21045,18.9929,112.370849609375,70.8607177734375,17.8167400360107,Tunisia,Tunisia,
Turkey,Asia/Pacific,TUR,National,TURt,Total,2000,73.8,Turkiye,TUR,Turkiye,TUR,,,,,,105.348022460938,74.5879898071289,,Turkiye,Turkiye,Upper-Middle
Turks & Caicos Islands,America,TCA,National,TCAt,Total,2000,,Turks & Caicos Islands,TCA,Turks and Caicos Islands,TCA,4.71883010864258,,98.0519485473633,,8.37692,101.867736816406,79.8387069702148,,Turks and Caicos Islands,Turks & Caicos Islands,
Tuvalu,Asia/Pacific,TUV,National,TUVt,Total,2000,,Tuvalu,TUV,Tuvalu,TUV,,,,19.7013,,107.284301757812,,,Tuvalu,Tuvalu,
Uganda,Africa,UGA,National,UGAt,Total,2000,10.5,Uganda,UGA,Uganda,UGA,2.461669921875,,,59.42965,,128.961120605469,,2.61258006095886,Uganda,Uganda,Low
Ukraine,Europe,UKR,National,UKRt,Total,2000,,Ukraine,UKR,Ukraine,UKR,4.02293014526367,,95.3107223510742,19.88406,13.36584,112.915328979492,97.8325805664062,50.5071182250977,Ukraine,Ukraine,
Uruguay,America,URY,National,URYt,Total,2000,,Uruguay,URY,Uruguay,URY,2.42254996299744,,97.1801528930664,20.75667,14.62523,110.200187683105,96.8511276245117,33.8414497375488,Uruguay,Uruguay,
Uzbekistan,Asia/Pacific,UZB,National,UZBt,Total,2000,61.9,Uzbekistan,UZB,Uzbekistan,UZB,,99.0,99.0455703735352,21.44349,11.50156,99.1522369384766,85.3468933105469,13.0081100463867,Uzbekistan,Uzbekistan,Upper-Middle
Vanuatu,Asia/Pacific,VUT,National,VUTt,Total,2000,,Vanuatu,VUT,Vanuatu,VUT,7.0036301612854,,83.8665618896484,22.54994,24.69504,108.868408203125,34.1127281188965,3.88809990882874,Vanuatu,Vanuatu,
Venezuela,America,VEN,National,VENt,Total,2000,72.4,Venezuela,VEN,"Venezuela, RB",VEN,,,83.3255310058594,,,100.551040649414,59.6101112365723,27.9836292266846,"Venezuela, RB",Venezuela,Upper-Middle
Vietnam,Asia/Pacific,VNM,National,VNMt,Total,2000,43.2,Viet Nam,VNM,Viet Nam,VNM,,90.0,101.050872802734,29.52151,,112.737327575684,,9.13525009155273,Viet Nam,Viet Nam,Lower-Middle
Yemen,Asia/Pacific,YEM,National,YEMt,Total,2000,40.0,Yemen,YEM,"Yemen, Rep.",YEM,9.66162967681885,,,,,,,,Yemen,Yemen,Lower-Middle
Zambia,Africa,ZMB,National,ZMBt,Total,2000,19.2,Zambia,ZMB,Zambia,ZMB,1.78819000720978,,60.5450210571289,49.87587,,80.6693267822266,,,Zambia,Zambia,Low
Zimbabwe,Africa,ZWE,National,ZWEt,Total,2000,32.7,Zimbabwe,ZWE,Zimbabwe,ZWE,,,,37.03596,24.71045,111.361442565918,41.6025581359863,,Zimbabwe,Zimbabwe,Low
Afghanistan,Asia/Pacific,AFG,National,AFGt,Total,2001,,Afghanistan,AFG,Afghanistan,AFG,,,,,,22.9085903167725,14.4715099334717,,Afghanistan,Afghanistan,
Albania,Europe,ALB,National,ALBt,Total,2001,,Albania,ALB,Albania,ALB,3.45869994163513,99.0,,21.75244,16.96302,,,,Albania,Albania,
Algeria,Africa,DZA,National,DZAt,Total,2001,69.6,Algeria,DZA,Algeria,DZA,,,89.4445037841797,27.84252,,108.815559387207,69.075569152832,15.4430103302002,Algeria,Algeria,Upper-Middle
Angola,Africa,AGO,National,AGOt,Total,2001,23.5,Angola,AGO,Angola,AGO,,67.0,,,18.96118,,14.4628095626831,,Angola,Angola,Low
Armenia,Asia/Pacific,ARM,National,ARMt,Total,2001,72.4,Armenia,ARM,Armenia,ARM,2.46943998336792,99.0,,20.3441,,93.4416732788086,85.9923095703125,33.6579399108887,Armenia,Armenia,Upper-Middle
Azerbaijan,Europe,AZE,National,AZEt,Total,2001,,Azerbaijan,AZE,Azerbaijan,AZE,3.50342011451721,,95.1685791015625,17.12015,,98.8610000610352,,,Azerbaijan,Azerbaijan,
Bangladesh,Asia/Pacific,BGD,National,BGDt,Total,2001,19.3,Bangladesh,BGD,Bangladesh,BGD,2.17193007469177,47.0,,,37.49703,,50.3141403198242,6.42439985275269,Bangladesh,Bangladesh,Low
Barbados,America,BRB,National,BRBt,Total,2001,,Barbados,BRB,Barbados,BRB,6.05536985397339,,103.379669189453,17.03586,17.24463,102.635261535645,106.895492553711,40.8927803039551,Barbados,Barbados,
Belarus,Europe,BLR,National,BLRt,Total,2001,,Belarus,BLR,Belarus,BLR,,,108.601829528809,17.43863,,116.304542541504,,54.3443717956543,Belarus,Belarus,
Belize,America,BLZ,National,BLZt,Total,2001,,Belize,BLZ,Belize,BLZ,4.25065994262695,80.9000015258789,100.705017089844,22.81694,22.88462,117.525131225586,69.4539337158203,15.0931301116943,Belize,Belize,
Benin,Africa,BEN,National,BENt,Total,2001,24.1,Benin,BEN,Benin,BEN,2.36509990692139,,40.3337211608887,53.52288,21.59872,87.4075012207031,22.6525707244873,4.36625003814697,Benin,Benin,Low
Bhutan,Asia/Pacific,BTN,National,BTNt,Total,2001,,Bhutan,BTN,Bhutan,BTN,5.44985008239746,,54.2779006958008,39.48254,,82.1533966064453,34.7675018310547,,Bhutan,Bhutan,
Bolivia,America,BOL,National,BOLt,Total,2001,48.9,Bolivia,BOL,Bolivia,BOL,,87.0,,,,118.06078338623,75.7862701416016,,Bolivia,Bolivia,Lower-Middle
Bosnia and Herzegovina,Europe,BIH,National,BIHt,Total,2001,,Bosnia and Herzegovina,BIH,Bosnia and Herzegovina,BIH,,,,,,,,17.2063007354736,Bosnia and Herzegovina,Bosnia and Herzegovina,
Botswana,Africa,BWA,National,BWAt,Total,2001,42.9,Botswana,BWA,Botswana,BWA,,,90.7007675170898,26.63306,15.72677,104.544471740723,73.7836303710938,7.30689001083374,Botswana,Botswana,Lower-Middle
Brazil,America,BRA,National,BRAt,Total,2001,72.5,Brazil,BRA,Brazil,BRA,3.84468007087708,,,22.97087,,,,,Brazil,Brazil,Upper-Middle
Burkina Faso,Africa,BFA,National,BFAt,Total,2001,18.6,Burkina Faso,BFA,Burkina Faso,BFA,,,25.2926807403564,47.4189,,44.6176795959473,10.1021995544434,1.122230052948,Burkina Faso,Burkina Faso,Low
Burundi,Africa,BDI,National,BDIt,Total,2001,,Burundi,BDI,Burundi,BDI,2.90390992164612,,25.9317607879639,50.19719,,63.5211181640625,9.63891983032227,1.06465995311737,Burundi,Burundi,
Cambodia,Asia/Pacific,KHM,National,KHMt,Total,2001,26.4,Cambodia,KHM,Cambodia,KHM,1.72221994400024,,53.8356513977051,52.94991,19.56403,119.976997375488,20.9672603607178,2.29325008392334,Cambodia,Cambodia,Low
Cameroon,Africa,CMR,National,CMRt,Total,2001,24.8,Cameroon,CMR,Cameroon,CMR,2.29733991622925,,,62.72134,19.57891,102.059867858887,32.9529800415039,4.69813013076782,Cameroon,Cameroon,Low
Cape Verde,Africa,CPV,National,CPVt,Total,2001,,Cape Verde,CPV,Cabo Verde,CPV,,,96.5659866333008,28.20162,23.72641,115.657981872559,61.8561782836914,1.38704001903534,Cabo Verde,Cape Verde,
Central African Republic CAR,Africa,CAF,National,CAFt,Total,2001,14.8,Central African Republic CAR,CAF,Central African Republic,CAF,,,,,,69.9111480712891,11.0858497619629,,Central African Republic,Central African Republic CAR,Low
Chad,Africa,TCD,National,TCDt,Total,2001,9.01,Chad,TCD,Chad,TCD,2.42614006996155,,24.508659362793,71.22252,36.29178,65.8777389526367,13.024640083313,0.842410027980804,Chad,Chad,Low
China,Asia/Pacific,CHN,National,CHNt,Total,2001,62.2,China,CHN,China,CHN,,,,22.20572,18.9229,115.909858703613,62.1108283996582,9.22885990142822,China,China,Upper-Middle
Colombia,America,COL,National,COLt,Total,2001,67.5,Colombia,COL,Colombia,COL,3.70867991447449,,96.9997787475586,26.01713,,121.088790893555,,26.3812599182129,Colombia,Colombia,Upper-Middle
Congo Brazzaville,Africa,COG,National,COGt,Total,2001,,Congo Brazzaville,COG,"Congo, Rep.",COG,,,53.757568359375,59.49181,,97.0235595703125,,4.21126985549927,"Congo, Rep.",Congo Brazzaville,
Congo Democratic Republic,Africa,COD,National,CODt,Total,2001,,Congo Democratic Republic,COD,"Congo, Dem. Rep.",COD,,67.0,,,,,,,"Congo, Dem. Rep.",Congo Democratic Republic,
Costa Rica,America,CRI,National,CRIt,Total,2001,,Costa Rica,CRI,Costa Rica,CRI,4.83202981948853,,89.8168334960938,24.31442,19.57279,110.120132446289,65.9425735473633,,Costa Rica,Costa Rica,
Cote d'Ivoire,Africa,CIV,National,CIVt,Total,2001,34.4,Cote d'Ivoire,CIV,Cote d'Ivoire,CIV,2.44477009773254,,47.0666313171387,46.07557,,71.6749496459961,,,Cote d'Ivoire,Cote d'Ivoire,Low
Cuba,America,CUB,National,CUBt,Total,2001,,Cuba,CUB,Cuba,CUB,8.3580904006958,,96.3328628540039,10.73922,11.36325,103.602836608887,84.5602874755859,26.1085300445557,Cuba,Cuba,
Djibouti,Africa,DJI,National,DJIt,Total,2001,,Djibouti,DJI,Djibouti,DJI,7.80542993545532,,,,,,,0.657620012760162,Djibouti,Djibouti,
Dominican Republic,America,DOM,National,DOMt,Total,2001,64.3,Dominican Republic,DOM,Dominican Republic,DOM,1.96782994270325,,,,,,,,Dominican Republic,Dominican Republic,Upper-Middle
Ecuador,America,ECU,National,ECUt,Total,2001,,Ecuador,ECU,Ecuador,ECU,,91.0,94.1531600952148,23.06638,13.57838,108.008460998535,56.2870216369629,,Ecuador,Ecuador,
Egypt,Africa,EGY,National,EGYt,Total,2001,74.0,"Egypt, Arab Rep.",EGY,"Egypt, Arab Rep.",EGY,,,87.4627914428711,22.26153,16.96453,89.9948425292969,80.7900314331055,28.1952991485596,"Egypt, Arab Rep.","Egypt, Arab Rep.",Upper-Middle
El Salvador,America,SLV,National,SLVt,Total,2001,,El Salvador,SLV,El Salvador,SLV,,,85.4702377319336,,,109.073371887207,56.9338912963867,18.8956108093262,El Salvador,El Salvador,
Equatorial Guinea,Africa,GNQ,National,GNQt,Total,2001,29.9,Equatorial Guinea,GNQ,Equatorial Guinea,GNQ,,,,43.35746,,84.3494110107422,19.1535701751709,,Equatorial Guinea,Equatorial Guinea,Low
Eritrea,Africa,ERI,National,ERIt,Total,2001,18.2,Eritrea,ERI,Eritrea,ERI,4.04716014862061,,58.9435195922852,44.79469,52.44428,89.4769287109375,41.8557090759277,2.45797991752625,Eritrea,Eritrea,Low
Eswatini,Africa,SWZ,National,SWZt,Total,2001,39.9,Eswatini,SWZ,Eswatini,SWZ,4.83824014663696,,61.9910087585449,32.87289,,97.114013671875,43.5896492004395,,Eswatini,Eswatini,Lower-Middle
Ethiopia,Africa,ETH,National,ETHt,Total,2001,7.03,Ethiopia,ETH,Ethiopia,ETH,3.7002899646759,,26.3691902160645,,,57.1310386657715,16.7692108154297,1.46114003658295,Ethiopia,Ethiopia,Low
Fiji,Asia/Pacific,FJI,National,FJIt,Total,2001,,Fiji,FJI,Fiji,FJI,5.6431097984314,,92.1080703735352,27.95442,19.14833,100.623931884766,74.3360900878906,,Fiji,Fiji,
Gabon,Africa,GAB,National,GABt,Total,2001,46.2,Gabon,GAB,Gabon,GAB,,,,49.21541,,129.432220458984,48.6962699890137,7.46347999572754,Gabon,Gabon,Lower-Middle
Gambia,Africa,GMB,National,GMBt,Total,2001,38.7,Gambia,GMB,"Gambia, The",GMB,1.15810000896454,,60.7965393066406,38.68007,,75.395149230957,,,"Gambia, The",Gambia,Lower-Middle
Georgia,Asia/Pacific,GEO,National,GEOt,Total,2001,,Georgia,GEO,Georgia,GEO,2.13750004768372,,103.905288696289,15.62819,7.60845,102.695236206055,86.7021484375,44.2219085693359,Georgia,Georgia,
Ghana,Africa,GHA,National,GHAt,Total,2001,29.8,Ghana,GHA,Ghana,GHA,5.35444021224976,,62.2718696594238,32.5811,18.56743,75.6178588867188,29.8333206176758,,Ghana,Ghana,Low
Guatemala,America,GTM,National,GTMt,Total,2001,45.4,Guatemala,GTM,Guatemala,GTM,,,56.335578918457,30.00455,13.6879,100.070648193359,32.694221496582,,Guatemala,Guatemala,Lower-Middle
Guinea,Africa,GIN,National,GINt,Total,2001,,Guinea,GIN,Guinea,GIN,1.42785000801086,,33.8385696411133,44.35788,,61.3271903991699,18.6454391479492,,Guinea,Guinea,
Guinea Bissau,Africa,GNB,National,GNBt,Total,2001,,Guinea Bissau,GNB,Guinea-Bissau,GNB,,,,,,90.8311309814453,,,Guinea-Bissau,Guinea Bissau,
Guyana,America,GUY,National,GUYt,Total,2001,,Guyana,GUY,Guyana,GUY,8.39729976654053,,84.2903137207031,26.00952,,96.8085403442383,94.5485076904297,,Guyana,Guyana,
Honduras,America,HND,National,HNDt,Total,2001,,Honduras,HND,Honduras,HND,,80.0,,,,,,,Honduras,Honduras,
India,Asia/Pacific,IND,National,INDt,Total,2001,32.4,India,IND,India,IND,,61.0,76.3768005371094,40.14999,33.44458,98.9954681396484,48.0781288146973,10.3922300338745,India,India,Low
Indonesia,Asia/Pacific,IDN,National,IDNt,Total,2001,49.0,Indonesia,IDN,Indonesia,IDN,2.46003007888794,,95.3834915161133,22.24524,14.25666,111.364921569824,56.8619689941406,14.2340402603149,Indonesia,Indonesia,Lower-Middle
Iran,Asia/Pacific,IRN,National,IRNt,Total,2001,,"Iran, Islamic Rep.",IRN,"Iran, Islamic Rep.",IRN,4.07168006896973,,97.6490173339844,25.32444,,103.052101135254,79.3983612060547,20.267749786377,"Iran, Islamic Rep.","Iran, Islamic Rep.",
Iraq,Asia/Pacific,IRQ,National,IRQt,Total,2001,,Iraq,IRQ,Iraq,IRQ,,,,,,,36.6971702575684,,Iraq,Iraq,
Jamaica,America,JAM,National,JAMt,Total,2001,,Jamaica,JAM,Jamaica,JAM,5.38103008270264,,76.3917465209961,,,92.0556488037109,77.1960906982422,15.8334903717041,Jamaica,Jamaica,
Kazakhstan,Asia/Pacific,KAZ,National,KAZt,Total,2001,69.0,Kazakhstan,KAZ,Kazakhstan,KAZ,3.27934145927429,,95.6444702148438,18.7209,,99.931396484375,,,Kazakhstan,Kazakhstan,Upper-Middle
Kenya,Africa,KEN,National,KENt,Total,2001,20.6,Kenya,KEN,Kenya,KEN,5.20621013641357,,,34.43703,29.36473,95.1353302001953,41.158561706543,2.83207011222839,Kenya,Kenya,Low
Kiribati,Asia/Pacific,KIR,National,KIRt,Total,2001,,Kiribati,KIR,Kiribati,KIR,11.6075401306152,,111.961303710938,23.63404,20.95323,110.482963562012,74.779426574707,,Kiribati,Kiribati,
Kuwait,Asia/Pacific,KWT,National,KWTt,Total,2001,,Kuwait,KWT,Kuwait,KWT,6.5858302116394,,86.7174072265625,13.4826,10.45674,99.1064834594727,88.376350402832,18.3076305389404,Kuwait,Kuwait,
Kyrgyzstan,Asia/Pacific,KGZ,National,KGZt,Total,2001,60.2,Kyrgyzstan,KGZ,Kyrgyz Republic,KGZ,3.85418009757996,,88.9726867675781,24.41889,13.65916,92.3838577270508,81.760627746582,40.6197814941406,Kyrgyzstan,Kyrgyzstan,Upper-Middle
Lao,Asia/Pacific,LAO,National,LAOt,Total,2001,,Lao,LAO,Lao PDR,LAO,1.9902800321579,69.0,67.0535430908203,29.9336,22.73286,105.038230895996,35.6250381469727,3.0681300163269,Lao PDR,Lao,
Lebanon,Asia/Pacific,LBN,National,LBNt,Total,2001,,Lebanon,LBN,Lebanon,LBN,2.84148001670837,,,17.34958,7.53579,,,31.8894596099854,Lebanon,Lebanon,
Lesotho,Africa,LSO,National,LSOt,Total,2001,19.6,Lesotho,LSO,Lesotho,LSO,9.36505031585693,,60.2340812683105,47.36441,22.9424,115.39672088623,31.3147201538086,2.26988005638123,Lesotho,Lesotho,Low
Libya,Africa,LBY,National,LBYt,Total,2001,,Libya,LBY,Libya,LBY,,,,,,108.625068664551,,56.8616981506348,Libya,Libya,
Madagascar,Africa,MDG,National,MDGt,Total,2001,17.8,Madagascar,MDG,Madagascar,MDG,2.707200050354,,34.3460502624512,46.69824,,97.1545028686523,,1.96777999401093,Madagascar,Madagascar,Low
Malawi,Africa,MWI,National,MWIt,Total,2001,13.2,Malawi,MWI,Malawi,MWI,3.09834003448486,,68.863639831543,,,150.410186767578,32.6521911621094,0.35249999165535,Malawi,Malawi,Low
Malaysia,Asia/Pacific,MYS,National,MYSt,Total,2001,79.3,Malaysia,MYS,Malaysia,MYS,7.48446989059448,,,19.66518,17.89326,98.2948989868164,79.5563201904297,26.4246406555176,Malaysia,Malaysia,High
Maldives,Asia/Pacific,MDV,National,MDVt,Total,2001,,Maldives,MDV,Maldives,MDV,5.24949979782104,,,22.52108,13.06104,124.851081848145,61.1384391784668,,Maldives,Maldives,
Mali,Africa,MLI,National,MLIt,Total,2001,15.5,Mali,MLI,Mali,MLI,2.65844988822937,,32.5493698120117,63.37756,,59.2086791992188,,1.95004999637604,Mali,Mali,Low
Mauritania,Africa,MRT,National,MRTt,Total,2001,19.2,Mauritania,MRT,Mauritania,MRT,2.10683989524841,,43.963809967041,41.76436,26.33391,78.2036895751953,20.029109954834,3.3758499622345,Mauritania,Mauritania,Low
Mauritius,Africa,MUS,National,MUSt,Total,2001,,Mauritius,MUS,Mauritius,MUS,3.07347989082336,,101.189918518066,24.9275,19.23417,102.975166320801,80.2969284057617,16.4485702514648,Mauritius,Mauritius,
Mexico,America,MEX,National,MEXt,Total,2001,69.4,Mexico,MEX,Mexico,MEX,4.0313401222229,,97.5215225219727,26.98308,16.8772,109.028007507324,72.8832092285156,21.3776397705078,Mexico,Mexico,Upper-Middle
Moldova,Europe,MDA,National,MDAt,Total,2001,,Moldova,MDA,Moldova,MDA,4.84684991836548,,,20.21471,13.53472,,,,Moldova,Moldova,
Mongolia,Asia/Pacific,MNG,National,MNGt,Total,2001,,Mongolia,MNG,Mongolia,MNG,4.93606424331665,,91.1155624389648,32.29349,21.68472,99.8385391235352,70.1913909912109,33.1405296325684,Mongolia,Mongolia,
Montenegro,Europe,MNE,National,MNEt,Total,2001,,Montenegro,MNE,Montenegro,MNE,,,,,,,,18.9315395355225,Montenegro,Montenegro,
Morocco,Africa,MAR,National,MARt,Total,2001,61.8,Morocco,MAR,Morocco,MAR,,,60.3503608703613,28.13457,,97.7017211914062,40.8782997131348,10.3949604034424,Morocco,Morocco,Upper-Middle
Mozambique,Africa,MOZ,National,MOZt,Total,2001,14.9,Mozambique,MOZ,Mozambique,MOZ,,,19.3441104888916,65.94088,,82.9866104125977,7.08115005493164,0.642130017280579,Mozambique,Mozambique,Low
Myanmar,Asia/Pacific,MMR,National,MMRt,Total,2001,46.9,Myanmar,MMR,Myanmar,MMR,,,77.6823501586914,32.25738,30.81717,99.2190628051758,39.9020195007324,11.6127595901489,Myanmar,Myanmar,Lower-Middle
Namibia,Africa,NAM,National,NAMt,Total,2001,37.5,Namibia,NAM,Namibia,NAM,6.88886976242065,85.0,96.5315170288086,31.59703,25.24944,112.288917541504,67.6306381225586,7.41925001144409,Namibia,Namibia,Lower-Middle
Nepal,Asia/Pacific,NPL,National,NPLt,Total,2001,,Nepal,NPL,Nepal,NPL,3.70837998390198,49.0,63.6132698059082,37.01662,33.09243,107.468276977539,37.1155281066895,4.38430976867676,Nepal,Nepal,
Nicaragua,America,NIC,National,NICt,Total,2001,44.7,Nicaragua,NIC,Nicaragua,NIC,,77.0,65.1519165039062,36.71573,33.30734,104.149940490723,55.628791809082,,Nicaragua,Nicaragua,Lower-Middle
Niger,Africa,NER,National,NERt,Total,2001,11.7,Niger,NER,Niger,NER,2.27981996536255,14.0,19.1660099029541,41.90637,23.54173,34.7514686584473,6.11352014541626,,Niger,Niger,Low
Nigeria,Africa,NGA,National,NGAt,Total,2001,32.5,Nigeria,NGA,Nigeria,NGA,,,,39.00579,32.71757,95.9370880126953,27.319450378418,,Nigeria,Nigeria,Low
North Macedonia,Europe,MKD,National,MKDt,Total,2001,,North Macedonia,MKD,North Macedonia,MKD,,,100.230880737305,21.58509,16.36438,101.231201171875,84.2949676513672,24.3628692626953,North Macedonia,North Macedonia,
Pakistan,Asia/Pacific,PAK,National,PAKt,Total,2001,45.0,Pakistan,PAK,Pakistan,PAK,,,,34.7419,,63.471809387207,,,Pakistan,Pakistan,Lower-Middle
Palestine,Asia/Pacific,PSE,National,PSEt,Total,2001,,Palestine,PSE,West Bank and Gaza,PSE,,,96.5894470214844,37.99429,26.93986,97.6386795043945,78.3344192504883,25.8506107330322,West Bank and Gaza,Palestine,
Panama,America,PAN,National,PANt,Total,2001,,Panama,PAN,Panama,PAN,4.10587978363037,,91.0407180786133,24.3295,16.07911,106.493721008301,66.3956604003906,41.6797218322754,Panama,Panama,
Papua New Guinea,Asia/Pacific,PNG,National,PNGt,Total,2001,,Papua New Guinea,PNG,Papua New Guinea,PNG,,,52.0774993896484,36.195,,61.6015510559082,,,Papua New Guinea,Papua New Guinea,
Paraguay,America,PRY,National,PRYt,Total,2001,66.6,Paraguay,PRY,Paraguay,PRY,3.83357000350952,,93.8073501586914,,12.8672,120.566818237305,68.4785614013672,19.3145008087158,Paraguay,Paraguay,Upper-Middle
Peru,America,PER,National,PERt,Total,2001,48.5,Peru,PER,Peru,PER,3.03712010383606,,92.910026550293,29.28379,20.31555,116.477882385254,83.6432189941406,29.8303699493408,Peru,Peru,Lower-Middle
Philippines,Asia/Pacific,PHL,National,PHLt,Total,2001,56.2,Philippines,PHL,Philippines,PHL,2.92463994026184,,101.280723571777,35.20686,36.38671,109.193840026855,77.2201309204102,30.4657897949219,Philippines,Philippines,Lower-Middle
Rwanda,Africa,RWA,National,RWAt,Total,2001,7.47,Rwanda,RWA,Rwanda,RWA,4.82501983642578,,26.5409393310547,51.41724,25.88722,121.944969177246,11.1507501602173,1.54308998584747,Rwanda,Rwanda,Low
Saint Lucia,America,LCA,National,LCAt,Total,2001,,Saint Lucia,LCA,St. Lucia,LCA,5.70733022689819,,,24.22148,17.35422,106.905807495117,73.6002807617188,,St. Lucia,Saint Lucia,
Samoa,Asia/Pacific,WSM,National,WSMt,Total,2001,,Samoa,WSM,Samoa,WSM,3.97652006149292,,90.0171432495117,25.04545,20.85056,93.8460083007812,78.7819595336914,,Samoa,Samoa,
Sao Tome & Principe,Africa,STP,National,STPt,Total,2001,34.5,Sao Tome & Principe,STP,Sao Tome and Principe,STP,,85.0,,,,,,,Sao Tome and Principe,Sao Tome & Principe,Low
Saudi Arabia,Asia/Pacific,SAU,National,SAUt,Total,2001,,Saudi Arabia,SAU,Saudi Arabia,SAU,7.71887016296387,,,,,,,19.7702102661133,Saudi Arabia,Saudi Arabia,
Senegal,Africa,SEN,National,SENt,Total,2001,35.4,Senegal,SEN,Senegal,SEN,2.47150993347168,,44.0303802490234,50.83597,25.09268,71.9839782714844,15.9723300933838,,Senegal,Senegal,Low
Serbia,Europe,SRB,National,SRBt,Total,2001,,Serbia,SRB,Serbia,SRB,,,,,,103.153511047363,90.5035781860352,37.8156318664551,Serbia,Serbia,
Sierra Leone,Africa,SLE,National,SLEt,Total,2001,,Sierra Leone,SLE,Sierra Leone,SLE,3.48251008987427,,,37.2644,26.63818,73.1187286376953,24.6340103149414,2.03906989097595,Sierra Leone,Sierra Leone,
South Africa,Africa,ZAF,National,ZAFt,Total,2001,58.6,South Africa,ZAF,South Africa,ZAF,4.63617992401123,,,38.89617,27.42901,90.8689270019531,77.4757308959961,,South Africa,South Africa,Upper-Middle
Sudan,Africa,SDN,National,SDNt,Total,2001,24.9,Sudan,SDN,Sudan,SDN,,,,,,58.6979103088379,31.2628002166748,7.83400011062622,Sudan,Sudan,Low
Suriname,America,SUR,National,SURt,Total,2001,,Suriname,SUR,Suriname,SUR,,,,19.93606,15.33285,105.870452880859,69.8820114135742,,Suriname,Suriname,
Syria,Asia/Pacific,SYR,National,SYRt,Total,2001,,Syria,SYR,Syrian Arab Republic,SYR,4.54640007019043,,93.1903610229492,24.11964,17.96958,108.697280883789,45.6095314025879,,Syrian Arab Republic,Syria,
Tajikistan,Asia/Pacific,TJK,National,TJKt,Total,2001,51.3,Tajikistan,TJK,Tajikistan,TJK,2.37659001350403,,94.9423294067383,21.7869,16.94009,95.7391128540039,73.7841567993164,16.8270893096924,Tajikistan,Tajikistan,Lower-Middle
Tanzania,Africa,TZA,National,TZAt,Total,2001,19.7,Tanzania,TZA,Tanzania,TZA,,,55.9868011474609,45.99111,,75.0818710327148,,0.664330005645752,Tanzania,Tanzania,Low
Thailand,Asia/Pacific,THA,National,THAt,Total,2001,,Thailand,THA,Thailand,THA,4.81787014007568,,86.7173919677734,19.08866,24.03813,95.5513763427734,64.3127288818359,39.0153999328613,Thailand,Thailand,
Timor Leste,Asia/Pacific,TLS,National,TLSt,Total,2001,,Timor Leste,TLS,Timor-Leste,TLS,,38.0,,61.9124,27.97923,125.837539672852,36.9752197265625,,Timor-Leste,Timor Leste,
Togo,Africa,TGO,National,TGOt,Total,2001,26.5,Togo,TGO,Togo,TGO,2.66750001907349,,73.1134719848633,34.33866,,114.720077514648,35.3544082641602,,Togo,Togo,Low
Tonga,Asia/Pacific,TON,National,TONt,Total,2001,,Tonga,TON,Tonga,TON,4.47756004333496,,101.619911193848,20.69623,13.83643,113.296531677246,97.5217514038086,4.62669992446899,Tonga,Tonga,
Trinidad & Tobago,America,TTO,National,TTOt,Total,2001,,Trinidad & Tobago,TTO,Trinidad and Tobago,TTO,3.06528997421265,,86.5502700805664,19.75159,,99.074089050293,,6.03922986984253,Trinidad and Tobago,Trinidad & Tobago,
Tunisia,Africa,TUN,National,TUNt,Total,2001,,Tunisia,TUN,Tunisia,TUN,6.20184993743896,,88.5659332275391,22.69378,18.82918,111.358741760254,73.0169219970703,20.3472995758057,Tunisia,Tunisia,
Turkey,Asia/Pacific,TUR,National,TURt,Total,2001,74.3,Turkiye,TUR,Turkiye,TUR,,,,,,107.175216674805,85.3136215209961,25.0384502410889,Turkiye,Turkiye,Upper-Middle
Turks & Caicos Islands,America,TCA,National,TCAt,Total,2001,,Turks & Caicos Islands,TCA,Turks and Caicos Islands,TCA,4.84300994873047,,107.1875,17.69106,,107.086608886719,,,Turks and Caicos Islands,Turks & Caicos Islands,
Tuvalu,Asia/Pacific,TUV,National,TUVt,Total,2001,,Tuvalu,TUV,Tuvalu,TUV,,,110.55046081543,18.29487,,101.062316894531,70.2078475952148,,Tuvalu,Tuvalu,
Uganda,Africa,UGA,National,UGAt,Total,2001,10.7,Uganda,UGA,Uganda,UGA,,,59.1702690124512,54.32167,,130.852157592773,,2.8538498878479,Uganda,Uganda,Low
Ukraine,Europe,UKR,National,UKRt,Total,2001,,Ukraine,UKR,Ukraine,UKR,4.52568006515503,99.0,98.3496780395508,19.58976,,119.877792358398,99.4165725708008,52.9101104736328,Ukraine,Ukraine,
Uruguay,America,URY,National,URYt,Total,2001,,Uruguay,URY,Uruguay,URY,2.80096006393433,,96.1854476928711,20.77524,14.07179,109.692268371582,100.673240661621,37.7791595458984,Uruguay,Uruguay,
Uzbekistan,Asia/Pacific,UZB,National,UZBt,Total,2001,62.1,Uzbekistan,UZB,Uzbekistan,UZB,,,100.948593139648,21.71928,,98.1144790649414,,13.297869682312,Uzbekistan,Uzbekistan,Upper-Middle
Vanuatu,Asia/Pacific,VUT,National,VUTt,Total,2001,,Vanuatu,VUT,Vanuatu,VUT,8.95114994049072,,96.4224166870117,23.73585,15.14404,109.723602294922,34.552059173584,3.87107992172241,Vanuatu,Vanuatu,
Venezuela,America,VEN,National,VENt,Total,2001,73.7,Venezuela,VEN,"Venezuela, RB",VEN,,93.0,84.7086181640625,,,103.11058807373,63.7311592102051,,"Venezuela, RB",Venezuela,Upper-Middle
Vietnam,Asia/Pacific,VNM,National,VNMt,Total,2001,45.3,Viet Nam,VNM,Viet Nam,VNM,,,107.350959777832,28.03482,,111.035148620605,,9.23017978668213,Viet Nam,Viet Nam,Lower-Middle
Yemen,Asia/Pacific,YEM,National,YEMt,Total,2001,41.7,Yemen,YEM,"Yemen, Rep.",YEM,9.24470996856689,,53.4190101623535,,,71.9506683349609,41.6608505249023,,Yemen,Yemen,Lower-Middle
Zambia,Africa,ZMB,National,ZMBt,Total,2001,18.6,Zambia,ZMB,Zambia,ZMB,,,,48.02502,,80.4413375854492,,,Zambia,Zambia,Low
Zimbabwe,Africa,ZWE,National,ZWEt,Total,2001,33.1,Zimbabwe,ZWE,Zimbabwe,ZWE,,,98.1779479980469,38.10062,24.45705,116.35954284668,43.313549041748,,Zimbabwe,Zimbabwe,Low
Afghanistan,Asia/Pacific,AFG,National,AFGt,Total,2002,,Afghanistan,AFG,Afghanistan,AFG,,,,,,75.9597473144531,,,Afghanistan,Afghanistan,
Albania,Europe,ALB,National,ALBt,Total,2002,80.0,Albania,ALB,Albania,ALB,3.11779999732971,,,,,110.338920593262,74.5389175415039,16.3895606994629,Albania,Albania,High
Algeria,Africa,DZA,National,DZAt,Total,2002,71.1,Algeria,DZA,Algeria,DZA,,70.0,92.3218994140625,27.59291,,110.431266784668,72.8870697021484,17.128870010376,Algeria,Algeria,Upper-Middle
Angola,Africa,AGO,National,AGOt,Total,2002,24.5,Angola,AGO,Angola,AGO,,,,,,,15.6130504608154,0.754029989242554,Angola,Angola,Low
Armenia,Asia/Pacific,ARM,National,ARMt,Total,2002,73.5,Armenia,ARM,Armenia,ARM,2.13504004478455,,83.7433776855469,20.34332,,90.6743011474609,,35.8594512939453,Armenia,Armenia,Upper-Middle
Azerbaijan,Europe,AZE,National,AZEt,Total,2002,,Azerbaijan,AZE,Azerbaijan,AZE,3.15445995330811,,97.5860137939453,16.1852,,98.3494262695312,,,Azerbaijan,Azerbaijan,
Bangladesh,Asia/Pacific,BGD,National,BGDt,Total,2002,21.2,Bangladesh,BGD,Bangladesh,BGD,2.01714992523193,,,,34.36736,,51.418098449707,6.13536977767944,Bangladesh,Bangladesh,Low
Barbados,America,BRB,National,BRBt,Total,2002,,Barbados,BRB,Barbados,BRB,5.88062000274658,,101.181861877441,15.90347,15.74057,101.885810852051,106.538719177246,,Barbados,Barbados,
Belarus,Europe,BLR,National,BLRt,Total,2002,78.2,Belarus,BLR,Belarus,BLR,,,131.990005493164,16.66112,,114.076889038086,,56.8730087280273,Belarus,Belarus,High
Belize,America,BLZ,National,BLZt,Total,2002,,Belize,BLZ,Belize,BLZ,,,,,,113.359191894531,,16.9803295135498,Belize,Belize,
Benin,Africa,BEN,National,BENt,Total,2002,25.2,Benin,BEN,Benin,BEN,2.15949010848999,35.0,42.2971992492676,52.96325,,92.6105804443359,24.5954608917236,5.1319899559021,Benin,Benin,Low
Bhutan,Asia/Pacific,BTN,National,BTNt,Total,2002,,Bhutan,BTN,Bhutan,BTN,,,,,,83.752197265625,,,Bhutan,Bhutan,
Bolivia,America,BOL,National,BOLt,Total,2002,47.7,Bolivia,BOL,Bolivia,BOL,7.1950478553772,,,,,118.543472290039,80.6306991577148,,Bolivia,Bolivia,Lower-Middle
Bosnia and Herzegovina,Europe,BIH,National,BIHt,Total,2002,,Bosnia and Herzegovina,BIH,Bosnia and Herzegovina,BIH,,,,,,,,17.4088096618652,Bosnia and Herzegovina,Bosnia and Herzegovina,
Botswana,Africa,BWA,National,BWAt,Total,2002,44.2,Botswana,BWA,Botswana,BWA,,,92.4310531616211,26.40132,15.23473,104.762916564941,74.2695465087891,7.6390700340271,Botswana,Botswana,Lower-Middle
Brazil,America,BRA,National,BRAt,Total,2002,74.0,Brazil,BRA,Brazil,BRA,3.75037002563477,,,22.35331,19.12073,,,,Brazil,Brazil,Upper-Middle
Burkina Faso,Africa,BFA,National,BFAt,Total,2002,18.8,Burkina Faso,BFA,Burkina Faso,BFA,,,26.1373901367188,45.37812,,45.4005584716797,,1.35122001171112,Burkina Faso,Burkina Faso,Low
Burundi,Africa,BDI,National,BDIt,Total,2002,6.68,Burundi,BDI,Burundi,BDI,3.00493001937866,,26.3580303192139,49.07639,,70.450569152832,10.1557302474976,1.65049004554749,Burundi,Burundi,Low
Cambodia,Asia/Pacific,KHM,National,KHMt,Total,2002,28.2,Cambodia,KHM,Cambodia,KHM,1.71121001243591,,62.4201316833496,56.28967,21.62281,135.533798217773,24.6961307525635,2.55727005004883,Cambodia,Cambodia,Low
Cameroon,Africa,CMR,National,CMRt,Total,2002,25.3,Cameroon,CMR,Cameroon,CMR,,,,60.80479,,102.146873474121,28.7471904754639,5.12341976165771,Cameroon,Cameroon,Low
Cape Verde,Africa,CPV,National,CPVt,Total,2002,,Cape Verde,CPV,Cabo Verde,CPV,7.87682008743286,,97.7262115478516,28.77571,24.49286,114.848213195801,65.9154510498047,3.43290996551514,Cabo Verde,Cape Verde,
Central African Republic CAR,Africa,CAF,National,CAFt,Total,2002,15.2,Central African Republic CAR,CAF,Central African Republic,CAF,1.5195699930191,,,,,61.580940246582,11.144700050354,,Central African Republic,Central African Republic CAR,Low
Chad,Africa,TCD,National,TCDt,Total,2002,9.43,Chad,TCD,Chad,TCD,,,27.244119644165,67.9511,37.88573,70.1622772216797,13.827130317688,,Chad,Chad,Low
Chili,America,CHL,National,CHLt,Total,2002,85.2,Chili,CHL,Chile,CHL,4.04881000518799,96.0,,32.92755,32.55556,101.286972045898,89.4216384887695,40.2664985656738,Chile,Chili,High
China,Asia/Pacific,CHN,National,CHNt,Total,2002,62.1,China,CHN,China,CHN,,,,,18.92909,,62.8491706848145,11.7157096862793,China,China,Upper-Middle
Colombia,America,COL,National,COLt,Total,2002,67.6,Colombia,COL,Colombia,COL,,,97.1735610961914,26.81989,20.92474,121.778861999512,78.1551971435547,26.5130996704102,Colombia,Colombia,Upper-Middle
Comoros,Africa,COM,National,COMt,Total,2002,34.0,Comoros,COM,Comoros,COM,2.25841999053955,,54.7611503601074,39.20075,13.03849,104.092880249023,35.702320098877,,Comoros,Comoros,Low
Congo Brazzaville,Africa,COG,National,COGt,Total,2002,29.5,Congo Brazzaville,COG,"Congo, Rep.",COG,3.20831990242004,,56.5019912719727,56.20777,,99.6825866699219,36.5823783874512,3.76958990097046,"Congo, Rep.",Congo Brazzaville,Low
Congo Democratic Republic,Africa,COD,National,CODt,Total,2002,,Congo Democratic Republic,COD,"Congo, Dem. Rep.",COD,,,40.4517211914062,34.33504,,62.7851791381836,,,"Congo, Dem. Rep.",Congo Democratic Republic,
Costa Rica,America,CRI,National,CRIt,Total,2002,,Costa Rica,CRI,Costa Rica,CRI,5.15044021606445,,94.2206497192383,22.59585,18.75178,109.564819335938,67.3254776000977,,Costa Rica,Costa Rica,
Cote d'Ivoire,Africa,CIV,National,CIVt,Total,2002,35.3,Cote d'Ivoire,CIV,Cote d'Ivoire,CIV,2.81048011779785,,,43.88046,,71.6886520385742,,,Cote d'Ivoire,Cote d'Ivoire,Low
Cuba,America,CUB,National,CUBt,Total,2002,,Cuba,CUB,Cuba,CUB,9.57116985321045,100.0,99.2477035522461,,11.62682,104.073417663574,88.7363510131836,27.4472808837891,Cuba,Cuba,
Djibouti,Africa,DJI,National,DJIt,Total,2002,54.7,Djibouti,DJI,Djibouti,DJI,8.44760036468506,,,,31.85714,,,0.9375,Djibouti,Djibouti,Lower-Middle
Dominican Republic,America,DOM,National,DOMt,Total,2002,66.0,Dominican Republic,DOM,Dominican Republic,DOM,1.9140100479126,87.0,91.7170791625977,32.60835,,117.968330383301,67.816276550293,,Dominican Republic,Dominican Republic,Upper-Middle
Ecuador,America,ECU,National,ECUt,Total,2002,,Ecuador,ECU,Ecuador,ECU,,,93.4549407958984,24.47064,13.57727,108.658729553223,57.2436103820801,,Ecuador,Ecuador,
Egypt,Africa,EGY,National,EGYt,Total,2002,75.7,"Egypt, Arab Rep.",EGY,"Egypt, Arab Rep.",EGY,4.7958836555481,,85.8898086547852,22.49667,17.3925,89.9305725097656,80.3901672363281,29.316650390625,"Egypt, Arab Rep.","Egypt, Arab Rep.",Upper-Middle
El Salvador,America,SLV,National,SLVt,Total,2002,,El Salvador,SLV,El Salvador,SLV,3.242840051651,,85.6927719116211,,,111.009010314941,60.4803886413574,19.6349601745605,El Salvador,El Salvador,
Equatorial Guinea,Africa,GNQ,National,GNQt,Total,2002,29.9,Equatorial Guinea,GNQ,Equatorial Guinea,GNQ,,,,,,80.5801696777344,18.6761798858643,,Equatorial Guinea,Equatorial Guinea,Low
Eritrea,Africa,ERI,National,ERIt,Total,2002,19.1,Eritrea,ERI,Eritrea,ERI,3.52390003204346,53.0,56.4684715270996,44.04881,49.31321,95.8449935913086,43.2223091125488,2.28929996490479,Eritrea,Eritrea,Low
Eswatini,Africa,SWZ,National,SWZt,Total,2002,40.3,Eswatini,SWZ,Eswatini,SWZ,4.44086980819702,,63.0411491394043,31.07433,16.30065,96.8140411376953,43.9668083190918,4.42417001724243,Eswatini,Eswatini,Lower-Middle
Ethiopia,Africa,ETH,National,ETHt,Total,2002,8.15,Ethiopia,ETH,Ethiopia,ETH,3.63245010375977,,29.9017505645752,,,60.1207695007324,18.5895805358887,1.65718996524811,Ethiopia,Ethiopia,Low
Fiji,Asia/Pacific,FJI,National,FJIt,Total,2002,,Fiji,FJI,Fiji,FJI,6.27586984634399,,94.7709274291992,27.8225,18.99961,100.195541381836,75.6993026733398,,Fiji,Fiji,
Gabon,Africa,GAB,National,GABt,Total,2002,47.8,Gabon,GAB,Gabon,GAB,,,69.371208190918,42.63022,,135.531188964844,49.4960594177246,,Gabon,Gabon,Lower-Middle
Gambia,Africa,GMB,National,GMBt,Total,2002,39.8,Gambia,GMB,"Gambia, The",GMB,1.44291996955872,,59.2373390197754,37.98627,,73.6591491699219,,,"Gambia, The",Gambia,Lower-Middle
Georgia,Asia/Pacific,GEO,National,GEOt,Total,2002,64.3,Georgia,GEO,Georgia,GEO,2.23501992225647,100.0,107.525077819824,13.85575,9.40904,103.32967376709,88.5937194824219,46.9072303771973,Georgia,Georgia,Upper-Middle
Ghana,Africa,GHA,National,GHAt,Total,2002,30.6,Ghana,GHA,Ghana,GHA,,,63.9406700134277,32.10887,18.60132,79.3680725097656,31.3325805664062,,Ghana,Ghana,Low
Guatemala,America,GTM,National,GTMt,Total,2002,47.9,Guatemala,GTM,Guatemala,GTM,,69.0,60.0751113891602,30.12575,13.69236,103.246269226074,35.411979675293,9.33607006072998,Guatemala,Guatemala,Lower-Middle
Guinea,Africa,GIN,National,GINt,Total,2002,11.3,Guinea,GIN,Guinea,GIN,1.77897000312805,,37.6643218994141,47.2258,,69.7071762084961,21.3866195678711,,Guinea,Guinea,Low
Guyana,America,GUY,National,GUYt,Total,2002,,Guyana,GUY,Guyana,GUY,8.36553955078125,,,,,,,,Guyana,Guyana,
India,Asia/Pacific,IND,National,INDt,Total,2002,33.5,India,IND,India,IND,,,78.67822265625,40.66296,32.32464,98.0657272338867,49.2973213195801,10.7845497131348,India,India,Low
Indonesia,Asia/Pacific,IDN,National,IDNt,Total,2002,50.1,Indonesia,IDN,Indonesia,IDN,2.64568996429443,,97.3382034301758,20.90186,13.58158,112.076751708984,58.3996086120605,14.8015203475952,Indonesia,Indonesia,Lower-Middle
Iran,Asia/Pacific,IRN,National,IRNt,Total,2002,73.6,"Iran, Islamic Rep.",IRN,"Iran, Islamic Rep.",IRN,4.48487997055054,77.0,94.5280609130859,24.38459,,103.720642089844,79.6945495605469,19.091869354248,"Iran, Islamic Rep.","Iran, Islamic Rep.",Upper-Middle
Iraq,Asia/Pacific,IRQ,National,IRQt,Total,2002,,Iraq,IRQ,Iraq,IRQ,,,,,,,,12.6024503707886,Iraq,Iraq,
Jamaica,America,JAM,National,JAMt,Total,2002,,Jamaica,JAM,Jamaica,JAM,5.37522983551025,,85.2787094116211,,19.34717,92.3488388061523,77.3407211303711,16.6099491119385,Jamaica,Jamaica,
Jordan,Asia/Pacific,JOR,National,JORt,Total,2002,87.6,Jordan,JOR,Jordan,JOR,,,85.650520324707,20.05269,18.76206,93.9076538085938,83.6367721557617,32.2784004211426,Jordan,Jordan,High
Kazakhstan,Asia/Pacific,KAZ,National,KAZt,Total,2002,70.2,Kazakhstan,KAZ,Kazakhstan,KAZ,3.02970004081726,,96.6513671875,18.89743,,100.623916625977,,,Kazakhstan,Kazakhstan,Upper-Middle
Kenya,Africa,KEN,National,KENt,Total,2002,20.7,Kenya,KEN,Kenya,KEN,6.17199993133545,,,34.43683,29.29647,89.3193130493164,41.428539276123,2.82814002037048,Kenya,Kenya,Low
Kiribati,Asia/Pacific,KIR,National,KIRt,Total,2002,,Kiribati,KIR,Kiribati,KIR,,,105.856643676758,22.43788,18.3879,103.20580291748,79.4678573608398,,Kiribati,Kiribati,
Kuwait,Asia/Pacific,KWT,National,KWTt,Total,2002,,Kuwait,KWT,Kuwait,KWT,6.551109790802,,95.6789093017578,13.59342,,103.885429382324,,19.2664794921875,Kuwait,Kuwait,
Kyrgyzstan,Asia/Pacific,KGZ,National,KGZt,Total,2002,61.2,Kyrgyzstan,KGZ,Kyrgyz Republic,KGZ,4.44545984268188,,89.1212463378906,24.03802,13.41477,93.4787521362305,80.3085403442383,43.0546188354492,Kyrgyzstan,Kyrgyzstan,Upper-Middle
Lao,Asia/Pacific,LAO,National,LAOt,Total,2002,,Lao,LAO,Lao PDR,LAO,2.82522010803223,,67.6698379516602,29.87763,24.08807,107.94441986084,38.4304809570312,4.10284996032715,Lao PDR,Lao,
Lebanon,Asia/Pacific,LBN,National,LBNt,Total,2002,,Lebanon,LBN,Lebanon,LBN,2.55271005630493,,,17.19698,7.3906,,,33.2756004333496,Lebanon,Lebanon,
Lesotho,Africa,LSO,National,LSOt,Total,2002,21.0,Lesotho,LSO,Lesotho,LSO,10.1004495620728,,62.3242301940918,46.9991,23.19684,118.3701171875,32.3517684936523,2.25671005249023,Lesotho,Lesotho,Low
Libya,Africa,LBY,National,LBYt,Total,2002,,Libya,LBY,Libya,LBY,,,,,,106.845970153809,111.412162780762,60.7621116638184,Libya,Libya,
Madagascar,Africa,MDG,National,MDGt,Total,2002,18.3,Madagascar,MDG,Madagascar,MDG,2.23179006576538,,34.3873901367188,47.48805,,97.787467956543,,2.00627994537354,Madagascar,Madagascar,Low
Malawi,Africa,MWI,National,MWIt,Total,2002,13.5,Malawi,MWI,Malawi,MWI,,,72.6218566894531,,,146.673477172852,32.061580657959,0.374810010194778,Malawi,Malawi,Low
Malaysia,Asia/Pacific,MYS,National,MYSt,Total,2002,80.2,Malaysia,MYS,Malaysia,MYS,7.65792989730835,,93.6772079467773,18.91971,17.71513,94.6432189941406,78.6559219360352,28.7301807403564,Malaysia,Malaysia,High
Maldives,Asia/Pacific,MDV,National,MDVt,Total,2002,,Maldives,MDV,Maldives,MDV,5.79186010360718,,,20.00645,15.0,122.174880981445,61.4477081298828,,Maldives,Maldives,
Mali,Africa,MLI,National,MLIt,Total,2002,16.4,Mali,MLI,Mali,MLI,2.8962299823761,,33.6304588317871,56.41051,,63.0178184509277,,1.9438099861145,Mali,Mali,Low
Mauritania,Africa,MRT,National,MRTt,Total,2002,21.1,Mauritania,MRT,Mauritania,MRT,2.27714991569519,,41.642879486084,39.1186,26.24333,78.92138671875,20.1027507781982,2.99132990837097,Mauritania,Mauritania,Low
Mauritius,Africa,MUS,National,MUSt,Total,2002,,Mauritius,MUS,Mauritius,MUS,3.02024006843567,,97.9020004272461,25.19635,18.83802,102.728149414062,82.4172286987305,15.1241102218628,Mauritius,Mauritius,
Mexico,America,MEX,National,MEXt,Total,2002,70.3,Mexico,MEX,Mexico,MEX,4.24307012557983,90.0,98.7117385864258,26.87027,16.96424,109.220031738281,75.1482925415039,22.3153591156006,Mexico,Mexico,Upper-Middle
Moldova,Europe,MDA,National,MDAt,Total,2002,65.6,Moldova,MDA,Moldova,MDA,5.4979100227356,,,19.26334,13.2212,,,,Moldova,Moldova,Upper-Middle
Mongolia,Asia/Pacific,MNG,National,MNGt,Total,2002,42.6,Mongolia,MNG,Mongolia,MNG,7.21078014373779,,96.3195724487305,31.78211,21.85043,101.283798217773,75.116569519043,34.6594314575195,Mongolia,Mongolia,Lower-Middle
Montenegro,Europe,MNE,National,MNEt,Total,2002,86.8,Montenegro,MNE,Montenegro,MNE,,,,,,,,17.7185001373291,Montenegro,Montenegro,High
Morocco,Africa,MAR,National,MARt,Total,2002,63.3,Morocco,MAR,Morocco,MAR,,,62.0738487243652,28.30725,,103.055442810059,42.856819152832,10.5032501220703,Morocco,Morocco,Upper-Middle
Mozambique,Africa,MOZ,National,MOZt,Total,2002,15.0,Mozambique,MOZ,Mozambique,MOZ,,,22.7311000823975,67.24468,,86.2981719970703,8.69935989379883,0.727970004081726,Mozambique,Mozambique,Low
Myanmar,Asia/Pacific,MMR,National,MMRt,Total,2002,47.0,Myanmar,MMR,Myanmar,MMR,,,78.0184173583984,32.56524,31.15684,99.4884719848633,41.3492584228516,,Myanmar,Myanmar,Lower-Middle
Namibia,Africa,NAM,National,NAMt,Total,2002,39.3,Namibia,NAM,Namibia,NAM,6.7423300743103,,93.8753967285156,31.20918,25.0497,111.606086730957,66.249153137207,6.06858015060425,Namibia,Namibia,Lower-Middle
Nepal,Asia/Pacific,NPL,National,NPLt,Total,2002,,Nepal,NPL,Nepal,NPL,3.15283989906311,,68.319938659668,39.86818,,112.234321594238,40.7689781188965,4.95790004730225,Nepal,Nepal,
Nicaragua,America,NIC,National,NICt,Total,2002,45.5,Nicaragua,NIC,Nicaragua,NIC,2.39101004600525,,72.640998840332,35.20899,33.88947,110.59449005127,59.805908203125,17.7272491455078,Nicaragua,Nicaragua,Lower-Middle
Niger,Africa,NER,National,NERt,Total,2002,11.9,Niger,NER,Niger,NER,2.40134000778198,,20.7175807952881,41.26604,26.89868,38.6835708618164,6.1763801574707,,Niger,Niger,Low
Nigeria,Africa,NGA,National,NGAt,Total,2002,33.4,Nigeria,NGA,Nigeria,NGA,,,,40.27665,31.44496,97.0674209594727,29.9248199462891,,Nigeria,Nigeria,Low
North Macedonia,Europe,MKD,National,MKDt,Total,2002,88.6,North Macedonia,MKD,North Macedonia,MKD,3.30014991760254,96.0,98.7415771484375,21.18031,16.05532,99.6265335083008,83.9654083251953,26.8072891235352,North Macedonia,North Macedonia,High
Pakistan,Asia/Pacific,PAK,National,PAKt,Total,2002,46.3,Pakistan,PAK,Pakistan,PAK,,,,35.00461,,63.8420181274414,,,Pakistan,Pakistan,Lower-Middle
Palestine,Asia/Pacific,PSE,National,PSEt,Total,2002,,Palestine,PSE,West Bank and Gaza,PSE,,,94.5989532470703,30.2193,25.75551,96.9788284301758,80.7321929931641,27.6125202178955,West Bank and Gaza,Palestine,
Panama,America,PAN,National,PANt,Total,2002,,Panama,PAN,Panama,PAN,4.19163990020752,,91.407470703125,24.27752,16.09095,108.923667907715,67.7060394287109,40.8190803527832,Panama,Panama,
Papua New Guinea,Asia/Pacific,PNG,National,PNGt,Total,2002,,Papua New Guinea,PNG,Papua New Guinea,PNG,,,52.8107414245605,,,59.2611885070801,,,Papua New Guinea,Papua New Guinea,
Paraguay,America,PRY,National,PRYt,Total,2002,67.1,Paraguay,PRY,Paraguay,PRY,3.40773010253906,,95.0726470947266,26.9585,11.86107,119.243782043457,70.1372222900391,28.3510494232178,Paraguay,Paraguay,Upper-Middle
Peru,America,PER,National,PERt,Total,2002,49.1,Peru,PER,Peru,PER,2.82056999206543,,92.8180236816406,25.08563,18.91347,116.151123046875,85.0296936035156,30.157190322876,Peru,Peru,Lower-Middle
Philippines,Asia/Pacific,PHL,National,PHLt,Total,2002,57.2,Philippines,PHL,Philippines,PHL,2.89222002029419,,94.3622817993164,35.38941,38.3308,108.097808837891,81.2801971435547,30.6726207733154,Philippines,Philippines,Lower-Middle
Rwanda,Africa,RWA,National,RWAt,Total,2002,7.67,Rwanda,RWA,Rwanda,RWA,,,31.7821998596191,58.96519,24.85211,123.550239562988,12.1046600341797,1.87186002731323,Rwanda,Rwanda,Low
Saint Lucia,America,LCA,National,LCAt,Total,2002,,Saint Lucia,LCA,St. Lucia,LCA,,,108.394271850586,22.87259,17.94789,105.880859375,75.1710662841797,,St. Lucia,Saint Lucia,
Samoa,Asia/Pacific,WSM,National,WSMt,Total,2002,,Samoa,WSM,Samoa,WSM,3.93932008743286,,89.873420715332,27.23461,21.01955,96.2575302124023,79.4139404296875,,Samoa,Samoa,
Sao Tome & Principe,Africa,STP,National,STPt,Total,2002,35.6,Sao Tome & Principe,STP,Sao Tome and Principe,STP,2.72058010101318,,55.6068801879883,32.66742,,120.187088012695,,,Sao Tome and Principe,Sao Tome & Principe,Lower-Middle
Saudi Arabia,Asia/Pacific,SAU,National,SAUt,Total,2002,,Saudi Arabia,SAU,Saudi Arabia,SAU,7.63688993453979,,,,,,,21.1851902008057,Saudi Arabia,Saudi Arabia,
Senegal,Africa,SEN,National,SENt,Total,2002,36.6,Senegal,SEN,Senegal,SEN,2.59441995620728,39.0,46.6004981994629,48.89238,27.03645,73.1250762939453,17.3591995239258,,Senegal,Senegal,Lower-Middle
Serbia,Europe,SRB,National,SRBt,Total,2002,84.7,Serbia,SRB,Serbia,SRB,,,,,,102.42749786377,89.3096389770508,35.6683082580566,Serbia,Serbia,High
Sierra Leone,Africa,SLE,National,SLEt,Total,2002,,Sierra Leone,SLE,Sierra Leone,SLE,3.59434008598328,,,,,,,1.92174005508423,Sierra Leone,Sierra Leone,
South Africa,Africa,ZAF,National,ZAFt,Total,2002,59.7,South Africa,ZAF,South Africa,ZAF,4.54569005966187,,76.3339233398438,35.28227,29.68991,93.3286209106445,76.9122772216797,,South Africa,South Africa,Upper-Middle
Sudan,Africa,SDN,National,SDNt,Total,2002,25.6,Sudan,SDN,Sudan,SDN,1.16425001621246,,,,,59.8686485290527,31.3254108428955,8.77309989929199,Sudan,Sudan,Low
Suriname,America,SUR,National,SURt,Total,2002,,Suriname,SUR,Suriname,SUR,,,,19.45397,15.13902,105.987823486328,70.9740829467773,11.2761201858521,Suriname,Suriname,
Syria,Asia/Pacific,SYR,National,SYRt,Total,2002,83.1,Syria,SYR,Syrian Arab Republic,SYR,5.26984977722168,83.0,95.0371017456055,25.32848,18.13033,110.06120300293,47.2403984069824,12.5522699356079,Syrian Arab Republic,Syria,High
Tajikistan,Asia/Pacific,TJK,National,TJKt,Total,2002,51.6,Tajikistan,TJK,Tajikistan,TJK,2.77578997612,,96.3629913330078,21.78474,17.86431,96.619987487793,75.7784194946289,16.9800605773926,Tajikistan,Tajikistan,Lower-Middle
Tanzania,Africa,TZA,National,TZAt,Total,2002,20.2,Tanzania,TZA,Tanzania,TZA,,69.0,59.9320411682129,52.99786,,90.3044891357422,,0.696410000324249,Tanzania,Tanzania,Low
Thailand,Asia/Pacific,THA,National,THAt,Total,2002,,Thailand,THA,Thailand,THA,3.86491990089417,,,18.56249,23.99672,96.7612533569336,65.7294769287109,40.2175598144531,Thailand,Thailand,
Timor Leste,Asia/Pacific,TLS,National,TLSt,Total,2002,,Timor Leste,TLS,Timor-Leste,TLS,,,,47.17944,29.53833,122.971817016602,42.8352317810059,8.02513027191162,Timor-Leste,Timor Leste,
Togo,Africa,TGO,National,TGOt,Total,2002,27.1,Togo,TGO,Togo,TGO,2.4695200920105,,,35.20108,,116.197143554688,39.4723281860352,,Togo,Togo,Low
Tonga,Asia/Pacific,TON,National,TONt,Total,2002,,Tonga,TON,Tonga,TON,3.79500007629395,,,22.12807,14.39427,214.671173095703,194.460021972656,11.8086996078491,Tonga,Tonga,
Trinidad & Tobago,America,TTO,National,TTOt,Total,2002,,Trinidad & Tobago,TTO,Trinidad and Tobago,TTO,3.54300999641418,,,19.6154,,93.7422103881836,,8.33351039886475,Trinidad and Tobago,Trinidad & Tobago,
Tunisia,Africa,TUN,National,TUNt,Total,2002,,Tunisia,TUN,Tunisia,TUN,5.79006004333496,,91.1300277709961,21.89225,20.06534,109.617279052734,74.8632202148438,22.0303802490234,Tunisia,Tunisia,
Turkey,Asia/Pacific,TUR,National,TURt,Total,2002,74.9,Turkiye,TUR,Turkiye,TUR,,,,,,107.681411743164,90.1109924316406,25.9334297180176,Turkiye,Turkiye,Upper-Middle
Turks & Caicos Islands,America,TCA,National,TCAt,Total,2002,,Turks & Caicos Islands,TCA,Turks and Caicos Islands,TCA,5.06913995742798,,100.589973449707,17.95798,,103.587013244629,,,Turks and Caicos Islands,Turks & Caicos Islands,
Tuvalu,Asia/Pacific,TUV,National,TUVt,Total,2002,,Tuvalu,TUV,Tuvalu,TUV,,,91.5929183959961,16.66234,,90.7997207641602,,,Tuvalu,Tuvalu,
Uganda,Africa,UGA,National,UGAt,Total,2002,12.5,Uganda,UGA,Uganda,UGA,,68.0,61.0600395202637,52.72399,,134.560134887695,,3.54973006248474,Uganda,Uganda,Low
Ukraine,Europe,UKR,National,UKRt,Total,2002,75.7,Ukraine,UKR,Ukraine,UKR,5.24006986618042,,101.568359375,19.46268,,127.055168151855,100.038528442383,56.645679473877,Ukraine,Ukraine,Upper-Middle
Uruguay,America,URY,National,URYt,Total,2002,,Uruguay,URY,Uruguay,URY,2.32220005989075,,96.8493804931641,21.1696,,111.093246459961,105.918418884277,39.5832290649414,Uruguay,Uruguay,
Uzbekistan,Asia/Pacific,UZB,National,UZBt,Total,2002,62.3,Uzbekistan,UZB,Uzbekistan,UZB,,,98.4095077514648,21.29445,,97.9825592041016,,13.7379999160767,Uzbekistan,Uzbekistan,Upper-Middle
Vanuatu,Asia/Pacific,VUT,National,VUTt,Total,2002,,Vanuatu,VUT,Vanuatu,VUT,8.13197994232178,,,23.21561,,111.180351257324,37.6613388061523,4.94776010513306,Vanuatu,Vanuatu,
Venezuela,America,VEN,National,VENt,Total,2002,75.1,Venezuela,VEN,"Venezuela, RB",VEN,,,90.9515075683594,,,105.398719787598,67.7687377929688,37.8175811767578,"Venezuela, RB",Venezuela,Upper-Middle
Vietnam,Asia/Pacific,VNM,National,VNMt,Total,2002,47.4,Viet Nam,VNM,Viet Nam,VNM,,,105.045928955078,26.32905,,109.37557220459,,9.58057022094727,Viet Nam,Viet Nam,Lower-Middle
Yemen,Asia/Pacific,YEM,National,YEMt,Total,2002,43.5,Yemen,YEM,"Yemen, Rep.",YEM,6.32079648971558,,53.1423110961914,,,74.1027679443359,,9.69645023345947,Yemen,Yemen,Lower-Middle
Zambia,Africa,ZMB,National,ZMBt,Total,2002,18.0,Zambia,ZMB,Zambia,ZMB,,69.0,59.9956512451172,48.08873,,83.3985137939453,,,Zambia,Zambia,Low
Zimbabwe,Africa,ZWE,National,ZWEt,Total,2002,33.5,Zimbabwe,ZWE,Zimbabwe,ZWE,,,94.9628677368164,39.41662,25.92409,111.178100585938,42.3983192443848,,Zimbabwe,Zimbabwe,Low
Afghanistan,Asia/Pacific,AFG,National,AFGt,Total,2003,,Afghanistan,AFG,Afghanistan,AFG,,,,,,96.5536804199219,14.078049659729,1.38107001781464,Afghanistan,Afghanistan,
Albania,Europe,ALB,National,ALBt,Total,2003,80.7,Albania,ALB,Albania,ALB,3.13823008537292,,109.427757263184,21.49541,17.66389,107.598258972168,77.751823425293,16.3662395477295,Albania,Albania,High
Algeria,Africa,DZA,National,DZAt,Total,2003,72.6,Algeria,DZA,Algeria,DZA,,,94.3279571533203,27.53299,,111.208053588867,75.7509384155273,18.3539600372314,Algeria,Algeria,Upper-Middle
Angola,Africa,AGO,National,AGOt,Total,2003,25.5,Angola,AGO,Angola,AGO,,,,,,,,2.77182006835938,Angola,Angola,Low
Armenia,Asia/Pacific,ARM,National,ARMt,Total,2003,74.5,Armenia,ARM,Armenia,ARM,2.1450400352478,,86.7742309570312,18.8372,,93.5719833374023,,36.6645317077637,Armenia,Armenia,Upper-Middle
Azerbaijan,Europe,AZE,National,AZEt,Total,2003,63.0,Azerbaijan,AZE,Azerbaijan,AZE,3.2861499786377,,92.6961517333984,15.26139,,96.2132415771484,,,Azerbaijan,Azerbaijan,Upper-Middle
Bangladesh,Asia/Pacific,BGD,National,BGDt,Total,2003,23.0,Bangladesh,BGD,Bangladesh,BGD,2.06939005851746,,,,31.07824,,51.257080078125,6.19688987731934,Bangladesh,Bangladesh,Low
Barbados,America,BRB,National,BRBt,Total,2003,,Barbados,BRB,Barbados,BRB,6.24569988250732,,107.435127258301,15.80411,15.16799,103.013526916504,105.990989685059,,Barbados,Barbados,
Belarus,Europe,BLR,National,BLRt,Total,2003,78.6,Belarus,BLR,Belarus,BLR,6.31018209457397,,104.548950195312,15.93862,,104.92317199707,,59.4798316955566,Belarus,Belarus,High
Belize,America,BLZ,National,BLZt,Total,2003,71.6,Belize,BLZ,Belize,BLZ,3.91564989089966,,98.6554565429688,20.75066,22.85246,117.999946594238,75.6950531005859,16.1856803894043,Belize,Belize,Upper-Middle
Benin,Africa,BEN,National,BENt,Total,2003,26.3,Benin,BEN,Benin,BEN,2.28315997123718,,46.5348091125488,62.1705,22.38497,96.3288879394531,25.9423904418945,5.66462993621826,Benin,Benin,Low
Bhutan,Asia/Pacific,BTN,National,BTNt,Total,2003,,Bhutan,BTN,Bhutan,BTN,,,,,,86.2471237182617,,,Bhutan,Bhutan,
Bolivia,America,BOL,National,BOLt,Total,2003,46.6,Bolivia,BOL,Bolivia,BOL,6.62961912155151,,,,,116.677192687988,83.4697265625,,Bolivia,Bolivia,Lower-Middle
Bosnia and Herzegovina,Europe,BIH,National,BIHt,Total,2003,82.9,Bosnia and Herzegovina,BIH,Bosnia and Herzegovina,BIH,,,,,,,,19.2174396514893,Bosnia and Herzegovina,Bosnia and Herzegovina,High
Botswana,Africa,BWA,National,BWAt,Total,2003,45.6,Botswana,BWA,Botswana,BWA,,81.0,92.7147903442383,26.059,14.83252,105.01294708252,74.746940612793,8.87353992462158,Botswana,Botswana,Lower-Middle
Brazil,America,BRA,National,BRAt,Total,2003,75.5,Brazil,BRA,Brazil,BRA,,,,21.56753,16.73021,,,,Brazil,Brazil,Upper-Middle
Burkina Faso,Africa,BFA,National,BFAt,Total,2003,18.9,Burkina Faso,BFA,Burkina Faso,BFA,,22.0,27.7571506500244,44.65893,31.34198,47.7917098999023,11.3447599411011,1.51733005046844,Burkina Faso,Burkina Faso,Low
Burundi,Africa,BDI,National,BDIt,Total,2003,8.04,Burundi,BDI,Burundi,BDI,,,30.9463405609131,49.90569,18.84814,76.1811599731445,10.493390083313,,Burundi,Burundi,Low
Cambodia,Asia/Pacific,KHM,National,KHMt,Total,2003,29.9,Cambodia,KHM,Cambodia,KHM,,,69.4156723022461,56.23746,23.58824,140.371170043945,28.7237606048584,3.16867995262146,Cambodia,Cambodia,Low
Cameroon,Africa,CMR,National,CMRt,Total,2003,25.9,Cameroon,CMR,Cameroon,CMR,2.82259011268616,,57.1198310852051,57.0638,,102.515518188477,30.2879791259766,5.17119979858398,Cameroon,Cameroon,Low
Cape Verde,Africa,CPV,National,CPVt,Total,2003,,Cape Verde,CPV,Cabo Verde,CPV,,,98.1152572631836,27.931,23.68341,112.997337341309,67.3952102661133,4.14111995697021,Cabo Verde,Cape Verde,
Central African Republic CAR,Africa,CAF,National,CAFt,Total,2003,15.6,Central African Republic CAR,CAF,Central African Republic,CAF,1.53980004787445,,,,,60.6617584228516,,,Central African Republic,Central African Republic CAR,Low
Chad,Africa,TCD,National,TCDt,Total,2003,9.85,Chad,TCD,Chad,TCD,,,32.7083702087402,72.11578,32.15364,72.2894592285156,15.2579402923584,0.973710000514984,Chad,Chad,Low
Chili,America,CHL,National,CHLt,Total,2003,85.5,Chili,CHL,Chile,CHL,3.91868996620178,,,34.0928,,101.061790466309,90.6209564208984,43.5181999206543,Chile,Chili,High
China,Asia/Pacific,CHN,National,CHNt,Total,2003,62.0,China,CHN,China,CHN,,,,,18.61115,,64.06201171875,14.391209602356,China,China,Upper-Middle
Comoros,Africa,COM,National,COMt,Total,2003,35.3,Comoros,COM,Comoros,COM,,,53.1874008178711,35.85763,11.25978,100.801391601562,39.2440795898438,3.40087008476257,Comoros,Comoros,Low
Congo Brazzaville,Africa,COG,National,COGt,Total,2003,30.4,Congo Brazzaville,COG,"Congo, Rep.",COG,2.8361599445343,,53.3450889587402,65.17102,28.10852,94.7391204833984,37.6451110839844,3.80226993560791,"Congo, Rep.",Congo Brazzaville,Low
Costa Rica,America,CRI,National,CRIt,Total,2003,,Costa Rica,CRI,Costa Rica,CRI,5.13373994827271,,,,,,,,Costa Rica,Costa Rica,
Cote d'Ivoire,Africa,CIV,National,CIVt,Total,2003,36.2,Cote d'Ivoire,CIV,Cote d'Ivoire,CIV,2.86437010765076,,,42.35665,,67.7177124023438,,,Cote d'Ivoire,Cote d'Ivoire,Lower-Middle
Cuba,America,CUB,National,CUBt,Total,2003,,Cuba,CUB,Cuba,CUB,9.9408597946167,,96.3590393066406,10.68011,11.67132,102.926849365234,91.9045715332031,32.5828590393066,Cuba,Cuba,
Djibouti,Africa,DJI,National,DJIt,Total,2003,54.7,Djibouti,DJI,Djibouti,DJI,8.88984966278076,,,,,,,1.14328002929688,Djibouti,Djibouti,Lower-Middle
Dominican Republic,America,DOM,National,DOMt,Total,2003,66.9,Dominican Republic,DOM,Dominican Republic,DOM,1.84465003013611,,,,,115.68123626709,,33.6751098632812,Dominican Republic,Dominican Republic,Upper-Middle
Ecuador,America,ECU,National,ECUt,Total,2003,,Ecuador,ECU,Ecuador,ECU,,,92.7619781494141,23.73489,13.27407,108.234580993652,56.8165702819824,,Ecuador,Ecuador,
Egypt,Africa,EGY,National,EGYt,Total,2003,77.3,"Egypt, Arab Rep.",EGY,"Egypt, Arab Rep.",EGY,4.94563007354736,,83.7061004638672,22.18727,17.2801,89.916862487793,80.2661972045898,26.3915996551514,"Egypt, Arab Rep.","Egypt, Arab Rep.",Upper-Middle
El Salvador,America,SLV,National,SLVt,Total,2003,,El Salvador,SLV,El Salvador,SLV,3.13467001914978,,86.3127517700195,45.50168,29.02299,113.94783782959,63.9578285217285,20.4657306671143,El Salvador,El Salvador,
Equatorial Guinea,Africa,GNQ,National,GNQt,Total,2003,29.9,Equatorial Guinea,GNQ,Equatorial Guinea,GNQ,,,27.1960906982422,31.97703,,73.1898727416992,,,Equatorial Guinea,Equatorial Guinea,Low
Eritrea,Africa,ERI,National,ERIt,Total,2003,20.1,Eritrea,ERI,Eritrea,ERI,,,61.9765396118164,46.71681,53.50796,101.613723754883,44.4834594726562,,Eritrea,Eritrea,Low
Eswatini,Africa,SWZ,National,SWZt,Total,2003,40.7,Eswatini,SWZ,Eswatini,SWZ,5.81677007675171,,61.6667785644531,31.20419,16.88762,98.2040634155273,43.103889465332,,Eswatini,Eswatini,Lower-Middle
Ethiopia,Africa,ETH,National,ETHt,Total,2003,9.28,Ethiopia,ETH,Ethiopia,ETH,,,32.8060913085938,,,61.6243515014648,19.0287704467773,2.35127997398376,Ethiopia,Ethiopia,Low
Fiji,Asia/Pacific,FJI,National,FJIt,Total,2003,,Fiji,FJI,Fiji,FJI,,,,28.16087,24.62398,100.088241577148,77.2639465332031,14.6147603988647,Fiji,Fiji,
Gabon,Africa,GAB,National,GABt,Total,2003,49.4,Gabon,GAB,Gabon,GAB,,,67.6539077758789,36.04019,,132.965225219727,,7.67232990264893,Gabon,Gabon,Lower-Middle
Gambia,Africa,GMB,National,GMBt,Total,2003,40.9,Gambia,GMB,"Gambia, The",GMB,1.36337995529175,,62.0955390930176,39.40341,,77.2439727783203,,,"Gambia, The",Gambia,Lower-Middle
Georgia,Asia/Pacific,GEO,National,GEOt,Total,2003,65.5,Georgia,GEO,Georgia,GEO,2.06559991836548,,102.109466552734,14.50291,9.24507,103.740409851074,90.795768737793,48.030460357666,Georgia,Georgia,Upper-Middle
Ghana,Africa,GHA,National,GHAt,Total,2003,31.5,Ghana,GHA,Ghana,GHA,,,65.3432693481445,30.98782,17.68225,76.9927597045898,32.9367294311523,,Ghana,Ghana,Low
Guinea,Africa,GIN,National,GINt,Total,2003,13.8,Guinea,GIN,Guinea,GIN,1.62612998485565,30.0,37.6587104797363,44.99174,31.33309,73.026741027832,22.8109397888184,,Guinea,Guinea,Low
Guyana,America,GUY,National,GUYt,Total,2003,63.4,Guyana,GUY,Guyana,GUY,6.95590019226074,,72.5935974121094,26.55199,16.47742,96.5165328979492,82.7355194091797,7.25076007843018,Guyana,Guyana,Upper-Middle
Haiti,America,HTI,National,HTIt,Total,2003,23.2,Haiti,HTI,Haiti,HTI,,59.0,,,,,,,Haiti,Haiti,Low
Honduras,America,HND,National,HNDt,Total,2003,51.1,Honduras,HND,Honduras,HND,,,76.5480880737305,,,108.159843444824,,15.5420999526978,Honduras,Honduras,Lower-Middle
India,Asia/Pacific,IND,National,INDt,Total,2003,34.5,India,IND,India,IND,3.61340999603271,,82.9625930786133,41.32988,32.32493,106.22322845459,51.9028091430664,11.2758102416992,India,India,Low
Indonesia,Asia/Pacific,IDN,National,IDNt,Total,2003,51.2,Indonesia,IDN,Indonesia,IDN,3.21799993515015,,99.5420532226562,20.29418,14.23421,112.111717224121,61.611270904541,15.9035701751709,Indonesia,Indonesia,Lower-Middle
Iran,Asia/Pacific,IRN,National,IRNt,Total,2003,73.6,"Iran, Islamic Rep.",IRN,"Iran, Islamic Rep.",IRN,4.36322021484375,,91.3379364013672,23.60989,,105.510719299316,79.2627563476562,20.3405609130859,"Iran, Islamic Rep.","Iran, Islamic Rep.",Upper-Middle
Iraq,Asia/Pacific,IRQ,National,IRQt,Total,2003,70.8,Iraq,IRQ,Iraq,IRQ,,,,19.42497,17.57184,96.0836791992188,40.4639091491699,,Iraq,Iraq,Upper-Middle
Jamaica,America,JAM,National,JAMt,Total,2003,,Jamaica,JAM,Jamaica,JAM,4.25684976577759,,,29.65919,20.30057,91.4602127075195,78.4519424438477,18.5184497833252,Jamaica,Jamaica,
Jordan,Asia/Pacific,JOR,National,JORt,Total,2003,87.9,Jordan,JOR,Jordan,JOR,,90.0,88.7253723144531,19.93241,17.87835,95.4888534545898,83.7643737792969,36.0558204650879,Jordan,Jordan,High
Kazakhstan,Asia/Pacific,KAZ,National,KAZt,Total,2003,71.3,Kazakhstan,KAZ,Kazakhstan,KAZ,3.23048210144043,,97.7914733886719,18.50973,,101.23616027832,,,Kazakhstan,Kazakhstan,Upper-Middle
Kenya,Africa,KEN,National,KENt,Total,2003,20.9,Kenya,KEN,Kenya,KEN,6.49426984786987,,,38.02563,29.36084,104.049499511719,43.2558097839355,,Kenya,Kenya,Low
Kiribati,Asia/Pacific,KIR,National,KIRt,Total,2003,,Kiribati,KIR,Kiribati,KIR,,,110.413078308105,26.50671,19.88112,108.183250427246,85.542350769043,,Kiribati,Kiribati,
Kuwait,Asia/Pacific,KWT,National,KWTt,Total,2003,,Kuwait,KWT,Kuwait,KWT,5.2112922668457,,101.958297729492,13.28756,,106.225738525391,97.5049209594727,19.5823497772217,Kuwait,Kuwait,
Kyrgyzstan,Asia/Pacific,KGZ,National,KGZt,Total,2003,62.2,Kyrgyzstan,KGZ,Kyrgyz Republic,KGZ,4.47541999816895,,86.6747131347656,24.45576,14.03967,94.5352783203125,84.760009765625,39.5677490234375,Kyrgyzstan,Kyrgyzstan,Upper-Middle
Lao,Asia/Pacific,LAO,National,LAOt,Total,2003,,Lao,LAO,Lao PDR,LAO,,,67.8940887451172,30.63596,25.65986,111.48755645752,41.203540802002,4.86330986022949,Lao PDR,Lao,
Lebanon,Asia/Pacific,LBN,National,LBNt,Total,2003,,Lebanon,LBN,Lebanon,LBN,,,,17.36837,7.80251,,,33.0192985534668,Lebanon,Lebanon,
Lesotho,Africa,LSO,National,LSOt,Total,2003,22.3,Lesotho,LSO,Lesotho,LSO,13.2195701599121,,65.4013824462891,46.23628,23.17739,123.27693939209,33.1711616516113,2.72772002220154,Lesotho,Lesotho,Low
Libya,Africa,LBY,National,LBYt,Total,2003,,Libya,LBY,Libya,LBY,,,,,,105.594276428223,106.46280670166,61.6012802124023,Libya,Libya,
Madagascar,Africa,MDG,National,MDGt,Total,2003,18.8,Madagascar,MDG,Madagascar,MDG,2.61094999313354,,38.0341491699219,51.64584,,112.087532043457,,2.1826798915863,Madagascar,Madagascar,Low
Malawi,Africa,MWI,National,MWIt,Total,2003,13.8,Malawi,MWI,Malawi,MWI,2.20964002609253,,,,,,,0.383639991283417,Malawi,Malawi,Low
Malaysia,Asia/Pacific,MYS,National,MYSt,Total,2003,81.1,Malaysia,MYS,Malaysia,MYS,7.50288009643555,,91.317497253418,17.51402,17.74779,94.1330032348633,83.3495864868164,31.4712009429932,Malaysia,Malaysia,High
Maldives,Asia/Pacific,MDV,National,MDVt,Total,2003,,Maldives,MDV,Maldives,MDV,5.32406997680664,,,18.15834,13.70307,121.526962280273,68.081657409668,0.212899997830391,Maldives,Maldives,
Mali,Africa,MLI,National,MLIt,Total,2003,17.3,Mali,MLI,Mali,MLI,3.80559992790222,24.0,36.9321594238281,57.34473,,65.0038223266602,20.3113403320312,,Mali,Mali,Low
Mauritania,Africa,MRT,National,MRTt,Total,2003,23.0,Mauritania,MRT,Mauritania,MRT,2.36501002311707,,,41.05778,26.07569,80.6755523681641,21.0430393218994,3.19520998001099,Mauritania,Mauritania,Low
Mauritius,Africa,MUS,National,MUSt,Total,2003,,Mauritius,MUS,Mauritius,MUS,4.35717010498047,,98.2709426879883,23.06335,18.55815,102.185363769531,85.5775909423828,15.7577295303345,Mauritius,Mauritius,
Mexico,America,MEX,National,MEXt,Total,2003,71.1,Mexico,MEX,Mexico,MEX,4.83262014389038,,98.2566299438477,26.66029,17.14063,109.264152526855,78.5541915893555,23.0477905273438,Mexico,Mexico,Upper-Middle
Moldova,Europe,MDA,National,MDAt,Total,2003,66.1,Moldova,MDA,Moldova,MDA,5.42489004135132,,,19.17128,13.24313,,,,Moldova,Moldova,Upper-Middle
Mongolia,Asia/Pacific,MNG,National,MNGt,Total,2003,44.6,Mongolia,MNG,Mongolia,MNG,,,99.6426620483398,30.76911,21.5172,106.160316467285,82.4480209350586,36.8122406005859,Mongolia,Mongolia,Lower-Middle
Montenegro,Europe,MNE,National,MNEt,Total,2003,87.2,Montenegro,MNE,Montenegro,MNE,,98.0,,,,105.827690124512,91.9459609985352,18.6800899505615,Montenegro,Montenegro,High
Morocco,Africa,MAR,National,MARt,Total,2003,64.8,Morocco,MAR,Morocco,MAR,,,66.0088806152344,28.17638,18.09706,105.895278930664,44.6263809204102,10.933159828186,Morocco,Morocco,Upper-Middle
Mozambique,Africa,MOZ,National,MOZt,Total,2003,15.2,Mozambique,MOZ,Mozambique,MOZ,,48.0,,,,,,0.984969973564148,Mozambique,Mozambique,Low
Myanmar,Asia/Pacific,MMR,National,MMRt,Total,2003,47.1,Myanmar,MMR,Myanmar,MMR,,,79.8667526245117,32.81404,32.61077,102.240440368652,41.6500015258789,,Myanmar,Myanmar,Lower-Middle
Namibia,Africa,NAM,National,NAMt,Total,2003,41.1,Namibia,NAM,Namibia,NAM,6.13713979721069,,92.714729309082,31.63484,25.2103,111.423500061035,65.4165802001953,6.41174983978271,Namibia,Namibia,Lower-Middle
Nepal,Asia/Pacific,NPL,National,NPLt,Total,2003,21.3,Nepal,NPL,Nepal,NPL,3.11435008049011,,68.7545928955078,35.65923,34.68746,112.040969848633,41.9306602478027,4.88003015518188,Nepal,Nepal,Low
Nicaragua,America,NIC,National,NICt,Total,2003,46.4,Nicaragua,NIC,Nicaragua,NIC,2.42200994491577,,72.1965484619141,34.47031,,111.069091796875,,,Nicaragua,Nicaragua,Lower-Middle
Niger,Africa,NER,National,NERt,Total,2003,12.0,Niger,NER,Niger,NER,1.93705999851227,,19.8793601989746,41.72588,28.62846,41.7342300415039,6.76632022857666,0.809819996356964,Niger,Niger,Low
Nigeria,Africa,NGA,National,NGAt,Total,2003,34.2,Nigeria,NGA,Nigeria,NGA,,55.0,,34.87788,,98.1725769042969,,9.57164001464844,Nigeria,Nigeria,Low
North Macedonia,Europe,MKD,National,MKDt,Total,2003,88.7,North Macedonia,MKD,North Macedonia,MKD,,,95.8341369628906,20.22806,15.61221,97.4190902709961,83.6575317382812,27.8220596313477,North Macedonia,North Macedonia,High
Pakistan,Asia/Pacific,PAK,National,PAKt,Total,2003,47.5,Pakistan,PAK,Pakistan,PAK,,,,34.82196,24.17249,65.7692565917969,19.9118404388428,2.38838005065918,Pakistan,Pakistan,Lower-Middle
Palestine,Asia/Pacific,PSE,National,PSEt,Total,2003,,Palestine,PSE,West Bank and Gaza,PSE,,,100.812980651855,33.38646,26.16569,96.1798477172852,83.5183563232422,31.4115905761719,West Bank and Gaza,Palestine,
Panama,America,PAN,National,PANt,Total,2003,,Panama,PAN,Panama,PAN,4.16870021820068,,,,,108.239158630371,,44.3337516784668,Panama,Panama,
Papua New Guinea,Asia/Pacific,PNG,National,PNGt,Total,2003,,Papua New Guinea,PNG,Papua New Guinea,PNG,,,54.2216415405273,,,55.7471199035645,,,Papua New Guinea,Papua New Guinea,
Paraguay,America,PRY,National,PRYt,Total,2003,67.6,Paraguay,PRY,Paraguay,PRY,3.3827600479126,,97.2891464233398,27.84307,11.83609,115.414512634277,67.7881088256836,26.9992599487305,Paraguay,Paraguay,Upper-Middle
Peru,America,PER,National,PERt,Total,2003,49.7,Peru,PER,Peru,PER,2.93779993057251,,97.9151916503906,23.96144,16.18434,114.820411682129,78.40087890625,30.2261905670166,Peru,Peru,Lower-Middle
Philippines,Asia/Pacific,PHL,National,PHLt,Total,2003,58.2,Philippines,PHL,Philippines,PHL,2.93517994880676,93.0,94.8977432250977,34.92513,37.08653,107.838088989258,82.6391525268555,29.875,Philippines,Philippines,Upper-Middle
Rwanda,Africa,RWA,National,RWAt,Total,2003,7.88,Rwanda,RWA,Rwanda,RWA,,,43.0246887207031,59.90567,25.38297,123.162269592285,13.584939956665,2.34143996238708,Rwanda,Rwanda,Low
Saint Lucia,America,LCA,National,LCAt,Total,2003,,Saint Lucia,LCA,St. Lucia,LCA,3.53449010848999,,107.972930908203,22.27833,16.35642,105.309852600098,77.915771484375,,St. Lucia,Saint Lucia,
Samoa,Asia/Pacific,WSM,National,WSMt,Total,2003,,Samoa,WSM,Samoa,WSM,,,93.6850509643555,,,98.083122253418,80.8134078979492,,Samoa,Samoa,
Sao Tome & Principe,Africa,STP,National,STPt,Total,2003,36.7,Sao Tome & Principe,STP,Sao Tome and Principe,STP,3.24692988395691,,54.7673492431641,,,122.325042724609,36.1007194519043,,Sao Tome and Principe,Sao Tome & Principe,Lower-Middle
Saudi Arabia,Asia/Pacific,SAU,National,SAUt,Total,2003,,Saudi Arabia,SAU,Saudi Arabia,SAU,7.10509014129639,,,,,,,26.1267395019531,Saudi Arabia,Saudi Arabia,
Senegal,Africa,SEN,National,SENt,Total,2003,37.7,Senegal,SEN,Senegal,SEN,2.75125002861023,,46.4444007873535,46.04819,,77.3755569458008,,,Senegal,Senegal,Lower-Middle
Serbia,Europe,SRB,National,SRBt,Total,2003,85.3,Serbia,SRB,Serbia,SRB,,96.0,,,,101.766296386719,89.3317108154297,39.5812683105469,Serbia,Serbia,High
Sierra Leone,Africa,SLE,National,SLEt,Total,2003,,Sierra Leone,SLE,Sierra Leone,SLE,3.29900002479553,,,,,,,,Sierra Leone,Sierra Leone,
South Africa,Africa,ZAF,National,ZAFt,Total,2003,60.8,South Africa,ZAF,South Africa,ZAF,4.35209989547729,,80.1458587646484,35.37191,29.83536,95.1319427490234,76.4124908447266,,South Africa,South Africa,Upper-Middle
Sudan,Africa,SDN,National,SDNt,Total,2003,26.2,Sudan,SDN,Sudan,SDN,,,,,,62.1275596618652,32.8823890686035,8.12551021575928,Sudan,Sudan,Low
Syria,Asia/Pacific,SYR,National,SYRt,Total,2003,83.1,Syria,SYR,Syrian Arab Republic,SYR,6.48084020614624,,103.234321594238,,,118.255401611328,62.5764198303223,13.1426696777344,Syrian Arab Republic,Syria,High
Tajikistan,Asia/Pacific,TJK,National,TJKt,Total,2003,51.8,Tajikistan,TJK,Tajikistan,TJK,2.42078995704651,,96.0150985717773,22.3594,17.33935,97.8697509765625,78.1185302734375,18.3003902435303,Tajikistan,Tajikistan,Lower-Middle
Tanzania,Africa,TZA,National,TZAt,Total,2003,20.7,Tanzania,TZA,Tanzania,TZA,,,,56.89936,,96.9844818115234,,0.893930017948151,Tanzania,Tanzania,Low
Thailand,Asia/Pacific,THA,National,THAt,Total,2003,74.7,Thailand,THA,Thailand,THA,3.72561001777649,,,,,,,41.2859306335449,Thailand,Thailand,Upper-Middle
Timor Leste,Asia/Pacific,TLS,National,TLSt,Total,2003,,Timor Leste,TLS,Timor-Leste,TLS,,,,46.8161,34.47235,120.999862670898,46.3433303833008,,Timor-Leste,Timor Leste,
Togo,Africa,TGO,National,TGOt,Total,2003,27.6,Togo,TGO,Togo,TGO,2.35524988174438,,72.1834030151367,35.45168,33.76439,113.571166992188,41.6094207763672,,Togo,Togo,Low
Tonga,Asia/Pacific,TON,National,TONt,Total,2003,,Tonga,TON,Tonga,TON,4.15951013565063,,,21.71238,,117.967819213867,109.53938293457,6.82398986816406,Tonga,Tonga,
Trinidad & Tobago,America,TTO,National,TTOt,Total,2003,84.4,Trinidad & Tobago,TTO,Trinidad and Tobago,TTO,3.13660001754761,,88.8825836181641,18.50138,,96.6238327026367,,8.45785999298096,Trinidad and Tobago,Trinidad & Tobago,High
Tunisia,Africa,TUN,National,TUNt,Total,2003,,Tunisia,TUN,Tunisia,TUN,6.81675004959106,,93.2461090087891,21.53775,,108.466903686523,74.5205078125,26.1172008514404,Tunisia,Tunisia,
Turkey,Asia/Pacific,TUR,National,TURt,Total,2003,75.5,Turkiye,TUR,Turkiye,TUR,,,,,,104.261337280273,91.8227310180664,29.7210502624512,Turkiye,Turkiye,Upper-Middle
Turks & Caicos Islands,America,TCA,National,TCAt,Total,2003,,Turks & Caicos Islands,TCA,Turks and Caicos Islands,TCA,4.72877979278564,,,15.21008,8.69863,85.8226623535156,79.1770629882812,,Turks and Caicos Islands,Turks & Caicos Islands,
Tuvalu,Asia/Pacific,TUV,National,TUVt,Total,2003,,Tuvalu,TUV,Tuvalu,TUV,,,98.2222213745117,17.92,,95.3868026733398,,,Tuvalu,Tuvalu,
Uganda,Africa,UGA,National,UGAt,Total,2003,14.2,Uganda,UGA,Uganda,UGA,,,60.5946617126465,52.38955,,135.173553466797,,3.78515005111694,Uganda,Uganda,Low
Ukraine,Europe,UKR,National,UKRt,Total,2003,76.5,Ukraine,UKR,Ukraine,UKR,5.4001898765564,,,19.11184,,99.2439193725586,101.250122070312,60.2553215026855,Ukraine,Ukraine,Upper-Middle
Uruguay,America,URY,National,URYt,Total,2003,,Uruguay,URY,Uruguay,URY,2.0682098865509,,94.5473709106445,20.82538,14.81555,111.055969238281,109.803192138672,41.7629699707031,Uruguay,Uruguay,
Uzbekistan,Asia/Pacific,UZB,National,UZBt,Total,2003,62.4,Uzbekistan,UZB,Uzbekistan,UZB,,,95.3456268310547,21.09375,12.91747,97.2714996337891,95.4466171264648,13.8350601196289,Uzbekistan,Uzbekistan,Upper-Middle
Vanuatu,Asia/Pacific,VUT,National,VUTt,Total,2003,,Vanuatu,VUT,Vanuatu,VUT,8.44151020050049,,,21.71334,,115.727928161621,37.9968490600586,4.85679006576538,Vanuatu,Vanuatu,
Venezuela,America,VEN,National,VENt,Total,2003,76.4,Venezuela,VEN,"Venezuela, RB",VEN,,,88.5929107666016,,,103.50048828125,68.9142303466797,39.5479507446289,"Venezuela, RB",Venezuela,Upper-Middle
Vietnam,Asia/Pacific,VNM,National,VNMt,Total,2003,50.4,Viet Nam,VNM,Viet Nam,VNM,,,105.238159179688,24.65381,,107.745170593262,,10.0598201751709,Viet Nam,Viet Nam,Lower-Middle
Yemen,Asia/Pacific,YEM,National,YEMt,Total,2003,45.3,Yemen,YEM,"Yemen, Rep.",YEM,5.94827938079834,,56.3605117797852,,,77.6094512939453,42.6577186584473,9.27307033538818,Yemen,Yemen,Lower-Middle
Zimbabwe,Africa,ZWE,National,ZWEt,Total,2003,33.9,Zimbabwe,ZWE,Zimbabwe,ZWE,,,94.8507919311523,38.55591,22.32449,109.501441955566,40.0485382080078,,Zimbabwe,Zimbabwe,Low
Afghanistan,Asia/Pacific,AFG,National,AFGt,Total,2004,,Afghanistan,AFG,Afghanistan,AFG,,,,,,106.252662658691,19.2631397247314,1.38966000080109,Afghanistan,Afghanistan,
Albania,Europe,ALB,National,ALBt,Total,2004,81.5,Albania,ALB,Albania,ALB,3.22751998901367,,105.375846862793,,,104.131721496582,78.9801864624023,19.1295795440674,Albania,Albania,High
Algeria,Africa,DZA,National,DZAt,Total,2004,74.0,Algeria,DZA,Algeria,DZA,,,96.2014083862305,26.51107,,111.678230285645,79.9005279541016,18.9953498840332,Algeria,Algeria,Upper-Middle
Angola,Africa,AGO,National,AGOt,Total,2004,26.5,Angola,AGO,Angola,AGO,,,,,,,,2.07171010971069,Angola,Angola,Low
Armenia,Asia/Pacific,ARM,National,ARMt,Total,2004,75.6,Armenia,ARM,Armenia,ARM,2.48673009872437,,100.005928039551,20.26241,,94.7377319335938,84.5256576538086,37.0803489685059,Armenia,Armenia,Upper-Middle
Azerbaijan,Europe,AZE,National,AZEt,Total,2004,64.0,Azerbaijan,AZE,Azerbaijan,AZE,3.44770002365112,,95.5954284667969,14.27144,,97.2613296508789,,,Azerbaijan,Azerbaijan,Upper-Middle
Bangladesh,Asia/Pacific,BGD,National,BGDt,Total,2004,24.9,Bangladesh,BGD,Bangladesh,BGD,1.94014000892639,,,,27.37356,,47.8641395568848,5.72883987426758,Bangladesh,Bangladesh,Low
Barbados,America,BRB,National,BRBt,Total,2004,,Barbados,BRB,Barbados,BRB,6.02428007125854,,103.181701660156,15.76766,16.85127,101.127822875977,106.922340393066,,Barbados,Barbados,
Belarus,Europe,BLR,National,BLRt,Total,2004,79.1,Belarus,BLR,Belarus,BLR,5.7122597694397,,104.604133605957,15.44266,,103.449501037598,,60.8694190979004,Belarus,Belarus,High
Belize,America,BLZ,National,BLZt,Total,2004,72.2,Belize,BLZ,Belize,BLZ,4.02664995193481,,100.15055847168,23.23186,19.03272,119.636672973633,77.1139907836914,15.5943098068237,Belize,Belize,Upper-Middle
Benin,Africa,BEN,National,BENt,Total,2004,27.5,Benin,BEN,Benin,BEN,2.56690001487732,,50.4555587768555,51.583,23.93407,100.354598999023,27.7856101989746,5.71906995773315,Benin,Benin,Low
Bhutan,Asia/Pacific,BTN,National,BTNt,Total,2004,,Bhutan,BTN,Bhutan,BTN,6.12311983108521,,60.5067291259766,,,89.6812591552734,,,Bhutan,Bhutan,
Bolivia,America,BOL,National,BOLt,Total,2004,48.6,Bolivia,BOL,Bolivia,BOL,6.84771823883057,,,,,115.955810546875,86.3809967041016,,Bolivia,Bolivia,Lower-Middle
Bosnia and Herzegovina,Europe,BIH,National,BIHt,Total,2004,83.9,Bosnia and Herzegovina,BIH,Bosnia and Herzegovina,BIH,,,,,,,,21.4100608825684,Bosnia and Herzegovina,Bosnia and Herzegovina,High
Botswana,Africa,BWA,National,BWAt,Total,2004,47.0,Botswana,BWA,Botswana,BWA,,,92.6690292358398,25.84666,13.82745,104.962112426758,76.2660369873047,9.35762023925781,Botswana,Botswana,Lower-Middle
Brazil,America,BRA,National,BRAt,Total,2004,77.1,Brazil,BRA,Brazil,BRA,3.97447991371155,89.0,,21.38676,16.01712,,,,Brazil,Brazil,Upper-Middle
Burkina Faso,Africa,BFA,National,BFAt,Total,2004,20.4,Burkina Faso,BFA,Burkina Faso,BFA,,,29.1417999267578,48.69293,,52.4313697814941,12.4341201782227,,Burkina Faso,Burkina Faso,Low
Burundi,Africa,BDI,National,BDIt,Total,2004,9.41,Burundi,BDI,Burundi,BDI,3.74496006965637,,33.3528099060059,51.24546,21.21669,81.4659194946289,12.0837802886963,2.15647006034851,Burundi,Burundi,Low
Cambodia,Asia/Pacific,KHM,National,KHMt,Total,2004,31.6,Cambodia,KHM,Cambodia,KHM,1.71982002258301,74.0,82.8017425537109,55.05284,,144.732543945312,31.9804706573486,3.18306994438171,Cambodia,Cambodia,Low
Cameroon,Africa,CMR,National,CMRt,Total,2004,26.4,Cameroon,CMR,Cameroon,CMR,2.79530000686646,,59.1431694030762,53.90314,16.44847,107.356887817383,26.9293994903564,5.16341018676758,Cameroon,Cameroon,Low
Cape Verde,Africa,CPV,National,CPVt,Total,2004,,Cape Verde,CPV,Cabo Verde,CPV,7.47664022445679,,95.2972030639648,26.86589,22.70406,110.66081237793,67.2301788330078,5.6029200553894,Cabo Verde,Cape Verde,
Central African Republic CAR,Africa,CAF,National,CAFt,Total,2004,16.0,Central African Republic CAR,CAF,Central African Republic,CAF,1.6245299577713,,21.4367904663086,,,52.0010986328125,,1.65167999267578,Central African Republic,Central African Republic CAR,Low
Chad,Africa,TCD,National,TCDt,Total,2004,10.3,Chad,TCD,Chad,TCD,1.59294998645782,28.0,33.3219299316406,68.7188,34.20748,75.7852478027344,15.658860206604,1.24917995929718,Chad,Chad,Low
Chili,America,CHL,National,CHLt,Total,2004,85.7,Chili,CHL,Chile,CHL,3.54307007789612,,,27.29501,25.19256,105.627876281738,91.0151062011719,44.3284606933594,Chile,Chili,High
China,Asia/Pacific,CHN,National,CHNt,Total,2004,62.0,China,CHN,China,CHN,,,,,,,,16.7798404693604,China,China,Upper-Middle
Colombia,America,COL,National,COLt,Total,2004,67.8,Colombia,COL,Colombia,COL,,93.0,104.35856628418,27.95172,24.64723,122.84008026123,82.9504623413086,29.5034599304199,Colombia,Colombia,Upper-Middle
Comoros,Africa,COM,National,COMt,Total,2004,36.5,Comoros,COM,Comoros,COM,,,56.9672393798828,34.98787,13.79589,98.5456771850586,42.7356605529785,,Comoros,Comoros,Lower-Middle
Congo Brazzaville,Africa,COG,National,COGt,Total,2004,31.4,Congo Brazzaville,COG,"Congo, Rep.",COG,2.28813004493713,,76.6886596679688,82.79541,34.26944,106.126762390137,42.348690032959,,"Congo, Rep.",Congo Brazzaville,Low
Costa Rica,America,CRI,National,CRIt,Total,2004,,Costa Rica,CRI,Costa Rica,CRI,4.89062976837158,,93.6945495605469,22.34571,,113.609970092773,79.9783020019531,25.9932804107666,Costa Rica,Costa Rica,
Cote d'Ivoire,Africa,CIV,National,CIVt,Total,2004,37.1,Cote d'Ivoire,CIV,Cote d'Ivoire,CIV,2.91176009178162,,,,,,,,Cote d'Ivoire,Cote d'Ivoire,Lower-Middle
Cuba,America,CUB,National,CUBt,Total,2004,,Cuba,CUB,Cuba,CUB,10.2682304382324,,95.373420715332,10.24083,11.0379,103.295028686523,91.3054275512695,52.4897499084473,Cuba,Cuba,
Djibouti,Africa,DJI,National,DJIt,Total,2004,54.7,Djibouti,DJI,Djibouti,DJI,9.26467037200928,,,34.54823,,,,1.43962001800537,Djibouti,Djibouti,Lower-Middle
Dominican Republic,America,DOM,National,DOMt,Total,2004,67.9,Dominican Republic,DOM,Dominican Republic,DOM,,,88.1438598632812,25.23843,27.03779,107.716453552246,68.8893127441406,,Dominican Republic,Dominican Republic,Upper-Middle
Ecuador,America,ECU,National,ECUt,Total,2004,68.8,Ecuador,ECU,Ecuador,ECU,,,92.4946670532227,23.13241,13.34317,107.823509216309,57.409610748291,,Ecuador,Ecuador,Upper-Middle
Egypt,Africa,EGY,National,EGYt,Total,2004,79.0,"Egypt, Arab Rep.",EGY,"Egypt, Arab Rep.",EGY,4.67072010040283,,84.7778701782227,21.8606,17.07949,90.4439468383789,79.4210968017578,27.6763496398926,"Egypt, Arab Rep.","Egypt, Arab Rep.",High
El Salvador,America,SLV,National,SLVt,Total,2004,61.4,El Salvador,SLV,El Salvador,SLV,,,,46.16032,30.25362,117.09748840332,67.6739273071289,21.5153293609619,El Salvador,El Salvador,Upper-Middle
Eritrea,Africa,ERI,National,ERIt,Total,2004,21.1,Eritrea,ERI,Eritrea,ERI,3.14896988868713,,68.5010986328125,46.68206,47.83736,100.713600158691,44.6503295898438,1.76379001140594,Eritrea,Eritrea,Low
Eswatini,Africa,SWZ,National,SWZt,Total,2004,41.1,Eswatini,SWZ,Eswatini,SWZ,5.40160989761353,,63.6799087524414,32.31015,18.07154,104.61279296875,46.608470916748,5.32836008071899,Eswatini,Eswatini,Lower-Middle
Ethiopia,Africa,ETH,National,ETHt,Total,2004,10.4,Ethiopia,ETH,Ethiopia,ETH,,35.9000015258789,35.0845909118652,,,64.8550796508789,21.0001201629639,2.65906000137329,Ethiopia,Ethiopia,Low
Fiji,Asia/Pacific,FJI,National,FJIt,Total,2004,68.5,Fiji,FJI,Fiji,FJI,6.20915985107422,,97.9120788574219,28.1581,22.38328,101.039352416992,79.871452331543,14.5030603408813,Fiji,Fiji,Upper-Middle
Gambia,Africa,GMB,National,GMBt,Total,2004,42.0,Gambia,GMB,"Gambia, The",GMB,0.622470021247864,,61.1669006347656,38.53397,,78.3305511474609,,1.01964998245239,"Gambia, The",Gambia,Lower-Middle
Georgia,Asia/Pacific,GEO,National,GEOt,Total,2004,66.7,Georgia,GEO,Georgia,GEO,2.91420006752014,,106.712417602539,,,104.983947753906,87.303596496582,46.9170417785645,Georgia,Georgia,Upper-Middle
Ghana,Africa,GHA,National,GHAt,Total,2004,33.2,Ghana,GHA,Ghana,GHA,7.53558015823364,,65.1796722412109,32.34112,18.78948,81.049690246582,35.5564308166504,,Ghana,Ghana,Low
Guatemala,America,GTM,National,GTMt,Total,2004,52.9,Guatemala,GTM,Guatemala,GTM,,,67.2934188842773,30.88923,15.38681,109.322456359863,38.6573181152344,,Guatemala,Guatemala,Lower-Middle
Guinea,Africa,GIN,National,GINt,Total,2004,16.2,Guinea,GIN,Guinea,GIN,1.51568996906281,,46.9465408325195,45.24222,31.82767,76.0170669555664,24.795919418335,2.31824994087219,Guinea,Guinea,Low
Guinea Bissau,Africa,GNB,National,GNBt,Total,2004,25.7,Guinea Bissau,GNB,Guinea-Bissau,GNB,,,,,,109.880088806152,,,Guinea-Bissau,Guinea Bissau,Low
Guyana,America,GUY,National,GUYt,Total,2004,64.4,Guyana,GUY,Guyana,GUY,5.51293992996216,,,,,,,10.431209564209,Guyana,Guyana,Upper-Middle
Honduras,America,HND,National,HNDt,Total,2004,52.7,Honduras,HND,Honduras,HND,,,,32.90479,,106.266677856445,,15.6347904205322,Honduras,Honduras,Lower-Middle
India,Asia/Pacific,IND,National,INDt,Total,2004,35.6,India,IND,India,IND,3.35254001617432,,,,32.69999,,53.6583099365234,11.6037998199463,India,India,Lower-Middle
Indonesia,Asia/Pacific,IDN,National,IDNt,Total,2004,52.9,Indonesia,IDN,Indonesia,IDN,2.74847006797791,90.0,98.6548461914062,20.12598,14.20076,111.60619354248,63.9592704772949,16.3212699890137,Indonesia,Indonesia,Lower-Middle
Iran,Asia/Pacific,IRN,National,IRNt,Total,2004,73.6,"Iran, Islamic Rep.",IRN,"Iran, Islamic Rep.",IRN,4.29662990570068,,102.321502685547,22.60443,,108.460357666016,78.5519409179688,22.3207702636719,"Iran, Islamic Rep.","Iran, Islamic Rep.",Upper-Middle
Iraq,Asia/Pacific,IRQ,National,IRQt,Total,2004,72.7,Iraq,IRQ,Iraq,IRQ,,,71.8681869506836,20.52994,18.78595,95.075439453125,45.2345199584961,15.4530696868896,Iraq,Iraq,Upper-Middle
Jamaica,America,JAM,National,JAMt,Total,2004,,Jamaica,JAM,Jamaica,JAM,3.91254997253418,,81.7724609375,27.53374,19.1404,93.9234924316406,84.1350479125977,18.6317501068115,Jamaica,Jamaica,
Jordan,Asia/Pacific,JOR,National,JORt,Total,2004,88.2,Jordan,JOR,Jordan,JOR,,,90.1655502319336,,,96.6252517700195,83.6611480712891,40.467830657959,Jordan,Jordan,High
Kazakhstan,Asia/Pacific,KAZ,National,KAZt,Total,2004,72.4,Kazakhstan,KAZ,Kazakhstan,KAZ,2.25590991973877,,103.623382568359,17.93263,,102.333023071289,,,Kazakhstan,Kazakhstan,Upper-Middle
Kenya,Africa,KEN,National,KENt,Total,2004,22.8,Kenya,KEN,Kenya,KEN,6.79692983627319,,86.1129379272461,39.53539,26.13435,103.928977966309,46.9004898071289,2.91774988174438,Kenya,Kenya,Low
Kiribati,Asia/Pacific,KIR,National,KIRt,Total,2004,,Kiribati,KIR,Kiribati,KIR,,,111.543388366699,24.66193,18.61897,105.039703369141,85.6392822265625,,Kiribati,Kiribati,
Kuwait,Asia/Pacific,KWT,National,KWTt,Total,2004,,Kuwait,KWT,Kuwait,KWT,5.53506994247437,,103.622756958008,12.84563,10.56204,107.467758178711,101.7216796875,19.9742107391357,Kuwait,Kuwait,
Kyrgyzstan,Asia/Pacific,KGZ,National,KGZt,Total,2004,63.1,Kyrgyzstan,KGZ,Kyrgyz Republic,KGZ,4.62243986129761,,91.5703201293945,24.23079,13.74518,96.2687530517578,83.2227325439453,38.4994506835938,Kyrgyzstan,Kyrgyzstan,Upper-Middle
Lao,Asia/Pacific,LAO,National,LAOt,Total,2004,,Lao,LAO,Lao PDR,LAO,2.41300010681152,,69.1225509643555,31.42554,26.62404,113.803970336914,43.1380882263184,5.65859985351562,Lao PDR,Lao,
Lebanon,Asia/Pacific,LBN,National,LBNt,Total,2004,,Lebanon,LBN,Lebanon,LBN,2.64094996452332,,,14.45002,8.50679,,,34.8871803283691,Lebanon,Lebanon,
Lesotho,Africa,LSO,National,LSOt,Total,2004,23.7,Lesotho,LSO,Lesotho,LSO,11.1090097427368,,68.2907028198242,42.73081,25.12273,124.082908630371,35.5687103271484,,Lesotho,Lesotho,Low
Libya,Africa,LBY,National,LBYt,Total,2004,,Libya,LBY,Libya,LBY,,,,,,106.58975982666,,,Libya,Libya,
Madagascar,Africa,MDG,National,MDGt,Total,2004,19.3,Madagascar,MDG,Madagascar,MDG,2.81261992454529,,43.5429801940918,52.38012,,127.906799316406,,2.52886009216309,Madagascar,Madagascar,Low
Malawi,Africa,MWI,National,MWIt,Total,2004,14.1,Malawi,MWI,Malawi,MWI,,,63.6511383056641,,,138.778579711914,30.027530670166,0.456959992647171,Malawi,Malawi,Low
Malaysia,Asia/Pacific,MYS,National,MYSt,Total,2004,82.0,Malaysia,MYS,Malaysia,MYS,5.92389011383057,,93.4025421142578,17.48584,17.36274,96.1277236938477,82.9730987548828,30.2977600097656,Malaysia,Malaysia,High
Maldives,Asia/Pacific,MDV,National,MDVt,Total,2004,,Maldives,MDV,Maldives,MDV,4.66160011291504,,,22.72075,,120.154891967773,67.9338531494141,,Maldives,Maldives,
Mali,Africa,MLI,National,MLIt,Total,2004,18.1,Mali,MLI,Mali,MLI,3.85922002792358,,38.464958190918,52.24187,,68.3996734619141,22.1290702819824,,Mali,Mali,Low
Mauritania,Africa,MRT,National,MRTt,Total,2004,25.0,Mauritania,MRT,Mauritania,MRT,1.9507999420166,,,40.76051,28.44722,86.8523483276367,21.6031703948975,3.24557995796204,Mauritania,Mauritania,Low
Mauritius,Africa,MUS,National,MUSt,Total,2004,,Mauritius,MUS,Mauritius,MUS,4.25577020645142,,95.625732421875,21.98676,17.57327,101.855949401855,86.3435287475586,17.2851009368896,Mauritius,Mauritius,
Mexico,America,MEX,National,MEXt,Total,2004,72.0,Mexico,MEX,Mexico,MEX,4.51204013824463,91.0,99.7613067626953,28.47157,17.94653,108.834548950195,79.7827072143555,23.7031497955322,Mexico,Mexico,Upper-Middle
Moldova,Europe,MDA,National,MDAt,Total,2004,66.7,Moldova,MDA,Moldova,MDA,6.77103996276855,,,18.95654,12.97961,,,,Moldova,Moldova,Upper-Middle
Mongolia,Asia/Pacific,MNG,National,MNGt,Total,2004,46.6,Mongolia,MNG,Mongolia,MNG,4.32572984695435,,99.5769500732422,32.8681,22.72494,110.112533569336,88.2544021606445,39.715259552002,Mongolia,Mongolia,Lower-Middle
Montenegro,Europe,MNE,National,MNEt,Total,2004,87.5,Montenegro,MNE,Montenegro,MNE,,,,,,104.632583618164,90.45458984375,22.1096992492676,Montenegro,Montenegro,High
Morocco,Africa,MAR,National,MARt,Total,2004,66.7,Morocco,MAR,Morocco,MAR,,52.0,74.0426025390625,27.55149,18.72611,106.186813354492,47.5902709960938,11.0605201721191,Morocco,Morocco,Upper-Middle
Mozambique,Africa,MOZ,National,MOZt,Total,2004,16.2,Mozambique,MOZ,Mozambique,MOZ,3.19839000701904,,30.1592197418213,65.23041,,96.1165618896484,11.0655002593994,1.21905994415283,Mozambique,Mozambique,Low
Myanmar,Asia/Pacific,MMR,National,MMRt,Total,2004,47.2,Myanmar,MMR,Myanmar,MMR,,,82.3989791870117,31.99879,33.04292,103.713706970215,44.5008316040039,,Myanmar,Myanmar,Lower-Middle
Namibia,Africa,NAM,National,NAMt,Total,2004,42.8,Namibia,NAM,Namibia,NAM,,,80.310661315918,33.09097,22.43997,109.807228088379,64.7285537719727,,Namibia,Namibia,Lower-Middle
Nepal,Asia/Pacific,NPL,National,NPLt,Total,2004,24.1,Nepal,NPL,Nepal,NPL,3.17194008827209,,69.7089462280273,35.82852,,114.89289855957,,5.66092014312744,Nepal,Nepal,Low
Nicaragua,America,NIC,National,NICt,Total,2004,47.3,Nicaragua,NIC,Nicaragua,NIC,,,72.9806518554688,35.01829,32.42272,113.051712036133,64.1583480834961,,Nicaragua,Nicaragua,Lower-Middle
Niger,Africa,NER,National,NERt,Total,2004,12.2,Niger,NER,Niger,NER,,,25.8889503479004,43.6949,30.86007,45.6185302734375,8.24114990234375,0.778509974479675,Niger,Niger,Low
Nigeria,Africa,NGA,National,NGAt,Total,2004,34.7,Nigeria,NGA,Nigeria,NGA,,,79.4437484741211,35.80647,40.6197,99.183952331543,35.275520324707,9.82485008239746,Nigeria,Nigeria,Low
North Macedonia,Europe,MKD,National,MKDt,Total,2004,88.8,North Macedonia,MKD,North Macedonia,MKD,,,97.4047698974609,19.95459,15.13043,97.4486389160156,83.2468414306641,28.2504692077637,North Macedonia,North Macedonia,High
Pakistan,Asia/Pacific,PAK,National,PAKt,Total,2004,48.7,Pakistan,PAK,Pakistan,PAK,1.44337999820709,,,37.4976,26.1568,69.646858215332,21.9085197448731,3.0025999546051,Pakistan,Pakistan,Lower-Middle
Palestine,Asia/Pacific,PSE,National,PSEt,Total,2004,,Palestine,PSE,West Bank and Gaza,PSE,,92.0,94.3513717651367,27.6851,27.59462,93.0003662109375,87.3714294433594,35.4363594055176,West Bank and Gaza,Palestine,
Panama,America,PAN,National,PANt,Total,2004,61.3,Panama,PAN,Panama,PAN,3.5786600112915,,93.4535980224609,24.03741,15.76138,109.761222839355,67.4061279296875,43.1405601501465,Panama,Panama,Upper-Middle
Papua New Guinea,Asia/Pacific,PNG,National,PNGt,Total,2004,,Papua New Guinea,PNG,Papua New Guinea,PNG,,,,,,55.6356582641602,,,Papua New Guinea,Papua New Guinea,
Paraguay,America,PRY,National,PRYt,Total,2004,68.0,Paraguay,PRY,Paraguay,PRY,2.86989998817444,,96.5530395507812,27.84345,11.83621,115.15234375,69.1493301391602,27.2375907897949,Paraguay,Paraguay,Upper-Middle
Peru,America,PER,National,PERt,Total,2004,50.3,Peru,PER,Peru,PER,2.95787000656128,88.0,98.6212921142578,23.30454,16.636,114.127166748047,81.7232894897461,32.0726013183594,Peru,Peru,Lower-Middle
Philippines,Asia/Pacific,PHL,National,PHLt,Total,2004,58.9,Philippines,PHL,Philippines,PHL,2.46983003616333,,92.9607315063477,34.53153,37.53937,106.663467407227,84.0311737060547,29.3516693115234,Philippines,Philippines,Upper-Middle
Rwanda,Africa,RWA,National,RWAt,Total,2004,8.08,Rwanda,RWA,Rwanda,RWA,,,41.7583999633789,62.02973,26.26465,131.434463500977,15.3283996582031,2.73148989677429,Rwanda,Rwanda,Low
Saint Lucia,America,LCA,National,LCAt,Total,2004,,Saint Lucia,LCA,St. Lucia,LCA,3.43646001815796,,107.170372009277,22.68667,15.82064,103.170341491699,77.9540023803711,14.0149698257446,St. Lucia,Saint Lucia,
Samoa,Asia/Pacific,WSM,National,WSMt,Total,2004,,Samoa,WSM,Samoa,WSM,,,91.3215789794922,,,99.0531616210938,80.4250717163086,,Samoa,Samoa,
Sao Tome & Principe,Africa,STP,National,STPt,Total,2004,37.8,Sao Tome & Principe,STP,Sao Tome and Principe,STP,3.23470997810364,,68.3996963500977,32.06028,21.70468,123.554298400879,39.6485404968262,,Sao Tome and Principe,Sao Tome & Principe,Lower-Middle
Saudi Arabia,Asia/Pacific,SAU,National,SAUt,Total,2004,,Saudi Arabia,SAU,Saudi Arabia,SAU,6.27747011184692,83.0,,,,,,29.4974994659424,Saudi Arabia,Saudi Arabia,
Senegal,Africa,SEN,National,SENt,Total,2004,38.9,Senegal,SEN,Senegal,SEN,3.07778000831604,,48.0746688842773,43.20416,26.36707,80.2091598510742,20.29953956604,4.90862989425659,Senegal,Senegal,Lower-Middle
Serbia,Europe,SRB,National,SRBt,Total,2004,85.9,Serbia,SRB,Serbia,SRB,,,,,,102.739219665527,88.9171905517578,41.0537910461426,Serbia,Serbia,High
Sierra Leone,Africa,SLE,National,SLEt,Total,2004,,Sierra Leone,SLE,Sierra Leone,SLE,3.14692997932434,35.0,,,,,,,Sierra Leone,Sierra Leone,
South Africa,Africa,ZAF,National,ZAFt,Total,2004,61.9,South Africa,ZAF,South Africa,ZAF,4.50897979736328,,86.3521194458008,35.54274,30.75141,96.8669891357422,77.4297485351562,,South Africa,South Africa,Upper-Middle
Sudan,Africa,SDN,National,SDNt,Total,2004,26.9,Sudan,SDN,Sudan,SDN,1.31254994869232,,,,,64.147590637207,36.3786315917969,9.83870983123779,Sudan,Sudan,Low
Suriname,America,SUR,National,SURt,Total,2004,74.1,Suriname,SUR,Suriname,SUR,,90.0,,,,,,,Suriname,Suriname,Upper-Middle
Syria,Asia/Pacific,SYR,National,SYRt,Total,2004,83.1,Syria,SYR,Syrian Arab Republic,SYR,5.37147998809814,81.0,103.90071105957,,,119.067451477051,65.7855911254883,15.1740503311157,Syrian Arab Republic,Syria,High
Tajikistan,Asia/Pacific,TJK,National,TJKt,Total,2004,52.0,Tajikistan,TJK,Tajikistan,TJK,2.77203011512756,,92.7368698120117,21.51849,15.70491,97.4165115356445,79.4319000244141,19.535680770874,Tajikistan,Tajikistan,Lower-Middle
Tanzania,Africa,TZA,National,TZAt,Total,2004,21.2,Tanzania,TZA,Tanzania,TZA,3.56244993209839,,59.1304512023926,58.27379,,102.11759185791,,1.20785999298096,Tanzania,Tanzania,Low
Thailand,Asia/Pacific,THA,National,THAt,Total,2004,75.8,Thailand,THA,Thailand,THA,4.03088998794556,,,,,99.7841033935547,67.3930816650391,42.3131217956543,Thailand,Thailand,Upper-Middle
Timor Leste,Asia/Pacific,TLS,National,TLSt,Total,2004,,Timor Leste,TLS,Timor-Leste,TLS,,,,50.71393,27.61157,119.327667236328,56.0434494018555,,Timor-Leste,Timor Leste,
Togo,Africa,TGO,National,TGOt,Total,2004,28.2,Togo,TGO,Togo,TGO,2.20198011398315,,73.6162567138672,39.08429,34.03618,112.429191589355,43.0118408203125,,Togo,Togo,Low
Tonga,Asia/Pacific,TON,National,TONt,Total,2004,,Tonga,TON,Tonga,TON,3.91376996040344,,,20.30012,,112.474533081055,97.9341201782227,,Tonga,Tonga,
Trinidad & Tobago,America,TTO,National,TTOt,Total,2004,84.7,Trinidad & Tobago,TTO,Trinidad and Tobago,TTO,,,92.5986022949219,17.51665,,96.7742614746094,84.2731094360352,11.5449304580688,Trinidad and Tobago,Trinidad & Tobago,High
Tunisia,Africa,TUN,National,TUNt,Total,2004,,Tunisia,TUN,Tunisia,TUN,6.72078990936279,74.0,95.1410980224609,20.60639,17.5787,107.59098815918,78.5067520141602,28.5109004974365,Tunisia,Tunisia,
Turkey,Asia/Pacific,TUR,National,TURt,Total,2004,76.4,Turkiye,TUR,Turkiye,TUR,,87.0,,,,104.270729064941,88.3136901855469,30.7662506103516,Turkiye,Turkiye,Upper-Middle
Turks & Caicos Islands,America,TCA,National,TCAt,Total,2004,,Turks & Caicos Islands,TCA,Turks and Caicos Islands,TCA,,,108.682632446289,,,95.9655532836914,84.9264678955078,,Turks and Caicos Islands,Turks & Caicos Islands,
Tuvalu,Asia/Pacific,TUV,National,TUVt,Total,2004,,Tuvalu,TUV,Tuvalu,TUV,,,101.298698425293,19.23288,,99.4334335327148,,,Tuvalu,Tuvalu,
Uganda,Africa,UGA,National,UGAt,Total,2004,16.0,Uganda,UGA,Uganda,UGA,4.95237016677856,,57.262321472168,50.08651,18.47639,126.576171875,19.0221099853516,3.66168999671936,Uganda,Uganda,Low
Ukraine,Europe,UKR,National,UKRt,Total,2004,77.3,Ukraine,UKR,Ukraine,UKR,5.12376022338867,,,18.59754,,98.8630523681641,98.8390197753906,63.4407501220703,Ukraine,Ukraine,Upper-Middle
Uruguay,America,URY,National,URYt,Total,2004,84.4,Uruguay,URY,Uruguay,URY,2.49954009056091,,94.463020324707,20.53409,,111.088363647461,108.258857727051,42.7656097412109,Uruguay,Uruguay,High
Uzbekistan,Asia/Pacific,UZB,National,UZBt,Total,2004,62.6,Uzbekistan,UZB,Uzbekistan,UZB,,,95.9746932983398,20.14552,12.97119,96.9909362792969,96.2950973510742,13.8527898788452,Uzbekistan,Uzbekistan,Upper-Middle
Vanuatu,Asia/Pacific,VUT,National,VUTt,Total,2004,38.1,Vanuatu,VUT,Vanuatu,VUT,,78.4000015258789,83.0960464477539,20.01027,,113.678802490234,39.9716911315918,4.88091993331909,Vanuatu,Vanuatu,Lower-Middle
Venezuela,America,VEN,National,VENt,Total,2004,77.8,Venezuela,VEN,"Venezuela, RB",VEN,,,88.5904312133789,,,103.385231018066,71.5432586669922,41.5587882995605,"Venezuela, RB",Venezuela,Upper-Middle
Vietnam,Asia/Pacific,VNM,National,VNMt,Total,2004,53.3,Viet Nam,VNM,Viet Nam,VNM,,,,23.02694,,106.452262878418,,,Viet Nam,Viet Nam,Lower-Middle
Yemen,Asia/Pacific,YEM,National,YEMt,Total,2004,47.1,Yemen,YEM,"Yemen, Rep.",YEM,5.5541467666626,54.0999984741211,55.8333282470703,,,80.9370193481445,43.4701805114746,8.82633018493652,Yemen,Yemen,Lower-Middle
Zambia,Africa,ZMB,National,ZMBt,Total,2004,20.4,Zambia,ZMB,Zambia,ZMB,2.46342992782593,,70.9879913330078,53.54891,,102.57186126709,,,Zambia,Zambia,Low
Afghanistan,Asia/Pacific,AFG,National,AFGt,Total,2005,,Afghanistan,AFG,Afghanistan,AFG,,,,,,100.229690551758,20.3119602203369,,Afghanistan,Afghanistan,
Albania,Europe,ALB,National,ALBt,Total,2005,82.2,Albania,ALB,Albania,ALB,3.28154993057251,,,,,107.016143798828,82.9714279174805,22.389009475708,Albania,Albania,High
Algeria,Africa,DZA,National,DZAt,Total,2005,75.5,Algeria,DZA,Algeria,DZA,,,98.1214904785156,25.43721,,112.202522277832,82.0377502441406,20.8293895721436,Algeria,Algeria,Upper-Middle
Angola,Africa,AGO,National,AGOt,Total,2005,27.5,Angola,AGO,Angola,AGO,2.12011003494263,,,,,,,2.55246996879578,Angola,Angola,Low
Armenia,Asia/Pacific,ARM,National,ARMt,Total,2005,76.6,Armenia,ARM,Armenia,ARM,2.71202993392944,,93.4663162231445,21.19732,,93.726318359375,86.7430114746094,38.3384399414062,Armenia,Armenia,Upper-Middle
Azerbaijan,Europe,AZE,National,AZEt,Total,2005,65.0,Azerbaijan,AZE,Azerbaijan,AZE,2.97462010383606,,93.4306182861328,13.44831,,95.526969909668,,,Azerbaijan,Azerbaijan,Upper-Middle
Bangladesh,Asia/Pacific,BGD,National,BGDt,Total,2005,26.7,Bangladesh,BGD,Bangladesh,BGD,,,65.8595428466797,47.03943,23.92315,99.953498840332,46.6028785705566,6.29582977294922,Bangladesh,Bangladesh,Low
Barbados,America,BRB,National,BRBt,Total,2005,,Barbados,BRB,Barbados,BRB,5.66965007781982,,99.5899429321289,15.14568,15.88872,100.565002441406,107.731002807617,,Barbados,Barbados,
Belarus,Europe,BLR,National,BLRt,Total,2005,79.5,Belarus,BLR,Belarus,BLR,5.8710298538208,,103.844169616699,16.03553,,101.108100891113,,63.722110748291,Belarus,Belarus,High
Belize,America,BLZ,National,BLZt,Total,2005,72.7,Belize,BLZ,Belize,BLZ,,,102.624122619629,23.62341,18.73235,119.476409912109,75.5892333984375,16.0521106719971,Belize,Belize,Upper-Middle
Benin,Africa,BEN,National,BENt,Total,2005,28.6,Benin,BEN,Benin,BEN,2.6566801071167,,,46.8289,,97.6395721435547,,5.65152978897095,Benin,Benin,Low
Bhutan,Asia/Pacific,BTN,National,BTNt,Total,2005,,Bhutan,BTN,Bhutan,BTN,6.76420021057129,53.0,65.4083786010742,31.05151,28.11474,92.7624130249023,44.0077285766602,4.86986017227173,Bhutan,Bhutan,
Bolivia,America,BOL,National,BOLt,Total,2005,50.6,Bolivia,BOL,Bolivia,BOL,6.71352529525757,,,,,115.199371337891,87.4255523681641,,Bolivia,Bolivia,Lower-Middle
Bosnia and Herzegovina,Europe,BIH,National,BIHt,Total,2005,85.0,Bosnia and Herzegovina,BIH,Bosnia and Herzegovina,BIH,,,,,,,,24.6647491455078,Bosnia and Herzegovina,Bosnia and Herzegovina,High
Botswana,Africa,BWA,National,BWAt,Total,2005,48.3,Botswana,BWA,Botswana,BWA,10.6785898208618,,91.5581970214844,25.55037,13.77713,105.352920532227,77.1164703369141,9.04421997070312,Botswana,Botswana,Lower-Middle
Brazil,America,BRA,National,BRAt,Total,2005,78.6,Brazil,BRA,Brazil,BRA,4.47908020019531,,,21.04365,15.42777,,,,Brazil,Brazil,High
Burkina Faso,Africa,BFA,National,BFAt,Total,2005,21.8,Burkina Faso,BFA,Burkina Faso,BFA,3.94113993644714,24.0,30.6625804901123,47.17637,,56.9559211730957,13.4484701156616,2.16083002090454,Burkina Faso,Burkina Faso,Low
Burundi,Africa,BDI,National,BDIt,Total,2005,10.8,Burundi,BDI,Burundi,BDI,3.632159948349,,35.8155403137207,48.70398,22.82075,86.9328231811523,13.2845802307129,2.18656992912292,Burundi,Burundi,Low
Cambodia,Asia/Pacific,KHM,National,KHMt,Total,2005,33.4,Cambodia,KHM,Cambodia,KHM,,,94.011848449707,53.21143,,143.901824951172,,3.83043003082275,Cambodia,Cambodia,Low
Cameroon,Africa,CMR,National,CMRt,Total,2005,28.3,Cameroon,CMR,Cameroon,CMR,2.65651988983154,,,47.8128,16.17013,105.39527130127,27.413049697876,5.95094013214111,Cameroon,Cameroon,Low
Cape Verde,Africa,CPV,National,CPVt,Total,2005,,Cape Verde,CPV,Cabo Verde,CPV,,,80.7247467041016,26.01411,23.50335,109.543922424316,70.5629425048828,7.11931991577148,Cabo Verde,Cape Verde,
Central African Republic CAR,Africa,CAF,National,CAFt,Total,2005,16.4,Central African Republic CAR,CAF,Central African Republic,CAF,1.65222001075745,,23.4272594451904,88.62691,,57.7481918334961,,,Central African Republic,Central African Republic CAR,Low
Chad,Africa,TCD,National,TCDt,Total,2005,11.0,Chad,TCD,Chad,TCD,1.69476997852325,,29.9270095825195,63.15438,33.54568,72.550651550293,15.9912204742432,1.45950996875763,Chad,Chad,Low
Chili,America,CHL,National,CHLt,Total,2005,86.0,Chili,CHL,Chile,CHL,3.28016996383667,,,26.05133,24.76865,105.35050201416,92.0045623779297,50.2735595703125,Chile,Chili,High
China,Asia/Pacific,CHN,National,CHNt,Total,2005,61.9,China,CHN,China,CHN,2.39190554618835,,,,,,,18.5551490783691,China,China,Upper-Middle
Colombia,America,COL,National,COLt,Total,2005,67.9,Colombia,COL,Colombia,COL,,93.0,107.444198608398,28.34839,26.17165,124.040641784668,86.9616470336914,32.253978729248,Colombia,Colombia,Upper-Middle
Congo Brazzaville,Africa,COG,National,COGt,Total,2005,32.3,Congo Brazzaville,COG,"Congo, Rep.",COG,1.6810200214386,76.0,67.2498626708984,,,106.067832946777,,,"Congo, Rep.",Congo Brazzaville,Low
Costa Rica,America,CRI,National,CRIt,Total,2005,,Costa Rica,CRI,Costa Rica,CRI,,,93.5128021240234,21.34285,,111.624137878418,81.3713302612305,,Costa Rica,Costa Rica,
Cote d'Ivoire,Africa,CIV,National,CIVt,Total,2005,37.9,Cote d'Ivoire,CIV,Cote d'Ivoire,CIV,2.91944003105164,,,,,,,,Cote d'Ivoire,Cote d'Ivoire,Lower-Middle
Cuba,America,CUB,National,CUBt,Total,2005,,Cuba,CUB,Cuba,CUB,10.5577802658081,,97.1291122436523,10.30837,11.05182,103.178070068359,92.6184310913086,60.205940246582,Cuba,Cuba,
Djibouti,Africa,DJI,National,DJIt,Total,2005,54.7,Djibouti,DJI,Djibouti,DJI,8.36588954925537,,,,,,,2.16054010391235,Djibouti,Djibouti,Lower-Middle
Dominican Republic,America,DOM,National,DOMt,Total,2005,68.8,Dominican Republic,DOM,Dominican Republic,DOM,,,,24.32793,26.43142,108.274391174316,70.5230407714844,,Dominican Republic,Dominican Republic,Upper-Middle
Ecuador,America,ECU,National,ECUt,Total,2005,69.7,Ecuador,ECU,Ecuador,ECU,,,96.7199096679688,22.89619,13.90459,107.851249694824,59.8716011047363,,Ecuador,Ecuador,Upper-Middle
Egypt,Africa,EGY,National,EGYt,Total,2005,80.7,"Egypt, Arab Rep.",EGY,"Egypt, Arab Rep.",EGY,4.79442977905273,67.0,86.3347778320312,25.6326,,90.4735794067383,,28.7957496643066,"Egypt, Arab Rep.","Egypt, Arab Rep.",High
El Salvador,America,SLV,National,SLVt,Total,2005,62.2,El Salvador,SLV,El Salvador,SLV,3.17785000801086,,89.4914169311523,43.23934,28.91989,117.049522399902,67.4190521240234,22.3210601806641,El Salvador,El Salvador,Upper-Middle
Equatorial Guinea,Africa,GNQ,National,GNQt,Total,2005,,Equatorial Guinea,GNQ,Equatorial Guinea,GNQ,,,32.8942909240723,,19.24943,71.3268203735352,18.3817405700684,,Equatorial Guinea,Equatorial Guinea,
Eritrea,Africa,ERI,National,ERIt,Total,2005,22.1,Eritrea,ERI,Eritrea,ERI,,,81.3664321899414,47.53362,51.34769,97.9370269775391,48.8826217651367,,Eritrea,Eritrea,Low
Eswatini,Africa,SWZ,National,SWZt,Total,2005,41.5,Eswatini,SWZ,Eswatini,SWZ,6.48462009429932,,66.4139862060547,32.87287,16.73285,108.24292755127,48.5456314086914,4.68316984176636,Eswatini,Eswatini,Lower-Middle
Ethiopia,Africa,ETH,National,ETHt,Total,2005,11.5,Ethiopia,ETH,Ethiopia,ETH,,29.8203392028809,41.3737182617188,,,76.4471206665039,23.440860748291,2.85401010513306,Ethiopia,Ethiopia,Low
Fiji,Asia/Pacific,FJI,National,FJIt,Total,2005,69.3,Fiji,FJI,Fiji,FJI,5.16705989837646,,,,,,,14.4126501083374,Fiji,Fiji,Upper-Middle
Gambia,Africa,GMB,National,GMBt,Total,2005,43.1,Gambia,GMB,"Gambia, The",GMB,0.691879987716675,,58.7829093933105,36.56464,,76.3919830322266,,,"Gambia, The",Gambia,Lower-Middle
Georgia,Asia/Pacific,GEO,National,GEOt,Total,2005,67.9,Georgia,GEO,Georgia,GEO,2.48431992530823,,98.8662872314453,,,103.139099121094,90.4563827514648,51.8170394897461,Georgia,Georgia,Upper-Middle
Ghana,Africa,GHA,National,GHAt,Total,2005,35.0,Ghana,GHA,Ghana,GHA,7.42208003997803,,71.6062698364258,32.81364,18.80186,87.5722732543945,37.7072486877441,5.06897020339966,Ghana,Ghana,Low
Guatemala,America,GTM,National,GTMt,Total,2005,55.4,Guatemala,GTM,Guatemala,GTM,,,71.2449569702148,31.05577,15.75017,110.455780029297,40.6833801269531,,Guatemala,Guatemala,Lower-Middle
Guinea,Africa,GIN,National,GINt,Total,2005,18.6,Guinea,GIN,Guinea,GIN,1.26814997196198,,52.7905387878418,44.86534,34.42526,78.0415420532227,29.1893806457519,3.10872006416321,Guinea,Guinea,Low
Guinea Bissau,Africa,GNB,National,GNBt,Total,2005,26.5,Guinea Bissau,GNB,Guinea-Bissau,GNB,,,,,,116.42366027832,32.1776504516602,2.16905999183655,Guinea-Bissau,Guinea Bissau,Low
Guyana,America,GUY,National,GUYt,Total,2005,65.4,Guyana,GUY,Guyana,GUY,8.13973045349121,,96.8648529052734,28.03939,18.03704,103.625602722168,85.1542282104492,10.9353199005127,Guyana,Guyana,Upper-Middle
Honduras,America,HND,National,HNDt,Total,2005,54.4,Honduras,HND,Honduras,HND,,,76.1147766113281,29.14181,,102.177490234375,,,Honduras,Honduras,Lower-Middle
India,Asia/Pacific,IND,National,INDt,Total,2005,36.7,India,IND,India,IND,3.18875002861023,,,,,,56.3279800415039,11.3199701309204,India,India,Lower-Middle
Indonesia,Asia/Pacific,IDN,National,IDNt,Total,2005,54.6,Indonesia,IDN,Indonesia,IDN,2.8728199005127,,98.9920120239258,20.41336,12.47833,110.959060668945,62.6105499267578,16.8704605102539,Indonesia,Indonesia,Lower-Middle
Iran,Asia/Pacific,IRN,National,IRNt,Total,2005,73.6,"Iran, Islamic Rep.",IRN,"Iran, Islamic Rep.",IRN,4.05650997161865,82.0,111.325729370117,21.74286,,109.030731201172,77.5447311401367,23.579309463501,"Iran, Islamic Rep.","Iran, Islamic Rep.",Upper-Middle
Iraq,Asia/Pacific,IRQ,National,IRQt,Total,2005,74.7,Iraq,IRQ,Iraq,IRQ,,,,,,,,15.499340057373,Iraq,Iraq,Upper-Middle
Jamaica,America,JAM,National,JAMt,Total,2005,,Jamaica,JAM,Jamaica,JAM,4.61641979217529,,,,,93.8925933837891,84.3703918457031,16.8241291046143,Jamaica,Jamaica,
Jordan,Asia/Pacific,JOR,National,JORt,Total,2005,88.5,Jordan,JOR,Jordan,JOR,,91.0,94.3723678588867,,,96.5220336914062,84.393669128418,39.7074890136719,Jordan,Jordan,High
Kazakhstan,Asia/Pacific,KAZ,National,KAZt,Total,2005,73.6,Kazakhstan,KAZ,Kazakhstan,KAZ,2.26353001594543,,103.589126586914,17.26973,,101.975433349609,,,Kazakhstan,Kazakhstan,Upper-Middle
Kenya,Africa,KEN,National,KENt,Total,2005,24.7,Kenya,KEN,Kenya,KEN,7.3356499671936,,87.9280014038086,41.97553,27.20751,103.89037322998,47.1551094055176,2.95904994010925,Kenya,Kenya,Low
Kiribati,Asia/Pacific,KIR,National,KIRt,Total,2005,,Kiribati,KIR,Kiribati,KIR,,,112.999153137207,24.6682,17.0192,106.622169494629,84.0469818115234,,Kiribati,Kiribati,
Kuwait,Asia/Pacific,KWT,National,KWTt,Total,2005,,Kuwait,KWT,Kuwait,KWT,4.73833990097046,93.0,114.241317749023,12.06221,,110.183616638184,108.831367492676,,Kuwait,Kuwait,
Kyrgyzstan,Asia/Pacific,KGZ,National,KGZt,Total,2005,64.1,Kyrgyzstan,KGZ,Kyrgyz Republic,KGZ,4.87383985519409,,96.9785232543945,24.48841,13.41677,96.9728012084961,82.2335891723633,39.4489402770996,Kyrgyzstan,Kyrgyzstan,Upper-Middle
Lao,Asia/Pacific,LAO,National,LAOt,Total,2005,,Lao,LAO,Lao PDR,LAO,2.4140899181366,73.0,72.9880905151367,31.47889,24.78485,115.79541015625,43.8206405639648,7.70166015625,Lao PDR,Lao,
Lebanon,Asia/Pacific,LBN,National,LBNt,Total,2005,,Lebanon,LBN,Lebanon,LBN,2.64618992805481,,,14.57447,9.04021,,,36.9148597717285,Lebanon,Lebanon,
Lesotho,Africa,LSO,National,LSOt,Total,2005,25.0,Lesotho,LSO,Lesotho,LSO,12.0796604156494,,64.4458389282227,41.58735,27.03748,124.61319732666,37.7083511352539,3.49530005455017,Lesotho,Lesotho,Low
Libya,Africa,LBY,National,LBYt,Total,2005,,Libya,LBY,Libya,LBY,,,,,,101.798553466797,93.1094589233398,,Libya,Libya,
Madagascar,Africa,MDG,National,MDGt,Total,2005,20.0,Madagascar,MDG,Madagascar,MDG,3.3096399307251,59.0,55.1769981384277,53.5879,21.55504,132.899917602539,20.4441509246826,2.6235499382019,Madagascar,Madagascar,Low
Malawi,Africa,MWI,National,MWIt,Total,2005,15.0,Malawi,MWI,Malawi,MWI,,,63.6665306091309,,,136.06462097168,29.9272308349609,0.451790004968643,Malawi,Malawi,Low
Malaysia,Asia/Pacific,MYS,National,MYSt,Total,2005,82.9,Malaysia,MYS,Malaysia,MYS,,,97.3357391357422,16.89527,16.26544,96.882080078125,77.7890930175781,27.6870899200439,Malaysia,Malaysia,High
Maldives,Asia/Pacific,MDV,National,MDVt,Total,2005,,Maldives,MDV,Maldives,MDV,5.0168399810791,,132.299575805664,20.08085,,114.222267150879,,,Maldives,Maldives,
Mali,Africa,MLI,National,MLIt,Total,2005,19.0,Mali,MLI,Mali,MLI,3.52218008041382,,40.2724189758301,54.38829,,71.8731994628906,23.9585609436035,,Mali,Mali,Low
Mauritania,Africa,MRT,National,MRTt,Total,2005,26.9,Mauritania,MRT,Mauritania,MRT,,,39.5986785888672,40.32497,30.98364,87.048713684082,21.9198703765869,2.99489998817444,Mauritania,Mauritania,Low
Mauritius,Africa,MUS,National,MUSt,Total,2005,,Mauritius,MUS,Mauritius,MUS,4.02402019500732,,97.9792709350586,22.3399,17.41396,102.094566345215,88.6331024169922,21.0529594421387,Mauritius,Mauritius,
Mexico,America,MEX,National,MEXt,Total,2005,72.8,Mexico,MEX,Mexico,MEX,4.63395023345947,92.0,100.493301391602,28.3176,17.80164,108.534042358398,80.6305389404297,24.130989074707,Mexico,Mexico,Upper-Middle
Moldova,Europe,MDA,National,MDAt,Total,2005,67.2,Moldova,MDA,Moldova,MDA,7.16270017623901,,,17.95097,12.75773,,,,Moldova,Moldova,Upper-Middle
Mongolia,Asia/Pacific,MNG,National,MNGt,Total,2005,48.6,Mongolia,MNG,Mongolia,MNG,,,98.7808990478516,34.23344,22.40598,97.9627914428711,91.6668701171875,43.8617782592773,Mongolia,Mongolia,Lower-Middle
Montenegro,Europe,MNE,National,MNEt,Total,2005,87.9,Montenegro,MNE,Montenegro,MNE,,,,,,108.755180358887,91.0373306274414,24.9292507171631,Montenegro,Montenegro,High
Morocco,Africa,MAR,National,MARt,Total,2005,68.7,Morocco,MAR,Morocco,MAR,,,79.8199081420898,27.09953,,106.112342834473,49.3741798400879,11.6413602828979,Morocco,Morocco,Upper-Middle
Mozambique,Africa,MOZ,National,MOZt,Total,2005,17.2,Mozambique,MOZ,Mozambique,MOZ,3.85834002494812,,42.5165710449219,66.33962,32.1671,102.876220703125,13.5321598052978,1.50230002403259,Mozambique,Mozambique,Low
Myanmar,Asia/Pacific,MMR,National,MMRt,Total,2005,47.3,Myanmar,MMR,Myanmar,MMR,,,,30.90499,33.13514,104.557670593262,45.2513999938965,,Myanmar,Myanmar,Lower-Middle
Namibia,Africa,NAM,National,NAMt,Total,2005,44.6,Namibia,NAM,Namibia,NAM,,,81.4859924316406,30.82422,25.1194,111.185440063477,63.4721488952637,7.14677000045776,Namibia,Namibia,Lower-Middle
Nepal,Asia/Pacific,NPL,National,NPLt,Total,2005,27.0,Nepal,NPL,Nepal,NPL,3.3646399974823,,73.8568572998047,39.71153,,115.485679626465,45.2188491821289,7.11486005783081,Nepal,Nepal,Low
Nicaragua,America,NIC,National,NICt,Total,2005,48.1,Nicaragua,NIC,Nicaragua,NIC,,78.0,76.512092590332,33.55782,33.7329,113.975448608398,66.9869766235352,,Nicaragua,Nicaragua,Lower-Middle
Niger,Africa,NER,National,NERt,Total,2005,12.4,Niger,NER,Niger,NER,,29.0,28.7417106628418,43.67687,27.38444,47.3457717895508,9.15985012054443,0.930280029773712,Niger,Niger,Low
Nigeria,Africa,NGA,National,NGAt,Total,2005,35.2,Nigeria,NGA,Nigeria,NGA,,,81.8972702026367,36.90999,40.16487,99.7802734375,35.1121101379395,10.43577003479,Nigeria,Nigeria,Low
North Macedonia,Europe,MKD,National,MKDt,Total,2005,89.0,North Macedonia,MKD,North Macedonia,MKD,,,95.8290405273438,19.37878,14.70825,98.1046905517578,83.6800384521484,29.7906494140625,North Macedonia,North Macedonia,High
Pakistan,Asia/Pacific,PAK,National,PAKt,Total,2005,50.0,Pakistan,PAK,Pakistan,PAK,1.67058002948761,50.0,54.3838195800781,38.33941,23.25057,73.1828079223633,22.8122806549072,4.37540006637573,Pakistan,Pakistan,Lower-Middle
Palestine,Asia/Pacific,PSE,National,PSEt,Total,2005,,Palestine,PSE,West Bank and Gaza,PSE,,,96.959098815918,24.51948,26.62547,92.1662826538086,88.8233337402344,38.7862014770508,West Bank and Gaza,Palestine,
Panama,America,PAN,National,PANt,Total,2005,63.7,Panama,PAN,Panama,PAN,,,93.4113693237305,24.23255,15.63104,108.754692077637,67.6345367431641,41.7703094482422,Panama,Panama,Upper-Middle
Papua New Guinea,Asia/Pacific,PNG,National,PNGt,Total,2005,,Papua New Guinea,PNG,Papua New Guinea,PNG,,,,,,56.6919288635254,,,Papua New Guinea,Papua New Guinea,
Paraguay,America,PRY,National,PRYt,Total,2005,68.5,Paraguay,PRY,Paraguay,PRY,,,97.7110366821289,,,116.105567932129,69.0906524658203,27.9218807220459,Paraguay,Paraguay,Upper-Middle
Peru,America,PER,National,PERt,Total,2005,52.4,Peru,PER,Peru,PER,2.83903002738953,88.0,99.0808029174805,23.02813,16.72571,113.77018737793,82.7753372192383,32.374210357666,Peru,Peru,Lower-Middle
Philippines,Asia/Pacific,PHL,National,PHLt,Total,2005,59.6,Philippines,PHL,Philippines,PHL,2.32806992530823,,93.0202102661133,35.07377,37.86897,105.968521118164,82.600227355957,28.5942401885986,Philippines,Philippines,Upper-Middle
Rwanda,Africa,RWA,National,RWAt,Total,2005,8.29,Rwanda,RWA,Rwanda,RWA,,,,68.95194,28.71445,138.091659545898,16.4831008911133,2.85111999511719,Rwanda,Rwanda,Low
Saint Lucia,America,LCA,National,LCAt,Total,2005,,Saint Lucia,LCA,St. Lucia,LCA,4.23895978927612,,102.232139587402,21.96925,16.93275,103.064880371094,82.5311126708984,13.6527500152588,St. Lucia,Saint Lucia,
Samoa,Asia/Pacific,WSM,National,WSMt,Total,2005,,Samoa,WSM,Samoa,WSM,,,96.6068267822266,,,99.492317199707,79.6430816650391,,Samoa,Samoa,
Sao Tome & Principe,Africa,STP,National,STPt,Total,2005,38.8,Sao Tome & Principe,STP,Sao Tome and Principe,STP,4.85645008087158,,71.6357192993164,30.77576,21.69169,125.449829101562,42.9937782287598,,Sao Tome and Principe,Sao Tome & Principe,Lower-Middle
Saudi Arabia,Asia/Pacific,SAU,National,SAUt,Total,2005,,Saudi Arabia,SAU,Saudi Arabia,SAU,5.43092012405396,,89.3426971435547,11.33458,11.13496,92.3085098266602,93.4791564941406,31.1733798980713,Saudi Arabia,Saudi Arabia,
Senegal,Africa,SEN,National,SENt,Total,2005,40.1,Senegal,SEN,Senegal,SEN,4.06443023681641,,53.211841583252,41.67137,26.36735,82.1227874755859,22.5061092376709,5.40511989593506,Senegal,Senegal,Lower-Middle
Serbia,Europe,SRB,National,SRBt,Total,2005,86.5,Serbia,SRB,Serbia,SRB,,,,,,104.204238891602,89.385368347168,44.4134788513184,Serbia,Serbia,High
Sierra Leone,Africa,SLE,National,SLEt,Total,2005,20.3,Sierra Leone,SLE,Sierra Leone,SLE,2.8372700214386,,,,,,,,Sierra Leone,Sierra Leone,Low
South Africa,Africa,ZAF,National,ZAFt,Total,2005,62.9,South Africa,ZAF,South Africa,ZAF,4.52449989318848,,,31.39262,32.90201,97.6283874511719,78.0467529296875,,South Africa,South Africa,Upper-Middle
Sudan,Africa,SDN,National,SDNt,Total,2005,27.6,Sudan,SDN,Sudan,SDN,1.17842996120453,,,,,65.9215621948242,36.6428489685059,11.0538301467896,Sudan,Sudan,Low
Suriname,America,SUR,National,SURt,Total,2005,75.2,Suriname,SUR,Suriname,SUR,,,77.3340301513672,18.61562,13.90109,107.749862670898,68.5949478149414,,Suriname,Suriname,Upper-Middle
Syria,Asia/Pacific,SYR,National,SYRt,Total,2005,83.1,Syria,SYR,Syrian Arab Republic,SYR,,,107.138092041016,,,120.904052734375,69.1803817749023,18.3284893035889,Syrian Arab Republic,Syria,High
Tajikistan,Asia/Pacific,TJK,National,TJKt,Total,2005,52.2,Tajikistan,TJK,Tajikistan,TJK,3.51213002204895,,98.5595474243164,21.32679,16.42819,97.9262619018555,80.2264633178711,20.0739994049072,Tajikistan,Tajikistan,Lower-Middle
Tanzania,Africa,TZA,National,TZAt,Total,2005,21.4,Tanzania,TZA,Tanzania,TZA,3.54747009277344,,56.1810684204102,55.85542,,105.995071411133,,1.41761004924774,Tanzania,Tanzania,Low
Thailand,Asia/Pacific,THA,National,THAt,Total,2005,76.8,Thailand,THA,Thailand,THA,3.93859004974365,94.0,,,,100.644523620605,71.679573059082,44.5644683837891,Thailand,Thailand,Upper-Middle
Timor Leste,Asia/Pacific,TLS,National,TLSt,Total,2005,,Timor Leste,TLS,Timor-Leste,TLS,,,,,23.67785,114.289199829102,55.6152687072754,,Timor-Leste,Timor Leste,
Togo,Africa,TGO,National,TGOt,Total,2005,28.8,Togo,TGO,Togo,TGO,2.23748993873596,,72.6430282592773,33.59536,30.50532,111.301727294922,45.3081092834473,,Togo,Togo,Low
Tonga,Asia/Pacific,TON,National,TONt,Total,2005,,Tonga,TON,Tonga,TON,,,107.796882629395,20.30036,,111.582809448242,,,Tonga,Tonga,
Trinidad & Tobago,America,TTO,National,TTOt,Total,2005,85.0,Trinidad & Tobago,TTO,Trinidad and Tobago,TTO,,,89.2411270141602,16.54586,,93.5369415283203,,,Trinidad and Tobago,Trinidad & Tobago,High
Tunisia,Africa,TUN,National,TUNt,Total,2005,,Tunisia,TUN,Tunisia,TUN,6.4515700340271,,96.8245697021484,19.98753,17.24309,107.32740020752,81.5059814453125,30.2890605926514,Tunisia,Tunisia,
Turkey,Asia/Pacific,TUR,National,TURt,Total,2005,77.3,Turkiye,TUR,Turkiye,TUR,,88.0,,,,104.605560302734,84.943717956543,33.2225189208984,Turkiye,Turkiye,Upper-Middle
Turkmenistan,Asia/Pacific,TKM,National,TKMt,Total,2005,72.3,Turkmenistan,TKM,Turkmenistan,TKM,,99.4000015258789,,,,,,,Turkmenistan,Turkmenistan,Upper-Middle
Turks & Caicos Islands,America,TCA,National,TCAt,Total,2005,,Turks & Caicos Islands,TCA,Turks and Caicos Islands,TCA,2.54099988937378,,109.565223693848,,,95.4428176879883,95.1741027832031,,Turks and Caicos Islands,Turks & Caicos Islands,
Tuvalu,Asia/Pacific,TUV,National,TUVt,Total,2005,,Tuvalu,TUV,Tuvalu,TUV,,,111.946899414062,,,102.982948303223,,,Tuvalu,Tuvalu,
Uganda,Africa,UGA,National,UGAt,Total,2005,17.7,Uganda,UGA,Uganda,UGA,,,55.7745590209961,51.73179,,120.285217285156,,,Uganda,Uganda,Low
Ukraine,Europe,UKR,National,UKRt,Total,2005,78.1,Ukraine,UKR,Ukraine,UKR,5.84819984436035,,119.971778869629,18.70376,,109.224052429199,95.1181106567383,66.8898620605469,Ukraine,Ukraine,High
Uruguay,America,URY,National,URYt,Total,2005,85.1,Uruguay,URY,Uruguay,URY,2.71475005149841,,95.6003799438477,20.15194,14.60478,110.983726501465,102.750953674316,44.3836708068848,Uruguay,Uruguay,High
Uzbekistan,Asia/Pacific,UZB,National,UZBt,Total,2005,62.7,Uzbekistan,UZB,Uzbekistan,UZB,,,99.9555892944336,19.94866,13.30873,96.85986328125,87.8653335571289,9.84444999694824,Uzbekistan,Uzbekistan,Upper-Middle
Vanuatu,Asia/Pacific,VUT,National,VUTt,Total,2005,38.7,Vanuatu,VUT,Vanuatu,VUT,,,,,,111.891967773438,,,Vanuatu,Vanuatu,Lower-Middle
Venezuela,America,VEN,National,VENt,Total,2005,79.1,Venezuela,VEN,"Venezuela, RB",VEN,,,90.296630859375,,,102.988227844238,73.8731918334961,,"Venezuela, RB",Venezuela,High
Vietnam,Asia/Pacific,VNM,National,VNMt,Total,2005,56.3,Viet Nam,VNM,Viet Nam,VNM,,,100.113372802734,21.55565,,103.823936462402,,16.332799911499,Viet Nam,Viet Nam,Lower-Middle
Yemen,Asia/Pacific,YEM,National,YEMt,Total,2005,48.9,Yemen,YEM,"Yemen, Rep.",YEM,5.15025568008423,,55.7013092041016,,,83.2665176391602,42.3794708251953,8.80239963531494,Yemen,Yemen,Lower-Middle
Zambia,Africa,ZMB,National,ZMBt,Total,2005,21.7,Zambia,ZMB,Zambia,ZMB,1.73553001880646,,82.1850280761719,56.47904,,113.938583374023,,,Zambia,Zambia,Low
Afghanistan,Asia/Pacific,AFG,National,AFGt,Total,2006,,Afghanistan,AFG,Afghanistan,AFG,4.68476057052612,,,42.32602,,103.932243347168,29.6913509368896,,Afghanistan,Afghanistan,
Albania,Europe,ALB,National,ALBt,Total,2006,82.9,Albania,ALB,Albania,ALB,3.1914598941803,,,,,105.477783203125,84.3257675170898,26.2101001739502,Albania,Albania,High
Algeria,Africa,DZA,National,DZAt,Total,2006,77.0,Algeria,DZA,Algeria,DZA,,73.0,87.219612121582,24.48384,,111.930168151855,83.6042022705078,21.5141696929932,Algeria,Algeria,Upper-Middle
Angola,Africa,AGO,National,AGOt,Total,2006,28.5,Angola,AGO,Angola,AGO,2.28146004676819,,,,,,,2.48175001144409,Angola,Angola,Low
Armenia,Asia/Pacific,ARM,National,ARMt,Total,2006,77.7,Armenia,ARM,Armenia,ARM,2.71577000617981,,92.0257110595703,21.24161,,95.9769287109375,89.1132202148438,41.8117218017578,Armenia,Armenia,Upper-Middle
Azerbaijan,Europe,AZE,National,AZEt,Total,2006,66.0,Azerbaijan,AZE,Azerbaijan,AZE,2.55552005767822,,91.6054306030273,12.496,,94.2166595458984,,19.7894592285156,Azerbaijan,Azerbaijan,Upper-Middle
Bangladesh,Asia/Pacific,BGD,National,BGDt,Total,2006,28.6,Bangladesh,BGD,Bangladesh,BGD,2.13128995895386,,,47.53901,25.04719,99.9751205444336,47.0837898254395,7.24171018600464,Bangladesh,Bangladesh,Low
Barbados,America,BRB,National,BRBt,Total,2006,,Barbados,BRB,Barbados,BRB,,,102.369010925293,,14.58392,101.043678283691,106.926780700684,,Barbados,Barbados,
Belarus,Europe,BLR,National,BLRt,Total,2006,80.0,Belarus,BLR,Belarus,BLR,6.07696008682251,,102.09073638916,16.02405,,99.3765563964844,,66.4904403686523,Belarus,Belarus,High
Belize,America,BLZ,National,BLZt,Total,2006,73.2,Belize,BLZ,Belize,BLZ,,,101.507026672363,22.93853,17.27972,119.14533996582,76.1658782958984,16.8771591186523,Belize,Belize,Upper-Middle
Benin,Africa,BEN,National,BENt,Total,2006,29.7,Benin,BEN,Benin,BEN,2.56340003013611,28.7021102905273,,43.62338,,97.9188232421875,,6.47643995285034,Benin,Benin,Low
Bhutan,Asia/Pacific,BTN,National,BTNt,Total,2006,57.2,Bhutan,BTN,Bhutan,BTN,,,70.7833633422852,29.18213,21.87633,97.1489715576172,46.4466590881348,5.1098198890686,Bhutan,Bhutan,Lower-Middle
Bolivia,America,BOL,National,BOLt,Total,2006,52.7,Bolivia,BOL,Bolivia,BOL,6.43421983718872,,,,,113.561637878418,86.5906295776367,,Bolivia,Bolivia,Lower-Middle
Bosnia and Herzegovina,Europe,BIH,National,BIHt,Total,2006,86.0,Bosnia and Herzegovina,BIH,Bosnia and Herzegovina,BIH,,,,,,,,27.6716403961182,Bosnia and Herzegovina,Bosnia and Herzegovina,High
Botswana,Africa,BWA,National,BWAt,Total,2006,49.7,Botswana,BWA,Botswana,BWA,,,94.1542816162109,25.39325,13.87902,105.866920471191,78.8533630371094,9.87771987915039,Botswana,Botswana,Lower-Middle
Brazil,America,BRA,National,BRAt,Total,2006,80.1,Brazil,BRA,Brazil,BRA,4.87060022354126,90.0,,,,,,,Brazil,Brazil,High
Burkina Faso,Africa,BFA,National,BFAt,Total,2006,23.3,Burkina Faso,BFA,Burkina Faso,BFA,3.98218989372253,22.0,31.960880279541,45.83142,29.60091,60.6565017700195,14.2397899627685,2.2746000289917,Burkina Faso,Burkina Faso,Low
Burundi,Africa,BDI,National,BDIt,Total,2006,12.1,Burundi,BDI,Burundi,BDI,,,,54.18522,28.40414,110.781700134277,14.6844301223755,2.21515011787415,Burundi,Burundi,Low
Cambodia,Asia/Pacific,KHM,National,KHMt,Total,2006,35.1,Cambodia,KHM,Cambodia,KHM,,,97.862678527832,50.42275,29.98881,140.779922485352,40.7451095581055,6.19891977310181,Cambodia,Cambodia,Low
Cameroon,Africa,CMR,National,CMRt,Total,2006,30.1,Cameroon,CMR,Cameroon,CMR,2.53991007804871,,51.4517784118652,44.69425,16.17031,103.893112182617,23.8881702423096,6.95722007751465,Cameroon,Cameroon,Low
Cape Verde,Africa,CPV,National,CPVt,Total,2006,,Cape Verde,CPV,Cabo Verde,CPV,6.52960014343262,,92.2903671264648,25.36885,26.01143,109.634078979492,81.7560272216797,8.20090007781982,Cabo Verde,Cape Verde,
Central African Republic CAR,Africa,CAF,National,CAFt,Total,2006,16.8,Central African Republic CAR,CAF,Central African Republic,CAF,1.41506004333496,,23.3881797790527,,,57.3033485412598,,1.08526003360748,Central African Republic,Central African Republic CAR,Low
Chad,Africa,TCD,National,TCDt,Total,2006,11.6,Chad,TCD,Chad,TCD,,,30.7831192016602,62.72308,32.99598,72.1270980834961,16.3506393432617,,Chad,Chad,Low
Chili,America,CHL,National,CHLt,Total,2006,86.3,Chili,CHL,Chile,CHL,3.04014992713928,,,25.73597,24.41269,105.66822052002,91.9973297119141,49.3216896057129,Chile,Chili,High
China,Asia/Pacific,CHN,National,CHNt,Total,2006,61.8,China,CHN,China,CHN,2.44128441810608,,92.4162292480469,18.25192,17.54954,106.496429443359,74.2114868164062,20.509880065918,China,China,Upper-Middle
Colombia,America,COL,National,COLt,Total,2006,69.6,Colombia,COL,Colombia,COL,,92.0,113.180770874023,28.18322,27.36572,124.619491577148,90.2876663208008,34.3662109375,Colombia,Colombia,Upper-Middle
Congo Brazzaville,Africa,COG,National,COGt,Total,2006,33.3,Congo Brazzaville,COG,"Congo, Rep.",COG,,,73.2619476318359,54.79663,,106.944152832031,,,"Congo, Rep.",Congo Brazzaville,Low
Congo Democratic Republic,Africa,COD,National,CODt,Total,2006,21.4,Congo Democratic Republic,COD,"Congo, Dem. Rep.",COD,,,,,,,,4.30008983612061,"Congo, Dem. Rep.",Congo Democratic Republic,Low
Costa Rica,America,CRI,National,CRIt,Total,2006,,Costa Rica,CRI,Costa Rica,CRI,4.61613988876343,,89.3703536987305,19.70728,17.79432,113.057151794434,88.2225570678711,,Costa Rica,Costa Rica,
Cote d'Ivoire,Africa,CIV,National,CIVt,Total,2006,38.8,Cote d'Ivoire,CIV,Cote d'Ivoire,CIV,2.8199999332428,,42.7145881652832,46.10896,,64.8889312744141,,,Cote d'Ivoire,Cote d'Ivoire,Lower-Middle
Cuba,America,CUB,National,CUBt,Total,2006,,Cuba,CUB,Cuba,CUB,9.05716991424561,,97.3103103637695,9.97784,10.48547,102.90535736084,93.4113922119141,84.9542770385742,Cuba,Cuba,
Djibouti,Africa,DJI,National,DJIt,Total,2006,54.7,Djibouti,DJI,Djibouti,DJI,8.27877998352051,,,33.63267,31.29783,,,2.4476900100708,Djibouti,Djibouti,Lower-Middle
Dominican Republic,America,DOM,National,DOMt,Total,2006,69.7,Dominican Republic,DOM,Dominican Republic,DOM,,,85.86181640625,22.51085,,103.604438781738,,,Dominican Republic,Dominican Republic,Upper-Middle
Ecuador,America,ECU,National,ECUt,Total,2006,70.5,Ecuador,ECU,Ecuador,ECU,,,96.7192687988281,22.51506,14.36216,108.028701782227,61.9531517028809,,Ecuador,Ecuador,Upper-Middle
Egypt,Africa,EGY,National,EGYt,Total,2006,81.4,"Egypt, Arab Rep.",EGY,"Egypt, Arab Rep.",EGY,4.00178003311157,66.0,82.2996292114258,26.00118,,92.061149597168,,28.7297592163086,"Egypt, Arab Rep.","Egypt, Arab Rep.",High
El Salvador,America,SLV,National,SLVt,Total,2006,63.0,El Salvador,SLV,El Salvador,SLV,3.49298000335693,84.0,88.4142379760742,40.09995,,115.950569152832,67.1278762817383,23.1474609375,El Salvador,El Salvador,Upper-Middle
Eritrea,Africa,ERI,National,ERIt,Total,2006,,Eritrea,ERI,Eritrea,ERI,2.12700009346008,,73.9410400390625,47.2394,54.39016,91.7698516845703,50.3980293273926,,Eritrea,Eritrea,
Eswatini,Africa,SWZ,National,SWZt,Total,2006,41.9,Eswatini,SWZ,Eswatini,SWZ,6.55475997924805,,66.9141082763672,33.25891,19.34632,114.299507141113,52.3777084350586,4.45237016677856,Eswatini,Eswatini,Lower-Middle
Ethiopia,Africa,ETH,National,ETHt,Total,2006,12.2,Ethiopia,ETH,Ethiopia,ETH,5.49096012115479,,45.2668190002441,,,81.3970489501953,27.2698707580566,,Ethiopia,Ethiopia,Low
Fiji,Asia/Pacific,FJI,National,FJIt,Total,2006,70.1,Fiji,FJI,Fiji,FJI,5.6553201675415,,98.5685195922852,,23.86738,99.439811706543,79.1958999633789,,Fiji,Fiji,Upper-Middle
Gambia,Africa,GMB,National,GMBt,Total,2006,44.2,Gambia,GMB,"Gambia, The",GMB,0.751630008220673,,57.4537887573242,38.47812,,74.9336318969727,,,"Gambia, The",Gambia,Lower-Middle
Georgia,Asia/Pacific,GEO,National,GEOt,Total,2006,69.0,Georgia,GEO,Georgia,GEO,3.00364995002747,,97.9110336303711,,,104.71443939209,92.8652877807617,42.8070793151855,Georgia,Georgia,Upper-Middle
Ghana,Africa,GHA,National,GHAt,Total,2006,36.7,Ghana,GHA,Ghana,GHA,5.14794015884399,,69.7014083862305,35.38932,17.36505,92.0100021362305,39.6188697814941,4.57463979721069,Ghana,Ghana,Lower-Middle
Guatemala,America,GTM,National,GTMt,Total,2006,57.9,Guatemala,GTM,Guatemala,GTM,3.03285002708435,,74.2240905761719,30.95251,16.20368,111.447937011719,42.5541114807129,,Guatemala,Guatemala,Upper-Middle
Guinea,Africa,GIN,National,GINt,Total,2006,21.0,Guinea,GIN,Guinea,GIN,,,57.1159896850586,44.45992,35.82585,79.8408126831055,32.452579498291,5.42220020294189,Guinea,Guinea,Low
Guinea Bissau,Africa,GNB,National,GNBt,Total,2006,27.2,Guinea Bissau,GNB,Guinea-Bissau,GNB,,,,62.23411,37.28108,121.140022277832,34.7679214477539,2.52465009689331,Guinea-Bissau,Guinea Bissau,Low
Guyana,America,GUY,National,GUYt,Total,2006,66.4,Guyana,GUY,Guyana,GUY,3.11891007423401,,99.526611328125,,,,,10.9832801818848,Guyana,Guyana,Upper-Middle
Haiti,America,HTI,National,HTIt,Total,2006,25.3,Haiti,HTI,Haiti,HTI,,48.6850204467773,,,,,,,Haiti,Haiti,Low
Honduras,America,HND,National,HNDt,Total,2006,56.0,Honduras,HND,Honduras,HND,,,81.5691986083984,27.92893,,105.373390197754,57.3545684814453,,Honduras,Honduras,Lower-Middle
India,Asia/Pacific,IND,National,INDt,Total,2006,37.7,India,IND,India,IND,3.14284992218018,63.0,,,,,57.2240791320801,12.1438102722168,India,India,Lower-Middle
Indonesia,Asia/Pacific,IDN,National,IDNt,Total,2006,56.3,Indonesia,IDN,Indonesia,IDN,,92.0,97.5537185668945,19.00007,12.26633,109.592582702637,65.7089309692383,16.9588603973389,Indonesia,Indonesia,Lower-Middle
Iran,Asia/Pacific,IRN,National,IRNt,Total,2006,73.6,"Iran, Islamic Rep.",IRN,"Iran, Islamic Rep.",IRN,4.28998994827271,82.0,105.532127380371,21.84821,,110.641700744629,78.4934921264648,26.3164196014404,"Iran, Islamic Rep.","Iran, Islamic Rep.",Upper-Middle
Jamaica,America,JAM,National,JAMt,Total,2006,,Jamaica,JAM,Jamaica,JAM,,,,,,,,16.696590423584,Jamaica,Jamaica,
Jordan,Asia/Pacific,JOR,National,JORt,Total,2006,88.8,Jordan,JOR,Jordan,JOR,,,93.2436904907227,,,95.7085113525391,86.7745513916016,37.8664016723633,Jordan,Jordan,High
Kazakhstan,Asia/Pacific,KAZ,National,KAZt,Total,2006,74.7,Kazakhstan,KAZ,Kazakhstan,KAZ,2.62678003311157,,100.997711181641,16.77062,,101.16813659668,99.4384231567383,56.3105812072754,Kazakhstan,Kazakhstan,Upper-Middle
Kenya,Africa,KEN,National,KENt,Total,2006,26.6,Kenya,KEN,Kenya,KEN,7.04983997344971,,,41.54025,28.32847,101.536903381348,48.7971496582031,,Kenya,Kenya,Low
Kiribati,Asia/Pacific,KIR,National,KIRt,Total,2006,,Kiribati,KIR,Kiribati,KIR,,,109.615379333496,26.5462,17.98425,104.60368347168,82.2529525756836,,Kiribati,Kiribati,
Kuwait,Asia/Pacific,KWT,National,KWTt,Total,2006,,Kuwait,KWT,Kuwait,KWT,3.75997996330261,93.0,,10.14275,,107.860626220703,101.005310058594,,Kuwait,Kuwait,
Kyrgyzstan,Asia/Pacific,KGZ,National,KGZt,Total,2006,65.1,Kyrgyzstan,KGZ,Kyrgyz Republic,KGZ,5.54986000061035,,96.5638809204102,23.84174,13.51613,97.4807205200195,82.8100509643555,40.0874710083008,Kyrgyzstan,Kyrgyzstan,Upper-Middle
Lao,Asia/Pacific,LAO,National,LAOt,Total,2006,,Lao,LAO,Lao PDR,LAO,2.95879006385803,,76.9755935668945,31.03166,24.73147,116.550247192383,43.6622314453125,8.90923023223877,Lao PDR,Lao,
Lebanon,Asia/Pacific,LBN,National,LBNt,Total,2006,,Lebanon,LBN,Lebanon,LBN,2.77975988388062,,,14.22194,9.18398,,,38.1570205688477,Lebanon,Lebanon,
Lesotho,Africa,LSO,National,LSOt,Total,2006,26.4,Lesotho,LSO,Lesotho,LSO,11.2712802886963,,83.8619079589844,40.78086,25.79141,127.235618591309,38.8591384887695,3.7163999080658,Lesotho,Lesotho,Low
Liberia,Africa,LBR,National,LBRt,Total,2006,23.0,Liberia,LBR,Liberia,LBR,,,63.7500915527344,27.97468,,90.7917785644531,,,Liberia,Liberia,Low
Libya,Africa,LBY,National,LBYt,Total,2006,,Libya,LBY,Libya,LBY,,,,,,106.919326782227,97.4502029418945,,Libya,Libya,
Madagascar,Africa,MDG,National,MDGt,Total,2006,20.8,Madagascar,MDG,Madagascar,MDG,2.83097004890442,,54.0746917724609,48.14341,23.69152,133.369888305664,23.0418605804443,2.80920004844666,Madagascar,Madagascar,Low
Malawi,Africa,MWI,National,MWIt,Total,2006,15.8,Malawi,MWI,Malawi,MWI,,,63.4621315002441,,,134.921722412109,31.8681392669678,0.48377001285553,Malawi,Malawi,Low
Malaysia,Asia/Pacific,MYS,National,MYSt,Total,2006,83.9,Malaysia,MYS,Malaysia,MYS,4.48576021194458,,95.3494110107422,15.65511,16.29535,97.2874221801758,76.8364181518555,28.2458801269531,Malaysia,Malaysia,High
Maldives,Asia/Pacific,MDV,National,MDVt,Total,2006,78.0,Maldives,MDV,Maldives,MDV,4.64523983001709,98.0,123.411239624023,16.41787,,112.658378601074,,,Maldives,Maldives,High
Mali,Africa,MLI,National,MLIt,Total,2006,19.9,Mali,MLI,Mali,MLI,,26.0,45.5662803649902,52.76025,,74.6659393310547,25.9403591156006,,Mali,Mali,Low
Mauritania,Africa,MRT,National,MRTt,Total,2006,28.9,Mauritania,MRT,Mauritania,MRT,1.95851004123688,,40.751880645752,41.41219,26.19698,90.2303009033203,22.5715503692627,3.39830994606018,Mauritania,Mauritania,Low
Mauritius,Africa,MUS,National,MUSt,Total,2006,,Mauritius,MUS,Mauritius,MUS,3.64839005470276,,92.6295928955078,21.68399,16.61191,101.59693145752,86.6944198608398,23.6054592132568,Mauritius,Mauritius,
Mexico,America,MEX,National,MEXt,Total,2006,73.7,Mexico,MEX,Mexico,MEX,4.4931697845459,92.0,100.936187744141,28.00397,17.83042,108.129272460938,82.7013931274414,24.5689697265625,Mexico,Mexico,Upper-Middle
Moldova,Europe,MDA,National,MDAt,Total,2006,67.7,Moldova,MDA,Moldova,MDA,7.49899005889893,,,17.04615,12.39943,,,,Moldova,Moldova,Upper-Middle
Mongolia,Asia/Pacific,MNG,National,MNGt,Total,2006,50.6,Mongolia,MNG,Mongolia,MNG,,,,33.01005,20.31616,99.6550674438477,91.7878112792969,47.4592208862305,Mongolia,Mongolia,Lower-Middle
Montenegro,Europe,MNE,National,MNEt,Total,2006,88.3,Montenegro,MNE,Montenegro,MNE,,,,,,112.498550415039,92.1242370605469,29.1942901611328,Montenegro,Montenegro,High
Morocco,Africa,MAR,National,MARt,Total,2006,70.6,Morocco,MAR,Morocco,MAR,,,84.0372009277344,26.95752,,105.147178649902,52.4637603759766,12.1367998123169,Morocco,Morocco,Upper-Middle
Mozambique,Africa,MOZ,National,MOZt,Total,2006,18.2,Mozambique,MOZ,Mozambique,MOZ,3.7359299659729,,42.0033493041992,67.26054,35.80093,105.228698730469,15.8562698364258,2.22429990768433,Mozambique,Mozambique,Low
Myanmar,Asia/Pacific,MMR,National,MMRt,Total,2006,47.4,Myanmar,MMR,Myanmar,MMR,,,88.9234924316406,29.90129,33.77265,105.356552124023,47.2110786437988,,Myanmar,Myanmar,Lower-Middle
Namibia,Africa,NAM,National,NAMt,Total,2006,46.4,Namibia,NAM,Namibia,NAM,6.03171014785767,,80.3017196655273,31.44758,25.20003,111.909362792969,62.4719581604004,6.79779005050659,Namibia,Namibia,Lower-Middle
Nepal,Asia/Pacific,NPL,National,NPLt,Total,2006,29.8,Nepal,NPL,Nepal,NPL,3.60536003112793,,76.5265731811523,,,129.823547363281,42.848461151123,7.59656000137329,Nepal,Nepal,Low
Nicaragua,America,NIC,National,NICt,Total,2006,49.0,Nicaragua,NIC,Nicaragua,NIC,,,75.520393371582,33.2727,32.82258,117.260429382324,66.5023880004883,,Nicaragua,Nicaragua,Lower-Middle
Niger,Africa,NER,National,NERt,Total,2006,12.6,Niger,NER,Niger,NER,2.55852007865906,,31.5844497680664,39.98413,29.48641,47.8861312866211,10.5753402709961,0.939580023288727,Niger,Niger,Low
Nigeria,Africa,NGA,National,NGAt,Total,2006,35.7,Nigeria,NGA,Nigeria,NGA,,70.0,89.1874008178711,40.4173,31.85068,100.187828063965,34.4249801635742,,Nigeria,Nigeria,Lower-Middle
North Macedonia,Europe,MKD,National,MKDt,Total,2006,89.1,North Macedonia,MKD,North Macedonia,MKD,,,95.8238372802734,19.12691,,97.4777984619141,,29.2525997161865,North Macedonia,North Macedonia,High
Pakistan,Asia/Pacific,PAK,National,PAKt,Total,2006,51.2,Pakistan,PAK,Pakistan,PAK,1.98055994510651,54.0,53.2989692687988,39.00535,,69.8638076782227,27.5696792602539,4.45320987701416,Pakistan,Pakistan,Lower-Middle
Palestine,Asia/Pacific,PSE,National,PSEt,Total,2006,,Palestine,PSE,West Bank and Gaza,PSE,,93.0,,32.3483,27.86365,90.2684173583984,90.4896697998047,40.6296005249023,West Bank and Gaza,Palestine,
Panama,America,PAN,National,PANt,Total,2006,66.1,Panama,PAN,Panama,PAN,,,91.581298828125,24.5048,15.77361,109.352157592773,67.5453033447266,42.7828216552734,Panama,Panama,Upper-Middle
Papua New Guinea,Asia/Pacific,PNG,National,PNGt,Total,2006,,Papua New Guinea,PNG,Papua New Guinea,PNG,,,,,,55.2599487304688,,,Papua New Guinea,Papua New Guinea,
Paraguay,America,PRY,National,PRYt,Total,2006,69.0,Paraguay,PRY,Paraguay,PRY,,,97.609619140625,,,114.445793151855,68.7788619995117,,Paraguay,Paraguay,Upper-Middle
Peru,America,PER,National,PERt,Total,2006,54.5,Peru,PER,Peru,PER,2.65281009674072,89.0,100.622528076172,21.88156,16.21431,113.603370666504,85.7075805664062,33.8254699707031,Peru,Peru,Lower-Middle
Philippines,Asia/Pacific,PHL,National,PHLt,Total,2006,60.3,Philippines,PHL,Philippines,PHL,2.42579007148743,,89.9462738037109,34.59417,37.27093,103.892189025879,80.3750915527344,28.8363800048828,Philippines,Philippines,Upper-Middle
Rwanda,Africa,RWA,National,RWAt,Total,2006,11.0,Rwanda,RWA,Rwanda,RWA,,,,65.93305,30.65093,148.047485351562,18.1992893218994,3.64229989051819,Rwanda,Rwanda,Low
Saint Lucia,America,LCA,National,LCAt,Total,2006,,Saint Lucia,LCA,St. Lucia,LCA,4.69669008255005,,108.303573608398,23.52838,17.0142,107.420150756836,87.1280517578125,10.2959804534912,St. Lucia,Saint Lucia,
Samoa,Asia/Pacific,WSM,National,WSMt,Total,2006,,Samoa,WSM,Samoa,WSM,,,95.9523773193359,,,99.5563125610352,79.2835464477539,,Samoa,Samoa,
Sao Tome & Principe,Africa,STP,National,STPt,Total,2006,39.9,Sao Tome & Principe,STP,Sao Tome and Principe,STP,4.27118015289307,,,,,,,,Sao Tome and Principe,Sao Tome & Principe,Lower-Middle
Saudi Arabia,Asia/Pacific,SAU,National,SAUt,Total,2006,,Saudi Arabia,SAU,Saudi Arabia,SAU,5.89117002487183,,,,,,,29.8706092834473,Saudi Arabia,Saudi Arabia,
Senegal,Africa,SEN,National,SENt,Total,2006,41.6,Senegal,SEN,Senegal,SEN,3.82137989997864,42.0,50.6238212585449,38.531,,81.8475189208984,24.3925895690918,5.5802001953125,Senegal,Senegal,Lower-Middle
Serbia,Europe,SRB,National,SRBt,Total,2006,87.1,Serbia,SRB,Serbia,SRB,,,,,,103.812492370605,89.7168502807617,47.0758094787598,Serbia,Serbia,High
South Africa,Africa,ZAF,National,ZAFt,Total,2006,64.0,South Africa,ZAF,South Africa,ZAF,4.52651977539062,,,33.04696,30.21484,99.7244720458984,80.7229995727539,,South Africa,South Africa,Upper-Middle
Sudan,Africa,SDN,National,SDNt,Total,2006,28.3,Sudan,SDN,Sudan,SDN,1.55353999137878,,,,,70.8294067382812,35.4113388061523,12.4847202301025,Sudan,Sudan,Low
Suriname,America,SUR,National,SURt,Total,2006,76.4,Suriname,SUR,Suriname,SUR,,,84.48681640625,15.9867,14.07804,106.310699462891,70.2325286865234,,Suriname,Suriname,Upper-Middle
Syria,Asia/Pacific,SYR,National,SYRt,Total,2006,83.1,Syria,SYR,Syrian Arab Republic,SYR,5.27965021133423,,109.806640625,,,120.943916320801,70.6653137207031,21.0369606018066,Syrian Arab Republic,Syria,High
Tajikistan,Asia/Pacific,TJK,National,TJKt,Total,2006,54.3,Tajikistan,TJK,Tajikistan,TJK,3.40350008010864,,101.444976806641,22.17816,16.45897,97.569206237793,81.2019729614258,21.2028503417969,Tajikistan,Tajikistan,Lower-Middle
Tanzania,Africa,TZA,National,TZAt,Total,2006,21.5,Tanzania,TZA,Tanzania,TZA,3.00991988182068,,73.6560211181641,52.40834,,108.850700378418,,,Tanzania,Tanzania,Low
Thailand,Asia/Pacific,THA,National,THAt,Total,2006,77.9,Thailand,THA,Thailand,THA,4.05038022994995,,,18.26577,21.69429,100.227897644043,71.6778030395508,44.4201011657715,Thailand,Thailand,High
Togo,Africa,TGO,National,TGOt,Total,2006,29.4,Togo,TGO,Togo,TGO,2.43237996101379,57.0,72.090690612793,37.56283,38.86003,114.655570983887,47.1379013061523,5.08456993103027,Togo,Togo,Low
Tonga,Asia/Pacific,TON,National,TONt,Total,2006,,Tonga,TON,Tonga,TON,,99.0,102.766639709473,22.29079,,110.631492614746,97.8654708862305,,Tonga,Tonga,
Tunisia,Africa,TUN,National,TUNt,Total,2006,,Tunisia,TUN,Tunisia,TUN,6.43879985809326,,,19.14138,16.87683,106.788177490234,83.5737686157227,31.0529403686523,Tunisia,Tunisia,
Turkey,Asia/Pacific,TUR,National,TURt,Total,2006,78.1,Turkiye,TUR,Turkiye,TUR,,88.0,,,,104.943740844727,88.5527877807617,37.3102416992188,Turkiye,Turkiye,High
Tuvalu,Asia/Pacific,TUV,National,TUVt,Total,2006,,Tuvalu,TUV,Tuvalu,TUV,,,101.702133178711,,,103.98860168457,,,Tuvalu,Tuvalu,
Uganda,Africa,UGA,National,UGAt,Total,2006,19.5,Uganda,UGA,Uganda,UGA,,71.0,,49.04733,,119.035682678223,,3.55641007423401,Uganda,Uganda,Low
Ukraine,Europe,UKR,National,UKRt,Total,2006,78.9,Ukraine,UKR,Ukraine,UKR,5.97945976257324,,105.400451660156,17.12453,,103.984046936035,97.1627883911133,71.939811706543,Ukraine,Ukraine,High
Uruguay,America,URY,National,URYt,Total,2006,85.9,Uruguay,URY,Uruguay,URY,2.85664010047913,98.0,97.118896484375,19.64452,15.40865,111.688217163086,102.318283081055,45.3399810791016,Uruguay,Uruguay,High
Uzbekistan,Asia/Pacific,UZB,National,UZBt,Total,2006,62.9,Uzbekistan,UZB,Uzbekistan,UZB,,,95.2745208740234,19.38332,13.03556,96.1964797973633,88.7272109985352,9.96053028106689,Uzbekistan,Uzbekistan,Upper-Middle
Vanuatu,Asia/Pacific,VUT,National,VUTt,Total,2006,39.3,Vanuatu,VUT,Vanuatu,VUT,,,,,,107.261726379395,,,Vanuatu,Vanuatu,Lower-Middle
Venezuela,America,VEN,National,VENt,Total,2006,80.5,Venezuela,VEN,"Venezuela, RB",VEN,3.66905999183655,,94.149772644043,,,102.693328857422,76.3974304199219,,"Venezuela, RB",Venezuela,High
Vietnam,Asia/Pacific,VNM,National,VNMt,Total,2006,59.3,Viet Nam,VNM,Viet Nam,VNM,,,103.803787231445,20.6947,,101.769088745117,,17.2420101165771,Viet Nam,Viet Nam,Upper-Middle
Yemen,Asia/Pacific,YEM,National,YEMt,Total,2006,50.7,Yemen,YEM,"Yemen, Rep.",YEM,5.14441585540771,,,,,,,8.46525955200195,Yemen,Yemen,Lower-Middle
Zambia,Africa,ZMB,National,ZMBt,Total,2006,22.9,Zambia,ZMB,Zambia,ZMB,,,83.4297103881836,57.00626,,115.222511291504,,,Zambia,Zambia,Low
Afghanistan,Asia/Pacific,AFG,National,AFGt,Total,2007,,Afghanistan,AFG,Afghanistan,AFG,4.17489528656006,,,42.7703,31.56236,101.086456298828,29.0891704559326,,Afghanistan,Afghanistan,
Albania,Europe,ALB,National,ALBt,Total,2007,83.6,Albania,ALB,Albania,ALB,3.27592992782593,,108.387466430664,,,103.488441467285,86.2188568115234,30.2319297790527,Albania,Albania,High
Algeria,Africa,DZA,National,DZAt,Total,2007,78.4,Algeria,DZA,Algeria,DZA,,,97.6364898681641,23.93164,,112.47193145752,73.5201416015625,23.7742099761963,Algeria,Algeria,High
Angola,Africa,AGO,National,AGOt,Total,2007,29.5,Angola,AGO,Angola,AGO,,,,41.0124,,104.233329772949,,,Angola,Angola,Low
Armenia,Asia/Pacific,ARM,National,ARMt,Total,2007,78.7,Armenia,ARM,Armenia,ARM,3.01893997192383,,96.7462768554688,19.3076,,106.073532104492,89.9713287353516,44.433708190918,Armenia,Armenia,High
Azerbaijan,Europe,AZE,National,AZEt,Total,2007,67.1,Azerbaijan,AZE,Azerbaijan,AZE,2.5492799282074,100.0,98.13037109375,11.61559,,94.7712020874023,,19.3645992279053,Azerbaijan,Azerbaijan,Upper-Middle
Bangladesh,Asia/Pacific,BGD,National,BGDt,Total,2007,30.4,Bangladesh,BGD,Bangladesh,BGD,2.20221996307373,46.6636009216309,,44.75494,25.24427,98.1889877319336,47.9007186889648,7.86712980270386,Bangladesh,Bangladesh,Low
Barbados,America,BRB,National,BRBt,Total,2007,,Barbados,BRB,Barbados,BRB,5.22061014175415,,98.5330810546875,14.54218,,100.561050415039,108.901550292969,59.9852714538574,Barbados,Barbados,
Belarus,Europe,BLR,National,BLRt,Total,2007,80.4,Belarus,BLR,Belarus,BLR,5.15210008621216,,99.6099624633789,15.96701,,97.7906723022461,,69.5346298217773,Belarus,Belarus,High
Belize,America,BLZ,National,BLZt,Total,2007,73.8,Belize,BLZ,Belize,BLZ,,,103.508522033691,22.88272,16.96826,117.114227294922,75.2803726196289,17.8864498138428,Belize,Belize,Upper-Middle
Benin,Africa,BEN,National,BENt,Total,2007,31.1,Benin,BEN,Benin,BEN,2.36331009864807,,,,,,,7.7589898109436,Benin,Benin,Low
Bhutan,Asia/Pacific,BTN,National,BTNt,Total,2007,57.2,Bhutan,BTN,Bhutan,BTN,,,73.3303527832031,,,101.165946960449,50.2341995239258,5.53646993637085,Bhutan,Bhutan,Lower-Middle
Bolivia,America,BOL,National,BOLt,Total,2007,54.7,Bolivia,BOL,Bolivia,BOL,6.72048997879028,91.0,,,,112.767723083496,86.0495986938477,,Bolivia,Bolivia,Lower-Middle
Bosnia and Herzegovina,Europe,BIH,National,BIHt,Total,2007,87.1,Bosnia and Herzegovina,BIH,Bosnia and Herzegovina,BIH,,,,,,110.146438598633,81.035530090332,31.3900508880615,Bosnia and Herzegovina,Bosnia and Herzegovina,High
Botswana,Africa,BWA,National,BWAt,Total,2007,51.1,Botswana,BWA,Botswana,BWA,9.04666996002197,,90.6586074829102,25.22265,13.82065,104.853553771973,79.3285827636719,10.0200796127319,Botswana,Botswana,Lower-Middle
Brazil,America,BRA,National,BRAt,Total,2007,81.7,Brazil,BRA,Brazil,BRA,4.97425985336304,90.0,,23.85828,18.55159,,,,Brazil,Brazil,High
Burkina Faso,Africa,BFA,National,BFAt,Total,2007,24.8,Burkina Faso,BFA,Burkina Faso,BFA,4.07983016967773,28.0,34.0685195922852,47.65745,28.19459,66.1942977905273,15.3694496154785,2.42068004608154,Burkina Faso,Burkina Faso,Low
Burundi,Africa,BDI,National,BDIt,Total,2007,13.5,Burundi,BDI,Burundi,BDI,,,49.2426605224609,51.99833,27.98893,124.006248474121,15.7173204421997,2.31571006774902,Burundi,Burundi,Low
Cambodia,Asia/Pacific,KHM,National,KHMt,Total,2007,36.8,Cambodia,KHM,Cambodia,KHM,1.59930002689362,,99.0910568237305,50.8791,28.92194,137.844223022461,43.9667510986328,7.51466989517212,Cambodia,Cambodia,Lower-Middle
Cameroon,Africa,CMR,National,CMRt,Total,2007,31.9,Cameroon,CMR,Cameroon,CMR,2.87815999984741,71.0,54.8315696716309,44.43054,21.89841,105.749359130859,32.7429504394531,7.42952013015747,Cameroon,Cameroon,Low
Cape Verde,Africa,CPV,National,CPVt,Total,2007,,Cape Verde,CPV,Cabo Verde,CPV,4.95981979370117,,87.8970794677734,24.85836,19.02441,108.703033447266,80.4358978271484,9.36305046081543,Cabo Verde,Cape Verde,
Central African Republic CAR,Africa,CAF,National,CAFt,Total,2007,17.0,Central African Republic CAR,CAF,Central African Republic,CAF,1.31332004070282,,,,,66.1976470947266,,,Central African Republic,Central African Republic CAR,Low
Chad,Africa,TCD,National,TCDt,Total,2007,12.3,Chad,TCD,Chad,TCD,,,,60.37925,32.91156,70.9294815063477,18.8661098480225,,Chad,Chad,Low
Chili,America,CHL,National,CHLt,Total,2007,86.5,Chili,CHL,Chile,CHL,3.2331600189209,,,25.11168,23.71092,106.517280578613,91.5507965087891,54.7230491638184,Chile,Chili,High
China,Asia/Pacific,CHN,National,CHNt,Total,2007,61.7,China,CHN,China,CHN,2.70073485374451,,96.407600402832,17.68203,16.36853,106.728660583496,78.3460006713867,21.4464302062988,China,China,Upper-Middle
Colombia,America,COL,National,COLt,Total,2007,71.3,Colombia,COL,Colombia,COL,,93.0,114.754417419434,29.51974,25.2348,125.468856811523,93.012809753418,35.4785308837891,Colombia,Colombia,Upper-Middle
Comoros,Africa,COM,National,COMt,Total,2007,40.3,Comoros,COM,Comoros,COM,,,59.1752510070801,,,96.8404922485352,,4.53015995025635,Comoros,Comoros,Lower-Middle
Congo Brazzaville,Africa,COG,National,COGt,Total,2007,34.2,Congo Brazzaville,COG,"Congo, Rep.",COG,,,72.2435684204102,58.48011,,105.266700744629,,,"Congo, Rep.",Congo Brazzaville,Low
Congo Democratic Republic,Africa,COD,National,CODt,Total,2007,20.1,Congo Democratic Republic,COD,"Congo, Dem. Rep.",COD,,61.2055511474609,49.5882987976074,38.29543,15.67164,86.5012130737305,34.5101585388184,4.28283023834229,"Congo, Dem. Rep.",Congo Democratic Republic,Low
Costa Rica,America,CRI,National,CRIt,Total,2007,,Costa Rica,CRI,Costa Rica,CRI,4.6345100402832,,91.2880630493164,19.494,17.91364,111.825286865234,89.6610488891602,,Costa Rica,Costa Rica,
Cote d'Ivoire,Africa,CIV,National,CIVt,Total,2007,39.7,Cote d'Ivoire,CIV,Cote d'Ivoire,CIV,3.01613998413086,,43.701530456543,41.00376,,65.3321380615234,,8.78141975402832,Cote d'Ivoire,Cote d'Ivoire,Lower-Middle
Cuba,America,CUB,National,CUBt,Total,2007,,Cuba,CUB,Cuba,CUB,11.8682098388672,,97.9003219604492,9.64855,9.63266,102.05394744873,93.358772277832,105.414001464844,Cuba,Cuba,
Djibouti,Africa,DJI,National,DJIt,Total,2007,54.7,Djibouti,DJI,Djibouti,DJI,8.40625,,,35.48341,34.25269,,,2.72186994552612,Djibouti,Djibouti,Lower-Middle
Dominican Republic,America,DOM,National,DOMt,Total,2007,70.7,Dominican Republic,DOM,Dominican Republic,DOM,2.04678988456726,88.0,92.8184280395508,23.88067,29.02851,113.676666259766,79.9215469360352,,Dominican Republic,Dominican Republic,Upper-Middle
Ecuador,America,ECU,National,ECUt,Total,2007,71.4,Ecuador,ECU,Ecuador,ECU,,92.0,96.9585266113281,22.56566,14.65735,109.574661254883,63.4471893310547,,Ecuador,Ecuador,Upper-Middle
Egypt,Africa,EGY,National,EGYt,Total,2007,82.0,"Egypt, Arab Rep.",EGY,"Egypt, Arab Rep.",EGY,3.68460988998413,,86.5288619995117,27.08402,,93.072509765625,,29.175989151001,"Egypt, Arab Rep.","Egypt, Arab Rep.",High
El Salvador,America,SLV,National,SLVt,Total,2007,63.8,El Salvador,SLV,El Salvador,SLV,3.60984992980957,82.0,91.7940063476562,39.67234,26.89633,120.903472900391,66.9662094116211,24.6517906188965,El Salvador,El Salvador,Upper-Middle
Eritrea,Africa,ERI,National,ERIt,Total,2007,,Eritrea,ERI,Eritrea,ERI,,,71.160041809082,47.866,43.21571,82.4255065917969,47.4679107666016,,Eritrea,Eritrea,
Eswatini,Africa,SWZ,National,SWZt,Total,2007,43.8,Eswatini,SWZ,Eswatini,SWZ,,,75.0542602539062,32.44134,19.00757,117.823600769043,56.1627502441406,,Eswatini,Eswatini,Lower-Middle
Ethiopia,Africa,ETH,National,ETHt,Total,2007,12.9,Ethiopia,ETH,Ethiopia,ETH,5.45112991333008,39.0,45.9308395385742,,,87.8594970703125,30.3098297119141,,Ethiopia,Ethiopia,Low
Fiji,Asia/Pacific,FJI,National,FJIt,Total,2007,70.9,Fiji,FJI,Fiji,FJI,5.89472007751465,,,,22.90224,94.5077667236328,78.8532180786133,,Fiji,Fiji,Upper-Middle
Gambia,Africa,GMB,National,GMBt,Total,2007,45.1,Gambia,GMB,"Gambia, The",GMB,0.816860020160675,,64.2168579101562,35.15646,,76.658332824707,,,"Gambia, The",Gambia,Lower-Middle
Georgia,Asia/Pacific,GEO,National,GEOt,Total,2007,70.2,Georgia,GEO,Georgia,GEO,2.69687008857727,,105.296340942383,,,107.824989318848,99.7487411499023,41.5456504821777,Georgia,Georgia,Upper-Middle
Ghana,Africa,GHA,National,GHAt,Total,2007,39.7,Ghana,GHA,Ghana,GHA,5.51986980438232,,75.8752670288086,31.98986,17.68342,96.5305404663086,43.752498626709,5.71916007995605,Ghana,Ghana,Lower-Middle
Guatemala,America,GTM,National,GTMt,Total,2007,60.4,Guatemala,GTM,Guatemala,GTM,3.08808994293213,,74.5880508422852,30.45308,16.11326,111.955490112305,44.409049987793,17.2379207611084,Guatemala,Guatemala,Upper-Middle
Guinea,Africa,GIN,National,GINt,Total,2007,23.5,Guinea,GIN,Guinea,GIN,,,57.431999206543,45.36442,,82.1203536987305,,8.3472204208374,Guinea,Guinea,Low
Guyana,America,GUY,National,GUYt,Total,2007,67.4,Guyana,GUY,Guyana,GUY,2.39117002487183,,98.0672073364258,26.17853,22.34916,100.860488891602,84.949592590332,11.0615100860596,Guyana,Guyana,Upper-Middle
Honduras,America,HND,National,HNDt,Total,2007,57.6,Honduras,HND,Honduras,HND,,84.0,,,,100.340202331543,59.2733383178711,,Honduras,Honduras,Upper-Middle
India,Asia/Pacific,IND,National,INDt,Total,2007,39.2,India,IND,India,IND,,,,,,114.114318847656,59.5899810791016,13.8339099884033,India,India,Lower-Middle
Indonesia,Asia/Pacific,IDN,National,IDNt,Total,2007,58.0,Indonesia,IDN,Indonesia,IDN,3.04425001144409,,100.271362304688,18.81593,13.0443,112.228553771973,73.1319808959961,17.7960300445557,Indonesia,Indonesia,Upper-Middle
Iran,Asia/Pacific,IRN,National,IRNt,Total,2007,73.6,"Iran, Islamic Rep.",IRN,"Iran, Islamic Rep.",IRN,4.59680986404419,,103.718879699707,21.78506,,110.374961853027,78.0802764892578,31.0405597686768,"Iran, Islamic Rep.","Iran, Islamic Rep.",Upper-Middle
Iraq,Asia/Pacific,IRQ,National,IRQt,Total,2007,78.6,Iraq,IRQ,Iraq,IRQ,,,63.1838302612305,16.95545,13.73327,103.738700866699,50.4981002807617,,Iraq,Iraq,High
Jamaica,America,JAM,National,JAMt,Total,2007,,Jamaica,JAM,Jamaica,JAM,5.49022006988525,,82.815071105957,,19.77441,95.0590972900391,87.4862670898438,,Jamaica,Jamaica,
Jordan,Asia/Pacific,JOR,National,JORt,Total,2007,89.1,Jordan,JOR,Jordan,JOR,,92.0,96.8044662475586,,,93.8907775878906,87.7151718139648,38.7338409423828,Jordan,Jordan,High
Kazakhstan,Asia/Pacific,KAZ,National,KAZt,Total,2007,76.6,Kazakhstan,KAZ,Kazakhstan,KAZ,2.83138990402222,,100.098541259766,16.5296,,101.430480957031,,,Kazakhstan,Kazakhstan,Upper-Middle
Kenya,Africa,KEN,National,KENt,Total,2007,28.5,Kenya,KEN,Kenya,KEN,,72.1570281982422,,41.95242,30.37735,108.052001953125,50.9123115539551,,Kenya,Kenya,Low
Kiribati,Asia/Pacific,KIR,National,KIRt,Total,2007,,Kiribati,KIR,Kiribati,KIR,,,116.898529052734,24.6698,17.66462,101.959770202637,82.2577209472656,,Kiribati,Kiribati,
Kuwait,Asia/Pacific,KWT,National,KWTt,Total,2007,,Kuwait,KWT,Kuwait,KWT,,94.0,107.545867919922,9.6101,9.47253,109.486450195312,101.295112609863,,Kuwait,Kuwait,
Kyrgyzstan,Asia/Pacific,KGZ,National,KGZt,Total,2007,66.9,Kyrgyzstan,KGZ,Kyrgyz Republic,KGZ,6.46700000762939,,94.6401214599609,24.2314,13.56318,97.2734222412109,82.9403533935547,39.8178291320801,Kyrgyzstan,Kyrgyzstan,Upper-Middle
Lao,Asia/Pacific,LAO,National,LAOt,Total,2007,,Lao,LAO,Lao PDR,LAO,3.07841992378235,,79.4891662597656,30.12454,23.60216,116.699493408203,44.5858306884766,11.4247303009033,Lao PDR,Lao,
Lebanon,Asia/Pacific,LBN,National,LBNt,Total,2007,,Lebanon,LBN,Lebanon,LBN,2.58357000350952,90.0,,14.25017,9.20215,,,40.6457481384277,Lebanon,Lebanon,
Lesotho,Africa,LSO,National,LSOt,Total,2007,27.8,Lesotho,LSO,Lesotho,LSO,,,80.6764068603516,37.20013,25.39641,121.089477539062,41.725658416748,,Lesotho,Lesotho,Low
Liberia,Africa,LBR,National,LBRt,Total,2007,23.8,Liberia,LBR,Liberia,LBR,,42.9410781860352,,,,,,,Liberia,Liberia,Low
Madagascar,Africa,MDG,National,MDGt,Total,2007,21.6,Madagascar,MDG,Madagascar,MDG,2.90274000167847,,58.3818588256836,48.7325,24.42332,135.707183837891,25.4470100402832,3.18492007255554,Madagascar,Madagascar,Low
Malawi,Africa,MWI,National,MWIt,Total,2007,16.6,Malawi,MWI,Malawi,MWI,,,63.874641418457,78.12204,38.49011,131.126068115234,31.5720691680908,0.487129986286163,Malawi,Malawi,Low
Malaysia,Asia/Pacific,MYS,National,MYSt,Total,2007,84.8,Malaysia,MYS,Malaysia,MYS,4.37253999710083,,95.9062805175781,14.98441,14.97044,97.7731399536133,74.9140472412109,29.8576602935791,Malaysia,Malaysia,High
Maldives,Asia/Pacific,MDV,National,MDVt,Total,2007,78.7,Maldives,MDV,Maldives,MDV,4.41788005828857,,,14.51632,,107.769149780273,,10.302300453186,Maldives,Maldives,High
Mali,Africa,MLI,National,MLIt,Total,2007,21.8,Mali,MLI,Mali,MLI,,,48.3464584350586,51.66885,23.9792,76.9792175292969,28.5298690795898,,Mali,Mali,Low
Mauritania,Africa,MRT,National,MRTt,Total,2007,30.8,Mauritania,MRT,Mauritania,MRT,,45.5037803649902,51.2210006713867,42.51481,,92.4876403808594,,3.85626006126404,Mauritania,Mauritania,Low
Mauritius,Africa,MUS,National,MUSt,Total,2007,,Mauritius,MUS,Mauritius,MUS,3.18540000915527,,97.4358978271484,21.50505,16.05896,100.83757019043,86.7215270996094,24.5238494873047,Mauritius,Mauritius,
Mexico,America,MEX,National,MEXt,Total,2007,74.5,Mexico,MEX,Mexico,MEX,4.47921991348267,93.0,101.777313232422,27.99039,17.91581,108.726860046387,84.0887069702148,25.1474304199219,Mexico,Mexico,Upper-Middle
Moldova,Europe,MDA,National,MDAt,Total,2007,68.2,Moldova,MDA,Moldova,MDA,8.29337024688721,,,16.25435,12.10284,,,,Moldova,Moldova,Upper-Middle
Mongolia,Asia/Pacific,MNG,National,MNGt,Total,2007,52.6,Mongolia,MNG,Mongolia,MNG,4.69013023376465,,,31.59826,,96.9940414428711,,47.763599395752,Mongolia,Mongolia,Lower-Middle
Montenegro,Europe,MNE,National,MNEt,Total,2007,88.7,Montenegro,MNE,Montenegro,MNE,,,,,,116.795532226562,92.5225219726562,36.3274917602539,Montenegro,Montenegro,High
Morocco,Africa,MAR,National,MARt,Total,2007,72.5,Morocco,MAR,Morocco,MAR,,,83.8074417114258,27.38468,,105.761901855469,55.5957107543945,11.6063098907471,Morocco,Morocco,Upper-Middle
Mozambique,Africa,MOZ,National,MOZt,Total,2007,19.2,Mozambique,MOZ,Mozambique,MOZ,,,46.4692306518555,64.79571,36.80156,111.54370880127,18.6172008514404,3.16519999504089,Mozambique,Mozambique,Low
Myanmar,Asia/Pacific,MMR,National,MMRt,Total,2007,47.5,Myanmar,MMR,Myanmar,MMR,,,90.2322463989258,29.11336,32.7813,106.309623718262,47.1576118469238,10.9157104492188,Myanmar,Myanmar,Lower-Middle
Namibia,Africa,NAM,National,NAMt,Total,2007,47.2,Namibia,NAM,Namibia,NAM,,76.4865875244141,,29.94574,24.62432,114.908332824707,63.0283203125,,Namibia,Namibia,Lower-Middle
Nepal,Asia/Pacific,NPL,National,NPLt,Total,2007,32.7,Nepal,NPL,Nepal,NPL,3.51721000671387,,,40.01754,,131.221725463867,42.5672492980957,9.49139022827148,Nepal,Nepal,Low
Nicaragua,America,NIC,National,NICt,Total,2007,49.9,Nicaragua,NIC,Nicaragua,NIC,,,75.4878616333008,30.55547,31.1067,116.375640869141,69.1894378662109,,Nicaragua,Nicaragua,Lower-Middle
Niger,Africa,NER,National,NERt,Total,2007,13.8,Niger,NER,Niger,NER,3.01462006568909,,38.0770492553711,39.67316,,50.2298011779785,10.2083396911621,0.888300001621246,Niger,Niger,Low
Nigeria,Africa,NGA,National,NGAt,Total,2007,36.2,Nigeria,NGA,Nigeria,NGA,,,79.0244064331055,46.08983,28.44015,91.4314422607422,31.5662994384766,,Nigeria,Nigeria,Lower-Middle
North Macedonia,Europe,MKD,National,MKDt,Total,2007,89.2,North Macedonia,MKD,North Macedonia,MKD,,,94.8785400390625,18.28429,13.7217,97.6788101196289,84.0014801025391,35.2432899475098,North Macedonia,North Macedonia,High
Pakistan,Asia/Pacific,PAK,National,PAKt,Total,2007,52.4,Pakistan,PAK,Pakistan,PAK,2.23465991020203,52.0,53.3750114440918,39.95136,,74.2201995849609,29.4775695800781,5.02788019180298,Pakistan,Pakistan,Lower-Middle
Palestine,Asia/Pacific,PSE,National,PSEt,Total,2007,93.2,Palestine,PSE,West Bank and Gaza,PSE,,94.0,90.1670913696289,30.07834,25.10429,89.7325286865234,90.7039794921875,44.1470985412598,West Bank and Gaza,Palestine,High
Panama,America,PAN,National,PANt,Total,2007,68.5,Panama,PAN,Panama,PAN,,,96.2612380981445,24.53809,15.47421,110.56192779541,68.016242980957,42.9800300598145,Panama,Panama,Upper-Middle
Paraguay,America,PRY,National,PRYt,Total,2007,69.5,Paraguay,PRY,Paraguay,PRY,2.73951005935669,95.0,99.3022537231445,,,113.057830810547,69.0033798217773,31.2753391265869,Paraguay,Paraguay,Upper-Middle
Peru,America,PER,National,PERt,Total,2007,55.4,Peru,PER,Peru,PER,2.62940001487732,90.0,103.473968505859,21.79327,16.388,113.858917236328,88.6508178710938,,Peru,Peru,Lower-Middle
Philippines,Asia/Pacific,PHL,National,PHLt,Total,2007,61.0,Philippines,PHL,Philippines,PHL,2.48517990112305,,89.2831878662109,33.66837,35.13372,103.435592651367,79.6534729003906,,Philippines,Philippines,Upper-Middle
Rwanda,Africa,RWA,National,RWAt,Total,2007,13.6,Rwanda,RWA,Rwanda,RWA,3.98502993583679,,,69.28601,22.02082,154.816009521484,20.3850002288818,3.88545989990234,Rwanda,Rwanda,Low
Saint Lucia,America,LCA,National,LCAt,Total,2007,,Saint Lucia,LCA,St. Lucia,LCA,,,107.597969055176,22.73271,16.69901,101.432060241699,91.3620529174805,9.23097038269043,St. Lucia,Saint Lucia,
Samoa,Asia/Pacific,WSM,National,WSMt,Total,2007,,Samoa,WSM,Samoa,WSM,,,100.560791015625,32.81848,21.05489,100.019882202148,78.1225128173828,,Samoa,Samoa,
Sao Tome & Principe,Africa,STP,National,STPt,Total,2007,41.0,Sao Tome & Principe,STP,Sao Tome and Principe,STP,6.28682994842529,,70.3749389648438,,,122.219627380371,46.472110748291,,Sao Tome and Principe,Sao Tome & Principe,Lower-Middle
Saudi Arabia,Asia/Pacific,SAU,National,SAUt,Total,2007,86.4,Saudi Arabia,SAU,Saudi Arabia,SAU,,,89.6152267456055,11.22689,,92.4886169433594,92.1979904174805,29.2581195831299,Saudi Arabia,Saudi Arabia,High
Senegal,Africa,SEN,National,SENt,Total,2007,43.2,Senegal,SEN,Senegal,SEN,,,51.9915313720703,34.20976,,85.0945129394531,,6.20996999740601,Senegal,Senegal,Lower-Middle
Serbia,Europe,SRB,National,SRBt,Total,2007,87.8,Serbia,SRB,Serbia,SRB,4.20983982086182,,102.611221313477,17.04045,10.8129,102.180389404297,90.4361572265625,48.4248886108398,Serbia,Serbia,High
Sierra Leone,Africa,SLE,National,SLEt,Total,2007,21.6,Sierra Leone,SLE,Sierra Leone,SLE,2.5967800617218,,74.5898666381836,,,,,,Sierra Leone,Sierra Leone,Low
Somalia,Africa,SOM,National,SOMt,Total,2007,23.1,Somalia,SOM,Somalia,SOM,,,,35.51919,19.3004,23.3916606903076,6.07716989517212,,Somalia,Somalia,Low
South Africa,Africa,ZAF,National,ZAFt,Total,2007,65.1,South Africa,ZAF,South Africa,ZAF,4.4466700553894,89.0,,33.19107,29.18924,103.162117004395,82.5455474853516,,South Africa,South Africa,Upper-Middle
Sudan,Africa,SDN,National,SDNt,Total,2007,29.0,Sudan,SDN,Sudan,SDN,,,,,,70.6004180908203,35.2355117797852,12.2144804000854,Sudan,Sudan,Low
Suriname,America,SUR,National,SURt,Total,2007,77.5,Suriname,SUR,Suriname,SUR,,,72.026496887207,13.23428,14.00385,102.543876647949,70.8808517456055,,Suriname,Suriname,Upper-Middle
Syria,Asia/Pacific,SYR,National,SYRt,Total,2007,83.1,Syria,SYR,Syrian Arab Republic,SYR,4.86470985412598,,109.072677612305,,,120.168663024902,71.2925567626953,21.6712493896484,Syrian Arab Republic,Syria,High
Tajikistan,Asia/Pacific,TJK,National,TJKt,Total,2007,56.4,Tajikistan,TJK,Tajikistan,TJK,3.41326999664307,,93.8401031494141,21.60943,16.54423,97.4667282104492,82.0579376220703,22.1728801727295,Tajikistan,Tajikistan,Lower-Middle
Tanzania,Africa,TZA,National,TZAt,Total,2007,21.7,Tanzania,TZA,Tanzania,TZA,4.03342008590698,,85.6137924194336,53.08766,,110.53955078125,,1.45642995834351,Tanzania,Tanzania,Low
Thailand,Asia/Pacific,THA,National,THAt,Total,2007,79.0,Thailand,THA,Thailand,THA,3.60314989089966,,,17.71738,21.01242,98.9492111206055,76.1713027954102,47.7545890808105,Thailand,Thailand,High
Timor Leste,Asia/Pacific,TLS,National,TLSt,Total,2007,29.3,Timor Leste,TLS,Timor-Leste,TLS,,51.0,,,,,,,Timor-Leste,Timor Leste,Low
Togo,Africa,TGO,National,TGOt,Total,2007,30.5,Togo,TGO,Togo,TGO,2.48604011535645,,,39.13792,35.50651,108.528762817383,43.7538795471191,5.70411014556885,Togo,Togo,Low
Tonga,Asia/Pacific,TON,National,TONt,Total,2007,,Tonga,TON,Tonga,TON,,,,25.4015,14.84725,110.225120544434,102.244041442871,,Tonga,Tonga,
Trinidad & Tobago,America,TTO,National,TTOt,Total,2007,85.7,Trinidad & Tobago,TTO,Trinidad and Tobago,TTO,,,92.2424697875977,15.93954,,96.4526901245117,,,Trinidad and Tobago,Trinidad & Tobago,High
Tunisia,Africa,TUN,National,TUNt,Total,2007,,Tunisia,TUN,Tunisia,TUN,6.46451997756958,77.0,97.7389526367188,18.15286,16.16369,104.076202392578,86.7598495483398,31.341890335083,Tunisia,Tunisia,
Turkey,Asia/Pacific,TUR,National,TURt,Total,2007,79.0,Turkiye,TUR,Turkiye,TUR,,89.0,,,,105.445426940918,90.7344512939453,39.3874015808105,Turkiye,Turkiye,High
Uganda,Africa,UGA,National,UGAt,Total,2007,20.9,Uganda,UGA,Uganda,UGA,,,51.4977493286133,49.56387,18.46583,118.373458862305,23.8660507202148,,Uganda,Uganda,Low
Ukraine,Europe,UKR,National,UKRt,Total,2007,79.7,Ukraine,UKR,Ukraine,UKR,5.90244007110596,,104.314949035645,16.33813,,102.665367126465,97.6914291381836,76.2627563476562,Ukraine,Ukraine,High
Uruguay,America,URY,National,URYt,Total,2007,86.7,Uruguay,URY,Uruguay,URY,,98.0,99.9423828125,15.50977,13.79812,111.181259155273,92.9150619506836,50.3921318054199,Uruguay,Uruguay,High
Uzbekistan,Asia/Pacific,UZB,National,UZBt,Total,2007,63.1,Uzbekistan,UZB,Uzbekistan,UZB,,,95.1968078613281,18.24208,13.06257,96.3551483154297,89.7682189941406,9.83143043518066,Uzbekistan,Uzbekistan,Upper-Middle
Vanuatu,Asia/Pacific,VUT,National,VUTt,Total,2007,39.8,Vanuatu,VUT,Vanuatu,VUT,,,78.2416381835938,23.7544,,108.810241699219,,,Vanuatu,Vanuatu,Lower-Middle
Venezuela,America,VEN,National,VENt,Total,2007,81.8,Venezuela,VEN,"Venezuela, RB",VEN,3.62732005119324,95.0,96.293083190918,,,104.312240600586,78.7636871337891,,"Venezuela, RB",Venezuela,High
Vietnam,Asia/Pacific,VNM,National,VNMt,Total,2007,61.8,Viet Nam,VNM,Viet Nam,VNM,,,,20.43643,,100.472717285156,,19.2340602874756,Viet Nam,Viet Nam,Upper-Middle
Yemen,Asia/Pacific,YEM,National,YEMt,Total,2007,51.5,Yemen,YEM,"Yemen, Rep.",YEM,5.82878255844116,,,,,,,9.55992984771729,Yemen,Yemen,Lower-Middle
Zambia,Africa,ZMB,National,ZMBt,Total,2007,24.1,Zambia,ZMB,Zambia,ZMB,1.24075996875763,61.1270904541016,87.1261825561523,55.35345,,116.499008178711,,,Zambia,Zambia,Low
Afghanistan,Asia/Pacific,AFG,National,AFGt,Total,2008,38.1,Afghanistan,AFG,Afghanistan,AFG,4.38367223739624,,,43.72982,,103.413963317871,39.090030670166,,Afghanistan,Afghanistan,Lower-Middle
Albania,Europe,ALB,National,ALBt,Total,2008,84.4,Albania,ALB,Albania,ALB,3.50922608375549,96.0,109.742630004883,19.4078,16.79416,100.383003234863,87.8338394165039,31.6839599609375,Albania,Albania,High
Algeria,Africa,DZA,National,DZAt,Total,2008,79.9,Algeria,DZA,Algeria,DZA,4.11142015457153,75.0,115.881141662598,23.23052,,111.073600769043,80.2112808227539,,Algeria,Algeria,High
Angola,Africa,AGO,National,AGOt,Total,2008,30.5,Angola,AGO,Angola,AGO,,,41.1754112243652,,,111.10994720459,22.3172206878662,,Angola,Angola,Low
Armenia,Asia/Pacific,ARM,National,ARMt,Total,2008,79.8,Armenia,ARM,Armenia,ARM,3.17272996902466,,98.6576766967773,,,107.106376647949,89.1584701538086,45.9996299743652,Armenia,Armenia,High
Azerbaijan,Europe,AZE,National,AZEt,Total,2008,68.1,Azerbaijan,AZE,Azerbaijan,AZE,2.44092988967896,,90.7368316650391,11.29601,,94.0724716186523,,19.0478897094727,Azerbaijan,Azerbaijan,Upper-Middle
Bangladesh,Asia/Pacific,BGD,National,BGDt,Total,2008,32.3,Bangladesh,BGD,Bangladesh,BGD,2.0545699596405,,57.3523216247559,43.72919,27.0682,95.1065979003906,45.9643898010254,8.84245014190674,Bangladesh,Bangladesh,Low
Barbados,America,BRB,National,BRBt,Total,2008,91.4,Barbados,BRB,Barbados,BRB,4.92074012756348,,98.0973129272461,13.45642,,101.043647766113,110.275459289551,,Barbados,Barbados,High
Belarus,Europe,BLR,National,BLRt,Total,2008,80.9,Belarus,BLR,Belarus,BLR,5.71321535110474,,94.2764434814453,15.32719,,97.4913024902344,116.762878417969,70.5071029663086,Belarus,Belarus,High
Belize,America,BLZ,National,BLZt,Total,2008,74.3,Belize,BLZ,Belize,BLZ,4.3199200630188,,97.8954620361328,22.61592,16.95913,114.764373779297,75.0440063476562,18.7439098358154,Belize,Belize,Upper-Middle
Benin,Africa,BEN,National,BENt,Total,2008,32.5,Benin,BEN,Benin,BEN,2.77728009223938,,61.858570098877,44.55301,,110.888137817383,,7.66394996643066,Benin,Benin,Low
Bhutan,Asia/Pacific,BTN,National,BTNt,Total,2008,57.2,Bhutan,BTN,Bhutan,BTN,4.56950998306274,,79.4484100341797,29.87891,23.74567,104.593849182129,53.492000579834,6.57383012771606,Bhutan,Bhutan,Lower-Middle
Bolivia,America,BOL,National,BOLt,Total,2008,56.7,Bolivia,BOL,Bolivia,BOL,6.72302007675171,91.0,,,,111.650062561035,85.3683776855469,,Bolivia,Bolivia,Lower-Middle
Bosnia and Herzegovina,Europe,BIH,National,BIHt,Total,2008,88.1,Bosnia and Herzegovina,BIH,Bosnia and Herzegovina,BIH,,,,,,107.445472717285,85.0679168701172,34.5916786193848,Bosnia and Herzegovina,Bosnia and Herzegovina,High
Botswana,Africa,BWA,National,BWAt,Total,2008,52.5,Botswana,BWA,Botswana,BWA,,,93.4133224487305,25.08494,,104.299697875977,74.5798187255859,13.9393796920776,Botswana,Botswana,Lower-Middle
Brazil,America,BRA,National,BRAt,Total,2008,83.2,Brazil,BRA,Brazil,BRA,5.26883983612061,90.0,,23.02467,17.19542,,,,Brazil,Brazil,High
Burkina Faso,Africa,BFA,National,BFAt,Total,2008,26.2,Burkina Faso,BFA,Burkina Faso,BFA,,,37.815601348877,48.92155,30.33107,71.7466125488281,18.0988502502441,2.94471001625061,Burkina Faso,Burkina Faso,Low
Burundi,Africa,BDI,National,BDIt,Total,2008,14.9,Burundi,BDI,Burundi,BDI,5.19290018081665,48.0,42.90869140625,,,127.552742004395,,2.55176997184753,Burundi,Burundi,Low
Cambodia,Asia/Pacific,KHM,National,KHMt,Total,2008,38.6,Cambodia,KHM,Cambodia,KHM,,77.0,96.7027893066406,48.53713,,131.563461303711,47.020809173584,8.69999027252197,Cambodia,Cambodia,Lower-Middle
Cameroon,Africa,CMR,National,CMRt,Total,2008,33.7,Cameroon,CMR,Cameroon,CMR,2.49827003479004,,71.2364501953125,46.03527,26.3006,105.915390014648,37.0601005554199,8.04526042938232,Cameroon,Cameroon,Low
Cape Verde,Africa,CPV,National,CPVt,Total,2008,,Cape Verde,CPV,Cabo Verde,CPV,5.03464984893799,,95.3664093017578,24.36111,18.24521,108.343856811523,81.9230880737305,11.6162996292114,Cabo Verde,Cape Verde,
Central African Republic CAR,Africa,CAF,National,CAFt,Total,2008,17.2,Central African Republic CAR,CAF,Central African Republic,CAF,1.29000997543335,,31.3127098083496,100.23649,,76.476432800293,,2.20260000228882,Central African Republic,Central African Republic CAR,Low
Chad,Africa,TCD,National,TCDt,Total,2008,13.0,Chad,TCD,Chad,TCD,,,,62.40153,,78.9654235839844,21.4617404937744,2.00573992729187,Chad,Chad,Low
Chili,America,CHL,National,CHLt,Total,2008,86.8,Chili,CHL,Chile,CHL,3.79189991950989,,,24.64024,23.32647,106.873870849609,91.5420074462891,56.7743988037109,Chile,Chili,High
China,Asia/Pacific,CHN,National,CHNt,Total,2008,61.7,China,CHN,China,CHN,3.63178825378418,,105.020690917969,17.55452,15.99176,107.430740356445,82.9210891723633,21.8546905517578,China,China,Upper-Middle
Colombia,America,COL,National,COLt,Total,2008,73.0,Colombia,COL,Colombia,COL,,93.0,114.712371826172,29.3957,,126.483901977539,94.2315521240234,37.9448013305664,Colombia,Colombia,Upper-Middle
Comoros,Africa,COM,National,COMt,Total,2008,41.5,Comoros,COM,Comoros,COM,4.42264986038208,,67.9907989501953,30.15332,,102.510292053223,,,Comoros,Comoros,Lower-Middle
Congo Brazzaville,Africa,COG,National,COGt,Total,2008,35.1,Congo Brazzaville,COG,"Congo, Rep.",COG,,,67.4908599853516,51.80477,,103.196212768555,,,"Congo, Rep.",Congo Brazzaville,Low
Congo Democratic Republic,Africa,COD,National,CODt,Total,2008,18.8,Congo Democratic Republic,COD,"Congo, Dem. Rep.",COD,,,54.5082702636719,39.02034,16.57498,95.339958190918,36.8209190368652,5.36045980453491,"Congo, Dem. Rep.",Congo Democratic Republic,Low
Costa Rica,America,CRI,National,CRIt,Total,2008,87.8,Costa Rica,CRI,Costa Rica,CRI,4.88697004318237,,94.259651184082,18.97453,15.64106,112.995819091797,90.4756698608398,,Costa Rica,Costa Rica,High
Cote d'Ivoire,Africa,CIV,National,CIVt,Total,2008,40.6,Cote d'Ivoire,CIV,Cote d'Ivoire,CIV,3.09853005409241,,,41.8902,,69.1642303466797,,8.34580993652344,Cote d'Ivoire,Cote d'Ivoire,Lower-Middle
Cuba,America,CUB,National,CUBt,Total,2008,,Cuba,CUB,Cuba,CUB,14.0590801239014,,91.9282302856445,9.61042,9.67207,100.851768493652,93.3271713256836,117.719940185547,Cuba,Cuba,
Djibouti,Africa,DJI,National,DJIt,Total,2008,54.7,Djibouti,DJI,Djibouti,DJI,,,,34.0344,,,,2.91195011138916,Djibouti,Djibouti,Lower-Middle
Dominican Republic,America,DOM,National,DOMt,Total,2008,71.7,Dominican Republic,DOM,Dominican Republic,DOM,,,,19.62249,24.46806,109.525123596191,78.7571563720703,,Dominican Republic,Dominican Republic,Upper-Middle
Ecuador,America,ECU,National,ECUt,Total,2008,72.2,Ecuador,ECU,Ecuador,ECU,,92.0,,,,107.735610961914,,38.1871795654297,Ecuador,Ecuador,Upper-Middle
Egypt,Africa,EGY,National,EGYt,Total,2008,82.7,"Egypt, Arab Rep.",EGY,"Egypt, Arab Rep.",EGY,3.76082992553711,,,,,,,28.9939308166504,"Egypt, Arab Rep.","Egypt, Arab Rep.",High
El Salvador,America,SLV,National,SLVt,Total,2008,64.6,El Salvador,SLV,El Salvador,SLV,4.45810985565186,84.0,92.4896774291992,32.61124,26.32674,112.688972473145,65.724853515625,25.4552898406982,El Salvador,El Salvador,Upper-Middle
Equatorial Guinea,Africa,GNQ,National,GNQt,Total,2008,,Equatorial Guinea,GNQ,Equatorial Guinea,GNQ,,,31.5531997680664,27.96517,,60.8636589050293,,,Equatorial Guinea,Equatorial Guinea,
Eritrea,Africa,ERI,National,ERIt,Total,2008,,Eritrea,ERI,Eritrea,ERI,,65.0,63.7064208984375,42.95363,,76.6411437988281,48.6044311523438,,Eritrea,Eritrea,
Eswatini,Africa,SWZ,National,SWZt,Total,2008,45.8,Eswatini,SWZ,Eswatini,SWZ,6.61812019348145,,,,,,,,Eswatini,Eswatini,Lower-Middle
Ethiopia,Africa,ETH,National,ETHt,Total,2008,13.5,Ethiopia,ETH,Ethiopia,ETH,5.40819978713989,,48.5430107116699,62.28293,46.22677,94.0426864624023,31.6366291046143,3.42407989501953,Ethiopia,Ethiopia,Low
Fiji,Asia/Pacific,FJI,National,FJIt,Total,2008,71.6,Fiji,FJI,Fiji,FJI,4.25357007980347,,93.2693862915039,26.03275,18.72004,94.1115493774414,79.017578125,,Fiji,Fiji,Upper-Middle
Gambia,Africa,GMB,National,GMBt,Total,2008,46.0,Gambia,GMB,"Gambia, The",GMB,2.18129992485046,,69.6455688476562,34.36475,,75.1557998657227,48.2704200744629,,"Gambia, The",Gambia,Lower-Middle
Georgia,Asia/Pacific,GEO,National,GEOt,Total,2008,71.4,Georgia,GEO,Georgia,GEO,2.9195499420166,,108.699363708496,8.68001,7.46323,108.362197875977,101.469268798828,38.0579414367676,Georgia,Georgia,Upper-Middle
Ghana,Africa,GHA,National,GHAt,Total,2008,42.7,Ghana,GHA,Ghana,GHA,5.75795984268188,,82.6185684204102,32.24014,17.41128,101.164436340332,46.2536888122559,7.70093011856079,Ghana,Ghana,Lower-Middle
Guatemala,America,GTM,National,GTMt,Total,2008,61.5,Guatemala,GTM,Guatemala,GTM,3.23686003684998,,77.4527130126953,29.42545,16.56567,112.886352539062,45.4309692382812,,Guatemala,Guatemala,Upper-Middle
Guinea,Africa,GIN,National,GINt,Total,2008,25.9,Guinea,GIN,Guinea,GIN,1.58112001419067,,50.5710983276367,44.11118,33.29183,83.5212631225586,33.3801498413086,9.40581035614014,Guinea,Guinea,Low
Guyana,America,GUY,National,GUYt,Total,2008,68.4,Guyana,GUY,Guyana,GUY,,,99.4021682739258,25.56042,20.8934,102.044578552246,86.2932510375977,10.5220699310303,Guyana,Guyana,Upper-Middle
Honduras,America,HND,National,HNDt,Total,2008,59.2,Honduras,HND,Honduras,HND,,,80.7426376342773,33.34365,,100.882621765137,59.3647994995117,17.4211807250977,Honduras,Honduras,Upper-Middle
India,Asia/Pacific,IND,National,INDt,Total,2008,40.7,India,IND,India,IND,,,98.2635498046875,,,114.626556396484,62.6794281005859,15.8141202926636,India,India,Lower-Middle
Indonesia,Asia/Pacific,IDN,National,IDNt,Total,2008,59.4,Indonesia,IDN,Indonesia,IDN,2.90190005302429,92.0,99.1960372924805,20.68852,11.95971,110.809883117676,71.4267272949219,20.8093490600586,Indonesia,Indonesia,Upper-Middle
Iran,Asia/Pacific,IRN,National,IRNt,Total,2008,73.6,"Iran, Islamic Rep.",IRN,"Iran, Islamic Rep.",IRN,3.91375994682312,83.0,106.786437988281,21.33003,,109.575981140137,81.5289993286133,37.6419410705566,"Iran, Islamic Rep.","Iran, Islamic Rep.",Upper-Middle
Jamaica,America,JAM,National,JAMt,Total,2008,73.3,Jamaica,JAM,Jamaica,JAM,6.19131994247437,,,,,100.566452026367,88.5908203125,21.6736602783203,Jamaica,Jamaica,Upper-Middle
Jordan,Asia/Pacific,JOR,National,JORt,Total,2008,90.0,Jordan,JOR,Jordan,JOR,,,94.9383926391602,,,91.7442932128906,88.4466781616211,41.3684692382812,Jordan,Jordan,High
Kazakhstan,Asia/Pacific,KAZ,National,KAZt,Total,2008,78.5,Kazakhstan,KAZ,Kazakhstan,KAZ,2.58945989608765,,102.646980285645,16.63423,,103.332176208496,,,Kazakhstan,Kazakhstan,High
Kenya,Africa,KEN,National,KENt,Total,2008,30.4,Kenya,KEN,Kenya,KEN,,,,43.51672,33.15497,107.593643188477,57.1344604492188,,Kenya,Kenya,Low
Kiribati,Asia/Pacific,KIR,National,KIRt,Total,2008,,Kiribati,KIR,Kiribati,KIR,,,104.863578796387,24.9969,17.44428,104.75602722168,81.6394119262695,,Kiribati,Kiribati,
Kuwait,Asia/Pacific,KWT,National,KWTt,Total,2008,,Kuwait,KWT,Kuwait,KWT,,94.0,,9.11151,9.08783,105.853157043457,99.5422821044922,,Kuwait,Kuwait,
Kyrgyzstan,Asia/Pacific,KGZ,National,KGZt,Total,2008,68.8,Kyrgyzstan,KGZ,Kyrgyz Republic,KGZ,5.91318988800049,,95.4959335327148,24.19711,,98.4250335693359,,44.0986289978027,Kyrgyzstan,Kyrgyzstan,Upper-Middle
Lao,Asia/Pacific,LAO,National,LAOt,Total,2008,,Lao,LAO,Lao PDR,LAO,2.27854990959167,,81.0982208251953,30.49379,22.76177,117.957847595215,45.8168487548828,13.2458600997925,Lao PDR,Lao,
Lebanon,Asia/Pacific,LBN,National,LBNt,Total,2008,,Lebanon,LBN,Lebanon,LBN,2.01479005813599,,,14.21478,9.1243,,,41.9415588378906,Lebanon,Lebanon,
Lesotho,Africa,LSO,National,LSOt,Total,2008,29.1,Lesotho,LSO,Lesotho,LSO,12.3287401199341,,78.1830596923828,35.04477,23.75957,120.435043334961,44.7003593444824,,Lesotho,Lesotho,Low
Liberia,Africa,LBR,National,LBRt,Total,2008,24.6,Liberia,LBR,Liberia,LBR,1.70166003704071,,58.6805686950684,24.27877,,89.3079299926758,,,Liberia,Liberia,Low
Madagascar,Africa,MDG,National,MDGt,Total,2008,22.3,Madagascar,MDG,Madagascar,MDG,2.55433988571167,,64.9076232910156,47.15533,26.7449,139.664596557617,27.833890914917,3.26848006248474,Madagascar,Madagascar,Low
Malawi,Africa,MWI,National,MWIt,Total,2008,17.5,Malawi,MWI,Malawi,MWI,,,68.8271789550781,78.40557,38.48902,137.758834838867,34.0536804199219,,Malawi,Malawi,Low
Malaysia,Asia/Pacific,MYS,National,MYSt,Total,2008,85.7,Malaysia,MYS,Malaysia,MYS,3.95851993560791,,99.6055068969727,14.44237,14.22366,98.1771621704102,75.1681213378906,33.2592582702637,Malaysia,Malaysia,High
Maldives,Asia/Pacific,MDV,National,MDVt,Total,2008,79.4,Maldives,MDV,Maldives,MDV,4.470290184021,,105.179656982422,13.2588,,105.49405670166,,11.3848495483398,Maldives,Maldives,High
Mali,Africa,MLI,National,MLIt,Total,2008,23.7,Mali,MLI,Mali,MLI,3.403559923172,,51.5832901000977,51.43719,23.54798,78.8654403686523,31.969669342041,4.91656017303467,Mali,Mali,Low
Mauritania,Africa,MRT,National,MRTt,Total,2008,31.6,Mauritania,MRT,Mauritania,MRT,,,,37.22792,,89.4860229492188,18.1294803619385,3.97535991668701,Mauritania,Mauritania,Low
Mauritius,Africa,MUS,National,MUSt,Total,2008,,Mauritius,MUS,Mauritius,MUS,3.06307005882263,,95.3536529541016,21.66005,16.05079,101.194557189941,86.2219161987305,27.0272006988525,Mauritius,Mauritius,
Mexico,America,MEX,National,MEXt,Total,2008,75.4,Mexico,MEX,Mexico,MEX,4.60609006881714,93.0,101.216407775879,28.02416,18.00744,109.446380615234,86.0763092041016,25.7789402008057,Mexico,Mexico,Upper-Middle
Moldova,Europe,MDA,National,MDAt,Total,2008,68.7,Moldova,MDA,Moldova,MDA,8.23727035522461,,,15.86201,11.49866,,,,Moldova,Moldova,Upper-Middle
Mongolia,Asia/Pacific,MNG,National,MNGt,Total,2008,54.6,Mongolia,MNG,Mongolia,MNG,,,,31.14934,,98.7987289428711,,49.978889465332,Mongolia,Mongolia,Lower-Middle
Montenegro,Europe,MNE,National,MNEt,Total,2008,89.0,Montenegro,MNE,Montenegro,MNE,,,,,,120.292976379395,93.0311737060547,43.55712890625,Montenegro,Montenegro,High
Morocco,Africa,MAR,National,MARt,Total,2008,74.4,Morocco,MAR,Morocco,MAR,4.85339021682739,55.0,81.3878326416016,26.53204,,104.580726623535,57.8878288269043,12.6738996505737,Morocco,Morocco,Upper-Middle
Mozambique,Africa,MOZ,National,MOZt,Total,2008,20.3,Mozambique,MOZ,Mozambique,MOZ,,,59.7992897033691,63.99922,36.71631,116.027137756348,20.8982791900635,3.64827990531921,Mozambique,Mozambique,Low
Myanmar,Asia/Pacific,MMR,National,MMRt,Total,2008,47.6,Myanmar,MMR,Myanmar,MMR,,,92.4023590087891,28.81408,34.49797,107.904388427734,49.8544006347656,,Myanmar,Myanmar,Lower-Middle
Namibia,Africa,NAM,National,NAMt,Total,2008,47.9,Namibia,NAM,Namibia,NAM,6.40342998504639,,80.084342956543,29.40681,,115.418197631836,,9.56859970092773,Namibia,Namibia,Lower-Middle
Nepal,Asia/Pacific,NPL,National,NPLt,Total,2008,35.5,Nepal,NPL,Nepal,NPL,3.8051700592041,,80.518928527832,37.81655,40.58462,129.519195556641,48.6460609436035,10.4817600250244,Nepal,Nepal,Low
Nicaragua,America,NIC,National,NICt,Total,2008,50.6,Nicaragua,NIC,Nicaragua,NIC,,,74.5256118774414,29.19228,28.59428,116.156532287598,67.561653137207,,Nicaragua,Nicaragua,Lower-Middle
Niger,Africa,NER,National,NERt,Total,2008,15.0,Niger,NER,Niger,NER,2.72311997413635,,36.3355102539062,40.71853,,54.0345191955566,10.5689897537231,1.01989996433258,Niger,Niger,Low
Nigeria,Africa,NGA,National,NGAt,Total,2008,36.7,Nigeria,NGA,Nigeria,NGA,,51.0776596069336,68.2841110229492,,22.34335,82.380500793457,34.8519096374512,,Nigeria,Nigeria,Lower-Middle
North Macedonia,Europe,MKD,National,MKDt,Total,2008,89.4,North Macedonia,MKD,North Macedonia,MKD,,,98.3595809936523,17.27699,13.08679,91.8012084960938,84.0322494506836,39.6388511657715,North Macedonia,North Macedonia,High
Pakistan,Asia/Pacific,PAK,National,PAKt,Total,2008,53.7,Pakistan,PAK,Pakistan,PAK,2.27263998985291,56.0,52.9285087585449,40.66857,,73.9127197265625,29.6895599365234,4.97444009780884,Pakistan,Pakistan,Lower-Middle
Palestine,Asia/Pacific,PSE,National,PSEt,Total,2008,92.1,Palestine,PSE,West Bank and Gaza,PSE,,94.0,90.8738327026367,29.00439,24.20475,89.9906616210938,89.9470062255859,45.3884010314941,West Bank and Gaza,Palestine,High
Panama,America,PAN,National,PANt,Total,2008,70.9,Panama,PAN,Panama,PAN,3.50229001045227,,99.7796096801758,24.23802,15.38675,109.24104309082,69.2000579833984,43.0983009338379,Panama,Panama,Upper-Middle
Papua New Guinea,Asia/Pacific,PNG,National,PNGt,Total,2008,,Papua New Guinea,PNG,Papua New Guinea,PNG,,,,,,59.1189002990723,,,Papua New Guinea,Papua New Guinea,
Paraguay,America,PRY,National,PRYt,Total,2008,71.3,Paraguay,PRY,Paraguay,PRY,,93.0,100.190818786621,,,111.678787231445,70.4103469848633,37.1245803833008,Paraguay,Paraguay,Upper-Middle
Peru,America,PER,National,PERt,Total,2008,56.3,Peru,PER,Peru,PER,2.8677499294281,,102.948547363281,20.87707,16.23886,111.197898864746,89.8375473022461,,Peru,Peru,Lower-Middle
Philippines,Asia/Pacific,PHL,National,PHLt,Total,2008,61.8,Philippines,PHL,Philippines,PHL,2.58282995223999,95.0,91.5329284667969,33.7418,,105.310882568359,80.5744400024414,29.071460723877,Philippines,Philippines,Upper-Middle
Rwanda,Africa,RWA,National,RWAt,Total,2008,16.3,Rwanda,RWA,Rwanda,RWA,3.50216007232666,,53.0556182861328,67.73053,,154.724563598633,22.1014308929443,4.18300008773804,Rwanda,Rwanda,Low
Saint Lucia,America,LCA,National,LCAt,Total,2008,83.7,Saint Lucia,LCA,St. Lucia,LCA,4.48353004455566,,98.3707275390625,21.409,16.35751,99.8569183349609,96.2206268310547,16.6752891540527,St. Lucia,Saint Lucia,High
Samoa,Asia/Pacific,WSM,National,WSMt,Total,2008,,Samoa,WSM,Samoa,WSM,5.11659002304077,,,,,,,,Samoa,Samoa,
Sao Tome & Principe,Africa,STP,National,STPt,Total,2008,42.1,Sao Tome & Principe,STP,Sao Tome and Principe,STP,5.5544900894165,69.5363922119141,73.485221862793,,,121.882247924805,43.5881690979004,,Sao Tome and Principe,Sao Tome & Principe,Lower-Middle
Saudi Arabia,Asia/Pacific,SAU,National,SAUt,Total,2008,86.4,Saudi Arabia,SAU,Saudi Arabia,SAU,5.13781023025513,,89.8635787963867,10.75323,,93.2651596069336,,29.2175903320312,Saudi Arabia,Saudi Arabia,High
Senegal,Africa,SEN,National,SENt,Total,2008,44.8,Senegal,SEN,Senegal,SEN,4.02568006515503,,59.1248207092285,36.43514,,85.2544708251953,30.7252693176269,7.81437015533447,Senegal,Senegal,Lower-Middle
Serbia,Europe,SRB,National,SRBt,Total,2008,88.4,Serbia,SRB,Serbia,SRB,4.28094434738159,,106.202087402344,16.58853,10.29101,100.439140319824,91.3154678344727,49.42041015625,Serbia,Serbia,High
Sierra Leone,Africa,SLE,National,SLEt,Total,2008,22.3,Sierra Leone,SLE,Sierra Leone,SLE,2.4658899307251,,,,,,,,Sierra Leone,Sierra Leone,Low
South Africa,Africa,ZAF,National,ZAFt,Total,2008,66.2,South Africa,ZAF,South Africa,ZAF,4.37424993515015,,,32.71282,27.71268,104.998100280762,81.6763763427734,,South Africa,South Africa,Upper-Middle
South Sudan,Africa,SSD,National,SSDt,Total,2008,7.99,South Sudan,SSD,South Sudan,SSD,,27.0,,,,,,,South Sudan,South Sudan,Low
Sudan,Africa,SDN,National,SDNt,Total,2008,29.6,Sudan,SDN,Sudan,SDN,1.85150003433228,54.0,,,,76.5467376708984,37.7534599304199,13.5937595367432,Sudan,Sudan,Low
Suriname,America,SUR,National,SURt,Total,2008,78.7,Suriname,SUR,Suriname,SUR,,95.0,82.7280807495117,15.98622,,108.020362854004,71.8160705566406,,Suriname,Suriname,High
Syria,Asia/Pacific,SYR,National,SYRt,Total,2008,83.1,Syria,SYR,Syrian Arab Republic,SYR,4.59525012969971,,108.431823730469,,,118.987716674805,71.661491394043,22.2802906036377,Syrian Arab Republic,Syria,High
Tajikistan,Asia/Pacific,TJK,National,TJKt,Total,2008,58.4,Tajikistan,TJK,Tajikistan,TJK,3.45983004570007,,96.3792724609375,22.67432,16.5503,98.2589416503906,83.0916900634766,22.6387195587158,Tajikistan,Tajikistan,Upper-Middle
Tanzania,Africa,TZA,National,TZAt,Total,2008,21.9,Tanzania,TZA,Tanzania,TZA,4.18591022491455,,,52.3892,,111.032493591309,,,Tanzania,Tanzania,Low
Thailand,Asia/Pacific,THA,National,THAt,Total,2008,80.0,Thailand,THA,Thailand,THA,3.50850009918213,,,15.99218,21.22434,96.8983764648438,75.9510269165039,46.4467010498047,Thailand,Thailand,High
Timor Leste,Asia/Pacific,TLS,National,TLSt,Total,2008,31.4,Timor Leste,TLS,Timor-Leste,TLS,8.67014980316162,,96.1829681396484,,32.1829,122.804740905762,54.5242195129395,,Timor-Leste,Timor Leste,Low
Togo,Africa,TGO,National,TGOt,Total,2008,31.6,Togo,TGO,Togo,TGO,2.38472008705139,,65.1825790405273,41.32555,,109.11678314209,,,Togo,Togo,Low
Tonga,Asia/Pacific,TON,National,TONt,Total,2008,,Tonga,TON,Tonga,TON,,,,25.06316,14.82472,112.813049316406,103.846702575684,,Tonga,Tonga,
Trinidad & Tobago,America,TTO,National,TTOt,Total,2008,86.0,Trinidad & Tobago,TTO,Trinidad and Tobago,TTO,,,88.7429885864258,17.15784,,97.399787902832,,,Trinidad and Tobago,Trinidad & Tobago,High
Tunisia,Africa,TUN,National,TUNt,Total,2008,,Tunisia,TUN,Tunisia,TUN,6.27157020568848,78.0,89.0962371826172,17.28071,15.17504,103.708381652832,88.1069793701172,32.5300407409668,Tunisia,Tunisia,
Turkey,Asia/Pacific,TUR,National,TURt,Total,2008,79.9,Turkiye,TUR,Turkiye,TUR,3.3205578327179,,,,,102.862808227539,89.0569686889648,40.7729606628418,Turkiye,Turkiye,High
Turks & Caicos Islands,America,TCA,National,TCAt,Total,2008,,Turks & Caicos Islands,TCA,Turks and Caicos Islands,TCA,,,,,,,,0.117370001971722,Turks and Caicos Islands,Turks & Caicos Islands,
Uganda,Africa,UGA,National,UGAt,Total,2008,22.4,Uganda,UGA,Uganda,UGA,,,55.8990287780762,49.92589,,121.45825958252,,3.79364991188049,Uganda,Uganda,Low
Ukraine,Europe,UKR,National,UKRt,Total,2008,80.0,Ukraine,UKR,Ukraine,UKR,6.15242004394531,,101.218246459961,15.81651,,101.713829040527,97.740348815918,79.7325210571289,Ukraine,Ukraine,High
Uruguay,America,URY,National,URYt,Total,2008,87.4,Uruguay,URY,Uruguay,URY,,98.0,101.830718994141,15.00998,12.619,110.917297363281,88.0473403930664,51.0627593994141,Uruguay,Uruguay,High
Uzbekistan,Asia/Pacific,UZB,National,UZBt,Total,2008,63.2,Uzbekistan,UZB,Uzbekistan,UZB,,,95.1567077636719,17.60546,12.57795,96.6052932739258,88.2303695678711,9.89933967590332,Uzbekistan,Uzbekistan,Upper-Middle
Vanuatu,Asia/Pacific,VUT,National,VUTt,Total,2008,40.4,Vanuatu,VUT,Vanuatu,VUT,5.95150995254517,,78.3386535644531,,,110.256118774414,,,Vanuatu,Vanuatu,Lower-Middle
Venezuela,America,VEN,National,VENt,Total,2008,83.2,Venezuela,VEN,"Venezuela, RB",VEN,,,93.8693313598633,,,101.424911499023,80.4674301147461,78.7609786987305,"Venezuela, RB",Venezuela,High
Vietnam,Asia/Pacific,VNM,National,VNMt,Total,2008,64.4,Viet Nam,VNM,Viet Nam,VNM,4.88674020767212,,,19.92674,,99.2513885498047,,20.0779705047607,Viet Nam,Viet Nam,Upper-Middle
Yemen,Asia/Pacific,YEM,National,YEMt,Total,2008,52.4,Yemen,YEM,"Yemen, Rep.",YEM,5.15143013000488,,59.7169990539551,,,83.0724029541016,39.7109985351562,9.72896957397461,Yemen,Yemen,Lower-Middle
Zambia,Africa,ZMB,National,ZMBt,Total,2008,25.7,Zambia,ZMB,Zambia,ZMB,1.0997200012207,,91.1505508422852,54.17641,,117.853576660156,,,Zambia,Zambia,Low
Afghanistan,Asia/Pacific,AFG,National,AFGt,Total,2009,40.0,Afghanistan,AFG,Afghanistan,AFG,4.81063985824585,,,42.83639,,99.3697204589844,44.3971710205078,4.02480983734131,Afghanistan,Afghanistan,Lower-Middle
Albania,Europe,ALB,National,ALBt,Total,2009,85.1,Albania,ALB,Albania,ALB,,,108.645553588867,20.17793,14.7321,100.923736572266,89.3157196044922,32.9239883422852,Albania,Albania,High
Algeria,Africa,DZA,National,DZAt,Total,2009,81.3,Algeria,DZA,Algeria,DZA,,,97.0001525878906,22.99987,,112.948272705078,96.5110092163086,30.7553691864014,Algeria,Algeria,High
Angola,Africa,AGO,National,AGOt,Total,2009,31.5,Angola,AGO,Angola,AGO,2.92000007629395,,40.9657402038574,,,110.201789855957,23.8500499725342,,Angola,Angola,Low
Armenia,Asia/Pacific,ARM,National,ARMt,Total,2009,80.9,Armenia,ARM,Armenia,ARM,3.84079003334045,,,,,105.322792053223,94.7720184326172,47.3799514770508,Armenia,Armenia,High
Azerbaijan,Europe,AZE,National,AZEt,Total,2009,69.1,Azerbaijan,AZE,Azerbaijan,AZE,3.22430992126465,100.0,91.7717208862305,11.08342,,95.0685729980469,,19.057710647583,Azerbaijan,Azerbaijan,Upper-Middle
Bangladesh,Asia/Pacific,BGD,National,BGDt,Total,2009,34.1,Bangladesh,BGD,Bangladesh,BGD,1.9394199848175,,63.279411315918,45.75844,28.16376,97.6258010864258,49.7341003417969,10.8163499832153,Bangladesh,Bangladesh,Low
Barbados,America,BRB,National,BRBt,Total,2009,91.4,Barbados,BRB,Barbados,BRB,5.11040019989014,,97.1068801879883,14.1425,,100.295677185059,109.856666564941,74.0143585205078,Barbados,Barbados,High
Belarus,Europe,BLR,National,BLRt,Total,2009,81.3,Belarus,BLR,Belarus,BLR,4.3689398765564,100.0,96.9903106689453,15.14091,,98.1668395996094,114.908042907715,75.9017486572266,Belarus,Belarus,High
Belize,America,BLZ,National,BLZt,Total,2009,74.8,Belize,BLZ,Belize,BLZ,4.82053995132446,,100.757583618164,22.63613,16.73931,114.128028869629,74.6411590576172,21.9749698638916,Belize,Belize,Upper-Middle
Benin,Africa,BEN,National,BENt,Total,2009,33.9,Benin,BEN,Benin,BEN,3.08927011489868,,,44.86809,,116.08260345459,,9.74950981140137,Benin,Benin,Low
Bhutan,Asia/Pacific,BTN,National,BTNt,Total,2009,57.2,Bhutan,BTN,Bhutan,BTN,4.41887998580933,,82.0710601806641,27.70221,20.64367,109.032806396484,58.5107192993164,6.29070997238159,Bhutan,Bhutan,Lower-Middle
Bolivia,America,BOL,National,BOLt,Total,2009,58.7,Bolivia,BOL,Bolivia,BOL,7.57486009597778,91.0,,,,108.031242370605,83.7523803710938,,Bolivia,Bolivia,Upper-Middle
Bosnia and Herzegovina,Europe,BIH,National,BIHt,Total,2009,89.2,Bosnia and Herzegovina,BIH,Bosnia and Herzegovina,BIH,,,,,,108.244560241699,86.3446578979492,36.3721618652344,Bosnia and Herzegovina,Bosnia and Herzegovina,High
Botswana,Africa,BWA,National,BWAt,Total,2009,53.8,Botswana,BWA,Botswana,BWA,9.8253002166748,,96.555419921875,25.51489,,104.584953308105,,21.4034805297852,Botswana,Botswana,Lower-Middle
Brazil,America,BRA,National,BRAt,Total,2009,84.7,Brazil,BRA,Brazil,BRA,5.46355009078979,90.0,,22.64411,17.13865,,,,Brazil,Brazil,High
Burkina Faso,Africa,BFA,National,BFAt,Total,2009,27.7,Burkina Faso,BFA,Burkina Faso,BFA,,,42.7251892089844,48.90026,25.62369,76.2457580566406,19.5438003540039,3.28111004829407,Burkina Faso,Burkina Faso,Low
Burundi,Africa,BDI,National,BDIt,Total,2009,16.2,Burundi,BDI,Burundi,BDI,6.17194986343384,,49.5479202270508,51.36121,26.52189,135.512664794922,21.4418697357178,2.73604011535645,Burundi,Burundi,Low
Cambodia,Asia/Pacific,KHM,National,KHMt,Total,2009,40.3,Cambodia,KHM,Cambodia,KHM,1.66568005084991,76.0,99.2443771362305,49.07538,,128.572204589844,,10.5778999328613,Cambodia,Cambodia,Lower-Middle
Cameroon,Africa,CMR,National,CMRt,Total,2009,35.5,Cameroon,CMR,Cameroon,CMR,2.90790009498596,,71.067626953125,46.31569,,107.810020446777,40.9297409057617,9.20979022979736,Cameroon,Cameroon,Low
Cape Verde,Africa,CPV,National,CPVt,Total,2009,76.4,Cape Verde,CPV,Cabo Verde,CPV,4.86586999893188,,92.0365219116211,23.94141,18.21613,107.644348144531,81.022087097168,14.5644397735596,Cabo Verde,Cape Verde,Upper-Middle
Central African Republic CAR,Africa,CAF,National,CAFt,Total,2009,17.4,Central African Republic CAR,CAF,Central African Republic,CAF,1.25458002090454,,33.8084297180176,94.61257,80.05232,78.0168533325195,12.2354898452759,2.36665010452271,Central African Republic,Central African Republic CAR,Low
Chad,Africa,TCD,National,TCDt,Total,2009,13.7,Chad,TCD,Chad,TCD,2.31173992156982,,31.5776195526123,61.01961,32.33045,83.6812515258789,23.4939804077148,2.07354998588562,Chad,Chad,Low
Chili,America,CHL,National,CHLt,Total,2009,87.1,Chili,CHL,Chile,CHL,4.25475978851318,,,23.00957,22.40762,105.763893127441,89.8597564697266,59.9912910461426,Chile,Chili,High
China,Asia/Pacific,CHN,National,CHNt,Total,2009,61.6,China,CHN,China,CHN,3.75152206420898,,105.660797119141,17.21563,15.71505,106.631637573242,88.7780380249023,23.2702102661133,China,China,Upper-Middle
Colombia,America,COL,National,COLt,Total,2009,74.6,Colombia,COL,Colombia,COL,,93.0,119.897972106934,29.30908,26.65632,128.164978027344,98.2700805664062,39.5088005065918,Colombia,Colombia,Upper-Middle
Comoros,Africa,COM,National,COMt,Total,2009,42.8,Comoros,COM,Comoros,COM,,,,,,,,6.47693014144897,Comoros,Comoros,Lower-Middle
Congo Brazzaville,Africa,COG,National,COGt,Total,2009,36.1,Congo Brazzaville,COG,"Congo, Rep.",COG,,,67.0782470703125,64.38062,,107.092826843262,,5.8192400932312,"Congo, Rep.",Congo Brazzaville,Lower-Middle
Congo Democratic Republic,Africa,COD,National,CODt,Total,2009,17.6,Congo Democratic Republic,COD,"Congo, Dem. Rep.",COD,,,58.5026817321777,37.32547,16.01028,95.4763031005859,38.4405784606934,6.35163021087646,"Congo, Dem. Rep.",Congo Democratic Republic,Low
Costa Rica,America,CRI,National,CRIt,Total,2009,88.1,Costa Rica,CRI,Costa Rica,CRI,6.01030015945435,,98.6269912719727,18.40435,15.81656,114.591117858887,96.7777709960938,,Costa Rica,Costa Rica,High
Cote d'Ivoire,Africa,CIV,National,CIVt,Total,2009,41.5,Cote d'Ivoire,CIV,Cote d'Ivoire,CIV,3.1739399433136,,44.6389198303223,42.12742,,68.6351928710938,,8.18346977233887,Cote d'Ivoire,Cote d'Ivoire,Lower-Middle
Cuba,America,CUB,National,CUBt,Total,2009,,Cuba,CUB,Cuba,CUB,13.1248598098755,,97.2666473388672,9.43833,9.61048,101.104316711426,92.1550521850586,114.488418579102,Cuba,Cuba,
Djibouti,Africa,DJI,National,DJIt,Total,2009,54.7,Djibouti,DJI,Djibouti,DJI,,,,34.14014,29.71343,,,3.6552300453186,Djibouti,Djibouti,Lower-Middle
Dominican Republic,America,DOM,National,DOMt,Total,2009,72.7,Dominican Republic,DOM,Dominican Republic,DOM,,,93.9997482299805,25.18972,26.94102,111.815872192383,80.7119979858398,,Dominican Republic,Dominican Republic,Upper-Middle
Ecuador,America,ECU,National,ECUt,Total,2009,73.1,Ecuador,ECU,Ecuador,ECU,4.51763010025024,92.0,96.8342666625977,23.18609,20.52053,112.422248840332,85.9710388183594,,Ecuador,Ecuador,Upper-Middle
Egypt,Africa,EGY,National,EGYt,Total,2009,83.0,"Egypt, Arab Rep.",EGY,"Egypt, Arab Rep.",EGY,3.6391909122467,,89.1938934326172,27.20919,12.13411,94.6571273803711,63.785041809082,29.6097393035889,"Egypt, Arab Rep.","Egypt, Arab Rep.",High
El Salvador,America,SLV,National,SLVt,Total,2009,65.4,El Salvador,SLV,El Salvador,SLV,4.65950012207031,84.0,95.3806915283203,31.00441,24.36291,111.042167663574,66.2814865112305,25.830680847168,El Salvador,El Salvador,Upper-Middle
Equatorial Guinea,Africa,GNQ,National,GNQt,Total,2009,,Equatorial Guinea,GNQ,Equatorial Guinea,GNQ,,,34.0082817077637,24.21892,,61.2192306518555,,,Equatorial Guinea,Equatorial Guinea,
Eritrea,Africa,ERI,National,ERIt,Total,2009,,Eritrea,ERI,Eritrea,ERI,,,67.5007705688477,38.46821,42.89777,73.3982162475586,49.002010345459,3.44694995880127,Eritrea,Eritrea,
Eswatini,Africa,SWZ,National,SWZt,Total,2009,47.7,Eswatini,SWZ,Eswatini,SWZ,6.47135019302368,,80.2993316650391,31.64829,17.6148,119.770660400391,57.9712295532227,,Eswatini,Eswatini,Lower-Middle
Ethiopia,Africa,ETH,National,ETHt,Total,2009,14.2,Ethiopia,ETH,Ethiopia,ETH,4.42207002639771,,50.6532287597656,57.9406,47.41352,92.9065322875977,32.1730117797852,4.96265983581543,Ethiopia,Ethiopia,Low
Fiji,Asia/Pacific,FJI,National,FJIt,Total,2009,72.4,Fiji,FJI,Fiji,FJI,4.49847984313965,,93.8520889282227,,,93.1980133056641,79.2095031738281,,Fiji,Fiji,Upper-Middle
Gambia,Africa,GMB,National,GMBt,Total,2009,47.0,Gambia,GMB,"Gambia, The",GMB,1.90813994407654,,,,,73.8663330078125,49.3689498901367,,"Gambia, The",Gambia,Lower-Middle
Georgia,Asia/Pacific,GEO,National,GEOt,Total,2009,72.6,Georgia,GEO,Georgia,GEO,3.22237992286682,,110.772117614746,8.9205,7.56748,107.789581298828,98.0209274291992,28.2556705474854,Georgia,Georgia,Upper-Middle
Ghana,Africa,GHA,National,GHAt,Total,2009,43.9,Ghana,GHA,Ghana,GHA,5.31744003295898,,83.7913970947266,33.11177,18.27545,99.1572265625,48.2707595825195,8.11513996124268,Ghana,Ghana,Lower-Middle
Guatemala,America,GTM,National,GTMt,Total,2009,62.5,Guatemala,GTM,Guatemala,GTM,,,82.9801330566406,27.94058,15.98533,118.60920715332,48.5042686462402,15.1058502197266,Guatemala,Guatemala,Upper-Middle
Guinea,Africa,GIN,National,GINt,Total,2009,28.3,Guinea,GIN,Guinea,GIN,2.20725011825562,,56.353328704834,43.68705,,83.6399765014648,,9.42492008209229,Guinea,Guinea,Low
Guyana,America,GUY,National,GUYt,Total,2009,69.4,Guyana,GUY,Guyana,GUY,2.15057992935181,84.994010925293,103.29638671875,25.56063,21.90081,98.9239730834961,90.7434616088867,9.95514011383057,Guyana,Guyana,Upper-Middle
Honduras,America,HND,National,HNDt,Total,2009,60.9,Honduras,HND,Honduras,HND,,,82.6039886474609,33.87645,,98.9239883422852,,,Honduras,Honduras,Upper-Middle
India,Asia/Pacific,IND,National,INDt,Total,2009,42.2,India,IND,India,IND,3.27824997901917,,99.3028717041016,,25.1393,113.051681518555,61.8002281188965,16.8205890655518,India,India,Lower-Middle
Indonesia,Asia/Pacific,IDN,National,IDNt,Total,2009,60.8,Indonesia,IDN,Indonesia,IDN,3.52513003349304,93.0,100.199127197266,19.77613,12.59356,112.17903137207,75.8255615234375,23.0492897033691,Indonesia,Indonesia,Upper-Middle
Iran,Asia/Pacific,IRN,National,IRNt,Total,2009,73.6,"Iran, Islamic Rep.",IRN,"Iran, Islamic Rep.",IRN,3.84244990348816,,108.347526550293,20.4884,,108.988128662109,83.8232498168945,37.8410415649414,"Iran, Islamic Rep.","Iran, Islamic Rep.",Upper-Middle
Jamaica,America,JAM,National,JAMt,Total,2009,73.9,Jamaica,JAM,Jamaica,JAM,6.19848012924194,,81.5394287109375,,,102.665077209473,90.9556503295898,21.8664493560791,Jamaica,Jamaica,Upper-Middle
Jordan,Asia/Pacific,JOR,National,JORt,Total,2009,90.8,Jordan,JOR,Jordan,JOR,,,,,,,,42.0630187988281,Jordan,Jordan,High
Kazakhstan,Asia/Pacific,KAZ,National,KAZt,Total,2009,80.3,Kazakhstan,KAZ,Kazakhstan,KAZ,3.06071996688843,100.0,100.092239379883,16.40689,,103.094879150391,,,Kazakhstan,Kazakhstan,High
Kenya,Africa,KEN,National,KENt,Total,2009,31.8,Kenya,KEN,Kenya,KEN,4.01999998092651,,,43.33438,33.44305,108.581962585449,57.8705596923828,3.97073006629944,Kenya,Kenya,Low
Kiribati,Asia/Pacific,KIR,National,KIRt,Total,2009,,Kiribati,KIR,Kiribati,KIR,,,,,,102.684867858887,,,Kiribati,Kiribati,
Kuwait,Asia/Pacific,KWT,National,KWTt,Total,2009,,Kuwait,KWT,Kuwait,KWT,,,,8.56188,8.17474,104.783432006836,99.4410095214844,,Kuwait,Kuwait,
Kyrgyzstan,Asia/Pacific,KGZ,National,KGZt,Total,2009,70.7,Kyrgyzstan,KGZ,Kyrgyz Republic,KGZ,6.23267984390259,99.0,97.8589477539062,24.03166,14.71127,98.3154220581055,84.9877090454102,42.5611915588379,Kyrgyzstan,Kyrgyzstan,Upper-Middle
Lao,Asia/Pacific,LAO,National,LAOt,Total,2009,55.2,Lao,LAO,Lao PDR,LAO,1.65485000610352,,82.1803207397461,29.15319,22.77202,119.460418701172,47.428050994873,16.4126300811768,Lao PDR,Lao,Lower-Middle
Lebanon,Asia/Pacific,LBN,National,LBNt,Total,2009,68.6,Lebanon,LBN,Lebanon,LBN,1.76570999622345,91.0,,13.94637,9.20378,,,42.0731391906738,Lebanon,Lebanon,Upper-Middle
Lesotho,Africa,LSO,National,LSOt,Total,2009,30.5,Lesotho,LSO,Lesotho,LSO,,75.8002014160156,77.6428298950195,33.75728,23.33837,118.390426635742,48.7411193847656,,Lesotho,Lesotho,Low
Liberia,Africa,LBR,National,LBRt,Total,2009,25.4,Liberia,LBR,Liberia,LBR,,,58.5785102844238,27.36148,,96.6228713989258,,,Liberia,Liberia,Low
Madagascar,Africa,MDG,National,MDGt,Total,2009,23.1,Madagascar,MDG,Madagascar,MDG,2.82512998580933,64.4809112548828,72.1808319091797,47.90319,23.48387,147.806381225586,29.1144294738769,3.46869993209839,Madagascar,Madagascar,Low
Malawi,Africa,MWI,National,MWIt,Total,2009,18.3,Malawi,MWI,Malawi,MWI,,,69.6080780029297,80.67995,,134.626708984375,34.6426315307617,,Malawi,Malawi,Low
Malaysia,Asia/Pacific,MYS,National,MYSt,Total,2009,86.6,Malaysia,MYS,Malaysia,MYS,5.97418022155762,,101.761451721191,13.13521,13.65341,98.3973999023438,75.1220779418945,35.2378311157227,Malaysia,Malaysia,High
Maldives,Asia/Pacific,MDV,National,MDVt,Total,2009,80.2,Maldives,MDV,Maldives,MDV,5.08168983459473,,109.32202911377,12.67736,,104.686576843262,,,Maldives,Maldives,High
Mali,Africa,MLI,National,MLIt,Total,2009,25.7,Mali,MLI,Mali,MLI,3.86904001235962,,53.249828338623,50.14558,23.409,80.0612335205078,35.0469512939453,5.44737005233765,Mali,Mali,Low
Mauritania,Africa,MRT,National,MRTt,Total,2009,32.3,Mauritania,MRT,Mauritania,MRT,,,66.4141006469727,39.0677,,95.7915115356445,19.6264896392822,4.04735994338989,Mauritania,Mauritania,Low
Mauritius,Africa,MUS,National,MUSt,Total,2009,88.9,Mauritius,MUS,Mauritius,MUS,3.04731011390686,,93.6529922485352,21.6212,15.71952,100.478866577148,86.6567001342773,31.3993797302246,Mauritius,Mauritius,High
Mexico,America,MEX,National,MEXt,Total,2009,76.2,Mexico,MEX,Mexico,MEX,4.94933986663818,93.0,99.7480926513672,28.11672,17.63968,110.722198486328,85.9423217773438,26.2105903625488,Mexico,Mexico,Upper-Middle
Moldova,Europe,MDA,National,MDAt,Total,2009,69.2,Moldova,MDA,Moldova,MDA,9.5097599029541,,,15.74791,11.25259,,,,Moldova,Moldova,Upper-Middle
Mongolia,Asia/Pacific,MNG,National,MNGt,Total,2009,56.6,Mongolia,MNG,Mongolia,MNG,5.14484977722168,,,30.36106,,107.182289123535,99.4914703369141,53.3564682006836,Mongolia,Mongolia,Lower-Middle
Montenegro,Europe,MNE,National,MNEt,Total,2009,89.4,Montenegro,MNE,Montenegro,MNE,,,,,,113.767211914062,95.6065979003906,51.6601409912109,Montenegro,Montenegro,High
Morocco,Africa,MAR,National,MARt,Total,2009,76.3,Morocco,MAR,Morocco,MAR,4.83119010925293,56.0,79.1504898071289,26.6096,,104.294273376465,60.9120292663574,13.1693201065063,Morocco,Morocco,Upper-Middle
Mozambique,Africa,MOZ,National,MOZt,Total,2009,21.3,Mozambique,MOZ,Mozambique,MOZ,,51.0,56.9232215881348,61.28936,37.27802,116.349197387695,23.7465190887451,3.95149993896484,Mozambique,Mozambique,Low
Myanmar,Asia/Pacific,MMR,National,MMRt,Total,2009,47.7,Myanmar,MMR,Myanmar,MMR,,,92.8484497070312,28.41903,34.21812,107.802177429199,49.9202194213867,,Myanmar,Myanmar,Lower-Middle
Namibia,Africa,NAM,National,NAMt,Total,2009,48.7,Namibia,NAM,Namibia,NAM,,,88.7957534790039,30.10654,,116.410873413086,,,Namibia,Namibia,Lower-Middle
Nepal,Asia/Pacific,NPL,National,NPLt,Total,2009,38.4,Nepal,NPL,Nepal,NPL,4.6637601852417,,,33.30905,36.90163,141.471099853516,49.9365386962891,10.4864301681519,Nepal,Nepal,Lower-Middle
Niger,Africa,NER,National,NERt,Total,2009,16.3,Niger,NER,Niger,NER,3.33588004112244,,38.4925689697266,38.83216,,57.9057807922363,11.1008996963501,1.23695003986359,Niger,Niger,Low
Nigeria,Africa,NGA,National,NGAt,Total,2009,37.6,Nigeria,NGA,Nigeria,NGA,,,72.6352996826172,,,83.4956970214844,38.4990310668945,,Nigeria,Nigeria,Lower-Middle
North Macedonia,Europe,MKD,National,MKDt,Total,2009,89.5,North Macedonia,MKD,North Macedonia,MKD,,,95.8816909790039,16.39845,12.35655,91.9132537841797,84.1355972290039,39.837718963623,North Macedonia,North Macedonia,High
Pakistan,Asia/Pacific,PAK,National,PAKt,Total,2009,55.0,Pakistan,PAK,Pakistan,PAK,2.17916011810303,55.0,53.0357704162598,39.68783,,74.1731033325195,29.5907192230225,6.09046983718872,Pakistan,Pakistan,Lower-Middle
Palestine,Asia/Pacific,PSE,National,PSEt,Total,2009,91.0,Palestine,PSE,West Bank and Gaza,PSE,,94.0,92.2448577880859,27.95734,23.3079,90.0762405395508,89.799919128418,44.1697387695312,West Bank and Gaza,Palestine,High
Panama,America,PAN,National,PANt,Total,2009,73.3,Panama,PAN,Panama,PAN,,,99.9671478271484,23.62485,14.65648,107.18009185791,70.8318099975586,42.9887313842773,Panama,Panama,Upper-Middle
Paraguay,America,PRY,National,PRYt,Total,2009,73.1,Paraguay,PRY,Paraguay,PRY,,94.0,100.778289794922,,,110.521461486816,71.3650970458984,40.0043411254883,Paraguay,Paraguay,Upper-Middle
Peru,America,PER,National,PERt,Total,2009,59.4,Peru,PER,Peru,PER,3.13994002342224,,100.934448242188,20.15716,16.53146,110.654327392578,93.4648818969727,,Peru,Peru,Upper-Middle
Philippines,Asia/Pacific,PHL,National,PHLt,Total,2009,62.9,Philippines,PHL,Philippines,PHL,2.53777003288269,,91.5169525146484,31.43572,34.81426,107.67162322998,83.8893585205078,28.1930503845215,Philippines,Philippines,Upper-Middle
Rwanda,Africa,RWA,National,RWAt,Total,2009,18.9,Rwanda,RWA,Rwanda,RWA,,,72.6080169677734,68.29941,22.60539,156.6142578125,26.5538196563721,5.0719199180603,Rwanda,Rwanda,Low
Saint Lucia,America,LCA,National,LCAt,Total,2009,83.7,Saint Lucia,LCA,St. Lucia,LCA,3.0676600933075,,98.9440002441406,19.96736,16.2016,99.6741180419922,97.7539596557617,18.0596809387207,St. Lucia,Saint Lucia,High
Samoa,Asia/Pacific,WSM,National,WSMt,Total,2009,,Samoa,WSM,Samoa,WSM,,,96.7695770263672,31.69124,21.08541,99.8082122802734,78.8373870849609,,Samoa,Samoa,
Sao Tome & Principe,Africa,STP,National,STPt,Total,2009,43.1,Sao Tome & Principe,STP,Sao Tome and Principe,STP,9.99429035186768,,82.0763702392578,26.17273,,121.78849029541,49.1410713195801,3.92945003509521,Sao Tome and Principe,Sao Tome & Principe,Lower-Middle
Saudi Arabia,Asia/Pacific,SAU,National,SAUt,Total,2009,86.4,Saudi Arabia,SAU,Saudi Arabia,SAU,,,,11.43193,11.34723,94.6246719360352,92.7727584838867,29.6792507171631,Saudi Arabia,Saudi Arabia,High
Senegal,Africa,SEN,National,SENt,Total,2009,46.3,Senegal,SEN,Senegal,SEN,4.92073011398315,48.0,59.2928085327148,34.65629,,84.6334991455078,,7.92249011993408,Senegal,Senegal,Lower-Middle
Serbia,Europe,SRB,National,SRBt,Total,2009,89.0,Serbia,SRB,Serbia,SRB,4.48398017883301,,97.9693374633789,16.18402,10.03013,96.6467437744141,92.4529113769531,50.4512901306152,Serbia,Serbia,High
Sierra Leone,Africa,SLE,National,SLEt,Total,2009,22.9,Sierra Leone,SLE,Sierra Leone,SLE,2.8182098865509,,,,,,,,Sierra Leone,Sierra Leone,Low
South Africa,Africa,ZAF,National,ZAFt,Total,2009,67.3,South Africa,ZAF,South Africa,ZAF,4.76118993759155,93.0,,33.57812,25.0476,106.332817077637,83.7058792114258,,South Africa,South Africa,Upper-Middle
Sudan,Africa,SDN,National,SDNt,Total,2009,30.0,Sudan,SDN,Sudan,SDN,2.02213001251221,,,,,76.2211227416992,42.2509117126465,14.0590200424194,Sudan,Sudan,Low
Suriname,America,SUR,National,SURt,Total,2009,79.8,Suriname,SUR,Suriname,SUR,,,82.6880798339844,15.38398,13.30544,108.808937072754,69.8742218017578,,Suriname,Suriname,High
Syria,Asia/Pacific,SYR,National,SYRt,Total,2009,83.1,Syria,SYR,Syrian Arab Republic,SYR,5.13013982772827,,108.257583618164,,,117.862602233887,72.8768615722656,23.5956401824951,Syrian Arab Republic,Syria,High
Tajikistan,Asia/Pacific,TJK,National,TJKt,Total,2009,60.5,Tajikistan,TJK,Tajikistan,TJK,4.0983099937439,,97.1003036499023,23.24594,17.21514,96.4184265136719,84.0942764282227,22.4301891326904,Tajikistan,Tajikistan,Upper-Middle
Tanzania,Africa,TZA,National,TZAt,Total,2009,22.1,Tanzania,TZA,Tanzania,TZA,3.96076011657715,,105.147758483887,53.70457,,105.07649230957,,,Tanzania,Tanzania,Low
Thailand,Asia/Pacific,THA,National,THAt,Total,2009,81.1,Thailand,THA,Thailand,THA,3.86193990707397,,,,,93.1335525512695,77.7765884399414,46.2003402709961,Thailand,Thailand,High
Timor Leste,Asia/Pacific,TLS,National,TLSt,Total,2009,33.6,Timor Leste,TLS,Timor-Leste,TLS,12.9024801254272,,83.4455413818359,29.77684,,125.418838500977,65.4746322631836,16.3969306945801,Timor-Leste,Timor Leste,Low
Togo,Africa,TGO,National,TGOt,Total,2009,32.7,Togo,TGO,Togo,TGO,2.76807999610901,57.0,64.6693572998047,43.50925,,123.092041015625,,,Togo,Togo,Low
Tonga,Asia/Pacific,TON,National,TONt,Total,2009,,Tonga,TON,Tonga,TON,,,,24.58676,14.96024,113.065528869629,104.440650939941,,Tonga,Tonga,
Trinidad & Tobago,America,TTO,National,TTOt,Total,2009,86.3,Trinidad & Tobago,TTO,Trinidad and Tobago,TTO,,,89.7407379150391,17.57943,,97.5158081054688,,,Trinidad and Tobago,Trinidad & Tobago,High
Tunisia,Africa,TUN,National,TUNt,Total,2009,82.2,Tunisia,TUN,Tunisia,TUN,6.528480052948,,86.7006683349609,16.97824,13.85534,104.472557067871,86.0464019775391,34.0606307983398,Tunisia,Tunisia,High
Turkey,Asia/Pacific,TUR,National,TURt,Total,2009,81.4,Turkiye,TUR,Turkiye,TUR,3.76504969596863,91.0,,,,101.92414855957,80.1907424926758,46.9404602050781,Turkiye,Turkiye,High
Turks & Caicos Islands,America,TCA,National,TCAt,Total,2009,,Turks & Caicos Islands,TCA,Turks and Caicos Islands,TCA,,,103.563468933105,,,104.632652282715,108.944358825684,,Turks and Caicos Islands,Turks & Caicos Islands,
Uganda,Africa,UGA,National,UGAt,Total,2009,23.8,Uganda,UGA,Uganda,UGA,,,72.9996871948242,49.28122,,122.992980957031,,4.17582988739014,Uganda,Uganda,Low
Ukraine,Europe,UKR,National,UKRt,Total,2009,80.3,Ukraine,UKR,Ukraine,UKR,7.05074977874756,,100.128837585449,15.58278,,100.661819458008,97.3778762817383,82.4992523193359,Ukraine,Ukraine,High
Uruguay,America,URY,National,URYt,Total,2009,88.2,Uruguay,URY,Uruguay,URY,,98.0,101.85563659668,13.98624,12.42639,110.820098876953,89.2928771972656,50.9438095092773,Uruguay,Uruguay,High
Uzbekistan,Asia/Pacific,UZB,National,UZBt,Total,2009,63.4,Uzbekistan,UZB,Uzbekistan,UZB,,,97.7063369750977,17.11574,12.27106,96.9954833984375,89.0436019897461,9.8161096572876,Uzbekistan,Uzbekistan,Upper-Middle
Vanuatu,Asia/Pacific,VUT,National,VUTt,Total,2009,41.0,Vanuatu,VUT,Vanuatu,VUT,5.16051006317139,,83.9068298339844,,,109.376678466797,,,Vanuatu,Vanuatu,Lower-Middle
Venezuela,America,VEN,National,VENt,Total,2009,84.6,Venezuela,VEN,"Venezuela, RB",VEN,6.87468004226685,96.0,93.5569229125977,,,101.624313354492,81.3888778686523,78.7361907958984,"Venezuela, RB",Venezuela,High
Vietnam,Asia/Pacific,VNM,National,VNMt,Total,2009,66.9,Viet Nam,VNM,Viet Nam,VNM,4.81650018692017,94.0,,19.5222,,97.4199676513672,,21.5062007904053,Viet Nam,Viet Nam,Upper-Middle
Yemen,Asia/Pacific,YEM,National,YEMt,Total,2009,53.2,Yemen,YEM,"Yemen, Rep.",YEM,5.91624307632446,,,,,,,10.2505197525024,Yemen,Yemen,Lower-Middle
Zambia,Africa,ZMB,National,ZMBt,Total,2009,27.4,Zambia,ZMB,Zambia,ZMB,,,85.68115234375,,,111.725257873535,,,Zambia,Zambia,Low
Afghanistan,Asia/Pacific,AFG,National,AFGt,Total,2010,41.8,Afghanistan,AFG,Afghanistan,AFG,3.4794499874115,,,44.41709,,102.903442382812,50.413688659668,,Afghanistan,Afghanistan,Lower-Middle
Albania,Europe,ALB,National,ALBt,Total,2010,85.2,Albania,ALB,Albania,ALB,3.41307497024536,,102.078811645508,19.70208,14.77747,99.8618316650391,93.6818237304688,43.3279304504395,Albania,Albania,High
Algeria,Africa,DZA,National,DZAt,Total,2010,82.8,Algeria,DZA,Algeria,DZA,,,98.1303787231445,23.32803,,113.377952575684,100.709121704102,30.9776496887207,Algeria,Algeria,High
Angola,Africa,AGO,National,AGOt,Total,2010,32.5,Angola,AGO,Angola,AGO,3.42131996154785,,42.2859001159668,45.58651,,111.87287902832,27.6820907592773,,Angola,Angola,Low
Armenia,Asia/Pacific,ARM,National,ARMt,Total,2010,81.9,Armenia,ARM,Armenia,ARM,3.24900007247925,,91.5400009155273,,,96.6795196533203,100.519088745117,47.7453117370605,Armenia,Armenia,High
Azerbaijan,Europe,AZE,National,AZEt,Total,2010,70.1,Azerbaijan,AZE,Azerbaijan,AZE,2.78062009811401,100.0,89.5144500732422,11.04222,,93.7622985839844,83.0853181521079,19.2600402832031,Azerbaijan,Azerbaijan,Upper-Middle
Bangladesh,Asia/Pacific,BGD,National,BGDt,Total,2010,35.9,Bangladesh,BGD,Bangladesh,BGD,,,65.0808486938477,42.97476,28.33145,99.7353480605127,51.1863395008042,,Bangladesh,Bangladesh,Lower-Middle
Barbados,America,BRB,National,BRBt,Total,2010,91.4,Barbados,BRB,Barbados,BRB,6.05261993408203,,94.7657699584961,13.00746,,100.145851135254,107.445167541504,68.3118209838867,Barbados,Barbados,High
Belarus,Europe,BLR,National,BLRt,Total,2010,81.8,Belarus,BLR,Belarus,BLR,5.22003984451294,,96.133056640625,14.96616,,97.6069869995117,111.078163146973,82.6692733764648,Belarus,Belarus,High
Belize,America,BLZ,National,BLZt,Total,2010,75.4,Belize,BLZ,Belize,BLZ,5.26443004608154,,99.7808380126953,22.24335,16.83616,112.668518066406,75.1025314331055,21.4436492919922,Belize,Belize,Upper-Middle
Benin,Africa,BEN,National,BENt,Total,2010,35.3,Benin,BEN,Benin,BEN,3.67997002601624,,65.3145980834961,46.3918,,117.383979797363,,13.1351699829102,Benin,Benin,Low
Bhutan,Asia/Pacific,BTN,National,BTNt,Total,2010,57.2,Bhutan,BTN,Bhutan,BTN,3.82318997383118,,89.7733459472656,25.89606,21.40321,111.82495880127,62.8563690185547,6.57141065597534,Bhutan,Bhutan,Lower-Middle
Bolivia,America,BOL,National,BOLt,Total,2010,60.8,Bolivia,BOL,Bolivia,BOL,6.97379016876221,,97.4708404541016,,,105.487678527832,88.9522018432617,,Bolivia,Bolivia,Upper-Middle
Bosnia and Herzegovina,Europe,BIH,National,BIHt,Total,2010,90.2,Bosnia and Herzegovina,BIH,Bosnia and Herzegovina,BIH,,,72.0311584472656,,,88.5761795043945,83.7172470092773,37.2449798583984,Bosnia and Herzegovina,Bosnia and Herzegovina,High
Botswana,Africa,BWA,National,BWAt,Total,2010,55.2,Botswana,BWA,Botswana,BWA,,,,,,,,18.9607105255127,Botswana,Botswana,Lower-Middle
Brazil,America,BRA,National,BRAt,Total,2010,86.3,Brazil,BRA,Brazil,BRA,5.64879989624023,90.0,,22.16609,16.66361,,,,Brazil,Brazil,High
Burkina Faso,Africa,BFA,National,BFAt,Total,2010,29.2,Burkina Faso,BFA,Burkina Faso,BFA,3.50222992897034,,46.2501106262207,52.39988,30.25804,76.8965606689453,21.2837505340576,3.36725997924805,Burkina Faso,Burkina Faso,Low
Burundi,Africa,BDI,National,BDIt,Total,2010,17.6,Burundi,BDI,Burundi,BDI,6.67801666259766,,54.7546691894531,50.6021,29.94031,139.46711730957,24.3956508636475,3.12123990058899,Burundi,Burundi,Low
Cambodia,Asia/Pacific,KHM,National,KHMt,Total,2010,42.0,Cambodia,KHM,Cambodia,KHM,1.53378999233246,,89.7768630981445,48.44957,,125.497329711914,,12.3117904663086,Cambodia,Cambodia,Lower-Middle
Cameroon,Africa,CMR,National,CMRt,Total,2010,37.3,Cameroon,CMR,Cameroon,CMR,2.84803009033203,71.0,72.6221771240234,45.79474,,109.497611999512,44.0395081981762,11.3307199478149,Cameroon,Cameroon,Lower-Middle
Cape Verde,Africa,CPV,National,CPVt,Total,2010,76.4,Cape Verde,CPV,Cabo Verde,CPV,5.07658004760742,,95.2138214111328,23.64041,17.51193,107.247428894043,83.4691162109375,17.2066402435303,Cabo Verde,Cape Verde,Upper-Middle
Central African Republic CAR,Africa,CAF,National,CAFt,Total,2010,17.6,Central African Republic CAR,CAF,Central African Republic,CAF,1.11760997772217,36.7526092529297,35.7396583557129,84.32027,,79.885383605957,,2.47221994400024,Central African Republic,Central African Republic CAR,Low
Chad,Africa,TCD,National,TCDt,Total,2010,14.4,Chad,TCD,Chad,TCD,1.98194003105164,,31.3891105651855,62.20393,32.47438,83.8425521850586,23.105260848999,2.157870054245,Chad,Chad,Low
Chili,America,CHL,National,CHLt,Total,2010,87.3,Chili,CHL,Chile,CHL,4.18953990936279,,,23.41154,21.86571,103.219367980957,90.99951171875,66.3445205688477,Chile,Chili,High
China,Asia/Pacific,CHN,National,CHNt,Total,2010,61.5,China,CHN,China,CHN,3.55966520309448,95.0,104.896789550781,16.84376,15.46166,105.000213623047,91.5271835327148,25.2860698699951,China,China,Upper-Middle
Colombia,America,COL,National,COLt,Total,2010,76.3,Colombia,COL,Colombia,COL,,93.0,119.824157714844,28.13107,27.14634,124.375137329102,99.9543685913086,41.529670715332,Colombia,Colombia,Upper-Middle
Comoros,Africa,COM,National,COMt,Total,2010,44.0,Comoros,COM,Comoros,COM,,,,,,,,6.35279989242554,Comoros,Comoros,Lower-Middle
Congo Brazzaville,Africa,COG,National,COGt,Total,2010,37.0,Congo Brazzaville,COG,"Congo, Rep.",COG,5.6867299079895,,67.9243392944336,49.14568,,108.752578735352,,,"Congo, Rep.",Congo Brazzaville,Lower-Middle
Congo Democratic Republic,Africa,COD,National,CODt,Total,2010,16.3,Congo Democratic Republic,COD,"Congo, Dem. Rep.",COD,1.5249799489975,,60.315731048584,37.0131,15.96033,95.6278686523438,38.1317481994629,,"Congo, Dem. Rep.",Congo Democratic Republic,Low
Costa Rica,America,CRI,National,CRIt,Total,2010,88.3,Costa Rica,CRI,Costa Rica,CRI,6.56574010848999,,98.5047607421875,17.8517,15.5078,113.419471740723,99.9538497924805,,Costa Rica,Costa Rica,High
Cote d'Ivoire,Africa,CIV,National,CIVt,Total,2010,42.3,Cote d'Ivoire,CIV,Cote d'Ivoire,CIV,3.24651002883911,,,,,,,7.47382020950317,Cote d'Ivoire,Cote d'Ivoire,Lower-Middle
Cuba,America,CUB,National,CUBt,Total,2010,,Cuba,CUB,Cuba,CUB,12.8373098373413,,95.3740692138672,9.12865,9.46352,100.690048217773,92.330940246582,94.1727066040039,Cuba,Cuba,
Djibouti,Africa,DJI,National,DJIt,Total,2010,54.7,Djibouti,DJI,Djibouti,DJI,4.49022006988525,,,,,,,3.64723992347717,Djibouti,Djibouti,Lower-Middle
Dominican Republic,America,DOM,National,DOMt,Total,2010,73.7,Dominican Republic,DOM,Dominican Republic,DOM,1.88728785514832,90.0,92.8501586914062,25.53138,28.19246,110.49796295166,77.9718322753906,48.5968780517578,Dominican Republic,Dominican Republic,Upper-Middle
Ecuador,America,ECU,National,ECUt,Total,2010,73.9,Ecuador,ECU,Ecuador,ECU,4.60028982162476,92.0,101.974670410156,21.98396,19.9457,109.243782043457,91.5583877563477,,Ecuador,Ecuador,Upper-Middle
Egypt,Africa,EGY,National,EGYt,Total,2010,83.4,"Egypt, Arab Rep.",EGY,"Egypt, Arab Rep.",EGY,3.54265189170837,72.0,90.4167327880859,27.73437,,94.5771713256836,65.257209777832,30.5086708068848,"Egypt, Arab Rep.","Egypt, Arab Rep.",High
El Salvador,America,SLV,National,SLVt,Total,2010,66.2,El Salvador,SLV,El Salvador,SLV,4.04807996749878,84.0,97.517936706543,,,111.039741516113,67.6990127563477,26.2120800018311,El Salvador,El Salvador,Upper-Middle
Equatorial Guinea,Africa,GNQ,National,GNQt,Total,2010,,Equatorial Guinea,GNQ,Equatorial Guinea,GNQ,,94.3705368041992,36.4454002380371,27.16736,,62.4828300476074,,,Equatorial Guinea,Equatorial Guinea,
Eritrea,Africa,ERI,National,ERIt,Total,2010,,Eritrea,ERI,Eritrea,ERI,,,58.1512908935547,37.95899,38.68424,69.1700668334961,48.7314414978027,4.11851978302002,Eritrea,Eritrea,
Eswatini,Africa,SWZ,National,SWZt,Total,2010,49.7,Eswatini,SWZ,Eswatini,SWZ,6.11837005615234,83.0982894897461,85.6527404785156,32.3244,18.12249,125.429336547852,63.5462112426758,,Eswatini,Eswatini,Lower-Middle
Ethiopia,Africa,ETH,National,ETHt,Total,2010,14.9,Ethiopia,ETH,Ethiopia,ETH,4.49659013748169,,57.5203399658203,54.05852,43.07495,91.0354149300925,33.7502288818359,6.83386993408203,Ethiopia,Ethiopia,Low
Gabon,Africa,GAB,National,GABt,Total,2010,60.9,Gabon,GAB,Gabon,GAB,3.07808995246887,,,,,,,,Gabon,Gabon,Upper-Middle
Gambia,Africa,GMB,National,GMBt,Total,2010,47.9,Gambia,GMB,"Gambia, The",GMB,2.65551996231079,,63.0002517700195,37.48167,,73.2021735656065,48.533618927002,1.87147998809814,"Gambia, The",Gambia,Lower-Middle
Georgia,Asia/Pacific,GEO,National,GEOt,Total,2010,73.8,Georgia,GEO,Georgia,GEO,2.80364799499512,,112.265228271484,,,107.449516296387,,31.5973606109619,Georgia,Georgia,Upper-Middle
Ghana,Africa,GHA,National,GHAt,Total,2010,45.1,Ghana,GHA,Ghana,GHA,5.54059982299805,71.0,,,,,,,Ghana,Ghana,Lower-Middle
Guatemala,America,GTM,National,GTMt,Total,2010,63.6,Guatemala,GTM,Guatemala,GTM,2.8486499786377,,83.9035034179688,26.86718,13.98346,117.174377441406,52.4429397583008,15.7838802337646,Guatemala,Guatemala,Upper-Middle
Guinea,Africa,GIN,National,GINt,Total,2010,30.7,Guinea,GIN,Guinea,GIN,2.55118989944458,25.0,56.667350769043,42.18615,,86.300666809082,,10.6174898147583,Guinea,Guinea,Low
Guinea Bissau,Africa,GNB,National,GNBt,Total,2010,30.2,Guinea Bissau,GNB,Guinea-Bissau,GNB,1.68220996856689,,63.1141891479492,51.92515,,113.270462036133,,,Guinea-Bissau,Guinea Bissau,Low
Guyana,America,GUY,National,GUYt,Total,2010,71.2,Guyana,GUY,Guyana,GUY,2.40938997268677,,98.3920211791992,24.61945,21.4222,100.929550170898,95.1177215576172,10.8050403594971,Guyana,Guyana,Upper-Middle
Honduras,America,HND,National,HNDt,Total,2010,62.5,Honduras,HND,Honduras,HND,,85.0,85.4489593505859,,,98.8030395507812,66.0755767822266,19.174560546875,Honduras,Honduras,Upper-Middle
India,Asia/Pacific,IND,National,INDt,Total,2010,43.7,India,IND,India,IND,3.377690076828,,,,25.32821,112.527946472168,65.3513488769531,18.6971797943115,India,India,Lower-Middle
Indonesia,Asia/Pacific,IDN,National,IDNt,Total,2010,62.3,Indonesia,IDN,Indonesia,IDN,2.81227993965149,,102.534896850586,19.0117,12.17648,113.969428127169,76.9965133666992,23.8078193664551,Indonesia,Indonesia,Upper-Middle
Iran,Asia/Pacific,IRN,National,IRNt,Total,2010,73.6,"Iran, Islamic Rep.",IRN,"Iran, Islamic Rep.",IRN,3.70918011665344,,107.303230285645,,,107.240280151367,83.9020462036133,43.6247711181641,"Iran, Islamic Rep.","Iran, Islamic Rep.",Upper-Middle
Jamaica,America,JAM,National,JAMt,Total,2010,74.6,Jamaica,JAM,Jamaica,JAM,6.37060022354126,,88.0679473876953,,14.28883,99.7643890380859,89.9543304443359,25.3243999481201,Jamaica,Jamaica,Upper-Middle
Jordan,Asia/Pacific,JOR,National,JORt,Total,2010,91.7,Jordan,JOR,Jordan,JOR,,93.0,,,,89.6905288696289,87.3644409179688,37.758129119873,Jordan,Jordan,High
Kazakhstan,Asia/Pacific,KAZ,National,KAZt,Total,2010,82.2,Kazakhstan,KAZ,Kazakhstan,KAZ,3.58735489845276,99.7816314697266,101.148681640625,16.24776,,103.275779350644,100.631418247196,47.3441276550293,Kazakhstan,Kazakhstan,High
Kenya,Africa,KEN,National,KENt,Total,2010,33.3,Kenya,KEN,Kenya,KEN,4.81548976898193,,,,,,,,Kenya,Kenya,Low
Kiribati,Asia/Pacific,KIR,National,KIRt,Total,2010,,Kiribati,KIR,Kiribati,KIR,,,,,,105.76015108593,,,Kiribati,Kiribati,
Kuwait,Asia/Pacific,KWT,National,KWTt,Total,2010,94.6,Kuwait,KWT,Kuwait,KWT,,94.0,101.17130279541,8.37512,,103.456069946289,99.4430770874023,,Kuwait,Kuwait,High
Kyrgyzstan,Asia/Pacific,KGZ,National,KGZt,Total,2010,72.5,Kyrgyzstan,KGZ,Kyrgyz Republic,KGZ,5.81883239746094,,96.7557144165039,24.28436,14.3056,98.6295249154339,86.5632017054993,41.1867828369141,Kyrgyzstan,Kyrgyzstan,Upper-Middle
Lao,Asia/Pacific,LAO,National,LAOt,Total,2010,57.2,Lao,LAO,Lao PDR,LAO,1.70978999137878,,84.5375823974609,28.83207,20.22128,121.50936126709,48.9250297546387,16.872989654541,Lao PDR,Lao,Lower-Middle
Lebanon,Asia/Pacific,LBN,National,LBNt,Total,2010,68.6,Lebanon,LBN,Lebanon,LBN,1.61330997943878,,,14.1419,8.94176,,,42.3140602111816,Lebanon,Lebanon,Upper-Middle
Lesotho,Africa,LSO,National,LSOt,Total,2010,31.9,Lesotho,LSO,Lesotho,LSO,,,79.7661972045898,33.77485,24.48395,118.151779064642,53.4280281066895,,Lesotho,Lesotho,Low
Liberia,Africa,LBR,National,LBRt,Total,2010,26.3,Liberia,LBR,Liberia,LBR,,,,,,,,9.40750026702881,Liberia,Liberia,Low
Madagascar,Africa,MDG,National,MDGt,Total,2010,23.7,Madagascar,MDG,Madagascar,MDG,2.58523440361023,,69.2342376708984,40.14191,,142.481914817506,,3.62473011016846,Madagascar,Madagascar,Low
Malawi,Africa,MWI,National,MWIt,Total,2010,19.2,Malawi,MWI,Malawi,MWI,2.43236994743347,61.3097190856934,69.3453521728516,79.27172,43.23009,135.973596309213,34.8378486633301,0.73717999458313,Malawi,Malawi,Low
Malaysia,Asia/Pacific,MYS,National,MYSt,Total,2010,87.5,Malaysia,MYS,Malaysia,MYS,4.96645021438599,93.0,98.5872421264648,12.60115,13.72496,98.6539611816406,77.2356567382812,36.6847114562988,Malaysia,Malaysia,High
Maldives,Asia/Pacific,MDV,National,MDVt,Total,2010,80.9,Maldives,MDV,Maldives,MDV,3.63328003883362,,104.890487670898,11.70072,,102.207118322005,,,Maldives,Maldives,High
Mali,Africa,MLI,National,MLIt,Total,2010,27.6,Mali,MLI,Mali,MLI,3.34388995170593,31.0,56.0999298095703,50.39826,,80.4463500976562,37.7953300476074,5.67311000823975,Mali,Mali,Low
Mauritania,Africa,MRT,National,MRTt,Total,2010,33.1,Mauritania,MRT,Mauritania,MRT,,,,37.15186,,97.2489776611328,20.11549949646,4.60102987289429,Mauritania,Mauritania,Low
Mauritius,Africa,MUS,National,MUSt,Total,2010,88.9,Mauritius,MUS,Mauritius,MUS,3.55147004127502,,99.8756332397461,21.46053,15.25916,100.593627929688,86.9073104858398,33.0799903869629,Mauritius,Mauritius,High
Mexico,America,MEX,National,MEXt,Total,2010,77.1,Mexico,MEX,Mexico,MEX,4.93695020675659,93.0,100.050811767578,28.14672,17.91261,110.995216369629,87.2729263305664,27.1670207977295,Mexico,Mexico,Upper-Middle
Moldova,Europe,MDA,National,MDAt,Total,2010,69.7,Moldova,MDA,Moldova,MDA,7.5922999382019,,,15.41452,10.4993,,,,Moldova,Moldova,Upper-Middle
Mongolia,Asia/Pacific,MNG,National,MNGt,Total,2010,58.6,Mongolia,MNG,Mongolia,MNG,4.64510011672974,98.0,,30.23907,14.49262,118.511238098145,92.1322174072266,56.0234794616699,Mongolia,Mongolia,Upper-Middle
Montenegro,Europe,MNE,National,MNEt,Total,2010,89.8,Montenegro,MNE,Montenegro,MNE,,,,,,108.25479888916,98.99609375,55.2963485717773,Montenegro,Montenegro,High
Morocco,Africa,MAR,National,MARt,Total,2010,78.3,Morocco,MAR,Morocco,MAR,,,82.4563827514648,26.23715,,107.343269348145,63.2674598693848,14.0829296112061,Morocco,Morocco,High
Mozambique,Africa,MOZ,National,MOZt,Total,2010,22.3,Mozambique,MOZ,Mozambique,MOZ,5.39052867889404,,60.3175392150879,58.48961,34.12402,117.306732177734,25.8841094970703,4.7514500617981,Mozambique,Mozambique,Low
Myanmar,Asia/Pacific,MMR,National,MMRt,Total,2010,47.8,Myanmar,MMR,Myanmar,MMR,,,94.0639877319336,28.2163,34.07819,108.505020141602,50.8916511535645,,Myanmar,Myanmar,Lower-Middle
Namibia,Africa,NAM,National,NAMt,Total,2010,49.5,Namibia,NAM,Namibia,NAM,8.24330043792725,,88.7267684936523,29.77842,,117.137138366699,,,Namibia,Namibia,Lower-Middle
Nepal,Asia/Pacific,NPL,National,NPLt,Total,2010,41.2,Nepal,NPL,Nepal,NPL,3.63172006607056,,,31.91867,31.97247,146.540557861328,56.343189239502,13.4279899597168,Nepal,Nepal,Lower-Middle
Nicaragua,America,NIC,National,NICt,Total,2010,52.0,Nicaragua,NIC,Nicaragua,NIC,4.48424005508423,,79.3237533569336,30.21638,30.83047,115.129791259766,67.9309005737305,15.4233722686768,Nicaragua,Nicaragua,Lower-Middle
Niger,Africa,NER,National,NERt,Total,2010,17.5,Niger,NER,Niger,NER,2.7219500541687,,38.6980018615723,38.61445,30.8371,61.6604118347168,12.6883201599121,1.28512001037598,Niger,Niger,Low
Nigeria,Africa,NGA,National,NGAt,Total,2010,38.5,Nigeria,NGA,Nigeria,NGA,0.496685653924942,,72.9908294677734,37.55319,23.19708,83.0165863037109,43.3236885070801,9.60007953643799,Nigeria,Nigeria,Lower-Middle
North Macedonia,Europe,MKD,National,MKDt,Total,2010,89.6,North Macedonia,MKD,North Macedonia,MKD,,,,15.93884,11.91214,92.3337936401367,85.4283828735352,38.147590637207,North Macedonia,North Macedonia,High
Pakistan,Asia/Pacific,PAK,National,PAKt,Total,2010,56.2,Pakistan,PAK,Pakistan,PAK,2.05268001556396,55.0,55.4675178527832,40.45158,,74.5181025649786,29.8961453275523,,Pakistan,Pakistan,Lower-Middle
Palestine,Asia/Pacific,PSE,National,PSEt,Total,2010,89.9,Palestine,PSE,West Bank and Gaza,PSE,6.19167995452881,95.0,96.6454467773438,27.80112,22.50795,90.910026550293,88.7612609863281,45.9478302001953,West Bank and Gaza,Palestine,High
Panama,America,PAN,National,PANt,Total,2010,75.7,Panama,PAN,Panama,PAN,,94.0,95.7800216674805,23.45812,15.33901,106.050537109375,72.4545288085938,43.9842414855957,Panama,Panama,Upper-Middle
Papua New Guinea,Asia/Pacific,PNG,National,PNGt,Total,2010,,Papua New Guinea,PNG,Papua New Guinea,PNG,,61.5999984741211,,,,,,,Papua New Guinea,Papua New Guinea,
Paraguay,America,PRY,National,PRYt,Total,2010,75.0,Paraguay,PRY,Paraguay,PRY,2.7707200050354,94.0,99.5178680419922,,,110.303131103516,73.0419769287109,37.7850494384766,Paraguay,Paraguay,Upper-Middle
Peru,America,PER,National,PERt,Total,2010,61.1,Peru,PER,Peru,PER,2.86730003356934,,103.436256408691,19.68166,15.99044,110.860832214355,95.7563323974609,,Peru,Peru,Upper-Middle
Philippines,Asia/Pacific,PHL,National,PHLt,Total,2010,64.1,Philippines,PHL,Philippines,PHL,,,,,,,,29.4096050262451,Philippines,Philippines,Upper-Middle
Rwanda,Africa,RWA,National,RWAt,Total,2010,21.6,Rwanda,RWA,Rwanda,RWA,4.63126993179321,65.8522720336914,75.8724517822266,64.61867,,155.315795898438,32.4029083251953,5.77316999435425,Rwanda,Rwanda,Low
Saint Lucia,America,LCA,National,LCAt,Total,2010,83.7,Saint Lucia,LCA,St. Lucia,LCA,3.4828999042511,,94.3383636474609,18.53758,15.70294,99.1148223876953,97.6348724365234,12.6183204650879,St. Lucia,Saint Lucia,High
Samoa,Asia/Pacific,WSM,National,WSMt,Total,2010,,Samoa,WSM,Samoa,WSM,,,99.6684646606445,30.23604,21.46821,104.308014596567,80.7316088563177,,Samoa,Samoa,
Sao Tome & Principe,Africa,STP,National,STPt,Total,2010,44.8,Sao Tome & Principe,STP,Sao Tome and Principe,STP,9.9882698059082,,82.2778930664062,,,118.775886535645,50.1739196777344,4.23041009902954,Sao Tome and Principe,Sao Tome & Principe,Lower-Middle
Saudi Arabia,Asia/Pacific,SAU,National,SAUt,Total,2010,86.4,Saudi Arabia,SAU,Saudi Arabia,SAU,,,,11.15436,,97.0149230957031,,34.4424095153809,Saudi Arabia,Saudi Arabia,High
Senegal,Africa,SEN,National,SENt,Total,2010,47.9,Senegal,SEN,Senegal,SEN,0.544770002365112,,58.288501739502,33.65179,,84.3055114746094,36.9725303649902,7.58721017837524,Senegal,Senegal,Lower-Middle
Serbia,Europe,SRB,National,SRBt,Total,2010,89.6,Serbia,SRB,Serbia,SRB,3.90093231201172,,95.6875991821289,16.35445,9.60059,94.459098815918,92.6080322265625,49.5273818969727,Serbia,Serbia,High
Sierra Leone,Africa,SLE,National,SLEt,Total,2010,23.6,Sierra Leone,SLE,Sierra Leone,SLE,2.58851051330566,,,,,,,,Sierra Leone,Sierra Leone,Low
South Africa,Africa,ZAF,National,ZAFt,Total,2010,68.4,South Africa,ZAF,South Africa,ZAF,5.13497018814087,93.0,,29.51018,,107.648483276367,85.1267929077148,16.5815620422363,South Africa,South Africa,Upper-Middle
South Sudan,Africa,SSD,National,SSDt,Total,2010,14.2,South Sudan,SSD,South Sudan,SSD,1.04533004760742,,,,,,,,South Sudan,South Sudan,Low
Sudan,Africa,SDN,National,SDNt,Total,2010,30.5,Sudan,SDN,Sudan,SDN,,,64.0954666137695,,,75.6873397827148,42.9851608276367,14.5465803146362,Sudan,Sudan,Low
Suriname,America,SUR,National,SURt,Total,2010,81.0,Suriname,SUR,Suriname,SUR,,95.0,82.7998886108398,14.94652,13.84981,107.706901550293,73.3080978393555,,Suriname,Suriname,High
Syria,Asia/Pacific,SYR,National,SYRt,Total,2010,83.1,Syria,SYR,Syrian Arab Republic,SYR,,,107.050567626953,,,117.089660644531,73.8691177368164,25.6885604858398,Syrian Arab Republic,Syria,High
Tajikistan,Asia/Pacific,TJK,National,TJKt,Total,2010,62.6,Tajikistan,TJK,Tajikistan,TJK,4.00675010681152,99.6999969482422,101.166496276855,25.18145,17.10019,95.4384536743164,85.0041198730469,22.7603607177734,Tajikistan,Tajikistan,Upper-Middle
Tanzania,Africa,TZA,National,TZAt,Total,2010,22.3,Tanzania,TZA,Tanzania,TZA,4.54169988632202,67.8006973266602,90.4671249389648,50.76274,,103.189781246465,33.3581695556641,2.1443920135498,Tanzania,Tanzania,Low
Thailand,Asia/Pacific,THA,National,THAt,Total,2010,82.2,Thailand,THA,Thailand,THA,3.5084400177002,96.0,,16.2581,,97.5923614501953,85.4706268310547,51.2394104003906,Thailand,Thailand,High
Timor Leste,Asia/Pacific,TLS,National,TLSt,Total,2010,35.7,Timor Leste,TLS,Timor-Leste,TLS,11.1065797805786,58.0,78.8860015869141,30.19877,22.99003,128.00772059028,67.8909270929501,17.5926208496094,Timor-Leste,Timor Leste,Lower-Middle
Togo,Africa,TGO,National,TGOt,Total,2010,33.8,Togo,TGO,Togo,TGO,2.95977997779846,,68.7651519775391,40.57306,,125.678672790527,,9.12454032897949,Togo,Togo,Low
Tonga,Asia/Pacific,TON,National,TONt,Total,2010,,Tonga,TON,Tonga,TON,,,,24.88626,14.88117,113.930206298828,105.640548706055,,Tonga,Tonga,
Trinidad & Tobago,America,TTO,National,TTOt,Total,2010,86.6,Trinidad & Tobago,TTO,Trinidad and Tobago,TTO,4.21155452728271,,87.2268218994141,,,97.6362075805664,,,Trinidad and Tobago,Trinidad & Tobago,High
Tunisia,Africa,TUN,National,TUNt,Total,2010,82.4,Tunisia,TUN,Tunisia,TUN,5.96306991577148,79.0,98.0381317138672,17.11543,13.28804,105.668029785156,85.7978897094727,34.6434898376465,Tunisia,Tunisia,High
Turkey,Asia/Pacific,TUR,National,TURt,Total,2010,83.0,Turkiye,TUR,Turkiye,TUR,3.7870135307312,93.0,,,,104.570068359375,84.2024002075195,56.7506217956543,Turkiye,Turkiye,High
Turks & Caicos Islands,America,TCA,National,TCAt,Total,2010,,Turks & Caicos Islands,TCA,Turks and Caicos Islands,TCA,,,,,,,,0.30978998541832,Turks and Caicos Islands,Turks & Caicos Islands,
Uganda,Africa,UGA,National,UGAt,Total,2010,25.3,Uganda,UGA,Uganda,UGA,1.72739994525909,73.0,55.568920135498,48.576,,120.498428344727,26.3338059756956,3.89966988563538,Uganda,Uganda,Low
Ukraine,Europe,UKR,National,UKRt,Total,2010,80.6,Ukraine,UKR,Ukraine,UKR,7.39708471298218,,100.017593383789,15.65789,,100.067626953125,98.1416778564453,81.9082489013672,Ukraine,Ukraine,High
Uruguay,America,URY,National,URYt,Total,2010,88.9,Uruguay,URY,Uruguay,URY,,98.0,101.169006347656,13.79403,12.65841,109.976486206055,98.6642990112305,51.8884315490723,Uruguay,Uruguay,High
Uzbekistan,Asia/Pacific,UZB,National,UZBt,Total,2010,,Uzbekistan,UZB,Uzbekistan,UZB,,,99.5307540893555,17.76213,13.00627,95.8622447341772,89.9835586547852,8.51634120941162,Uzbekistan,Uzbekistan,
Vanuatu,Asia/Pacific,VUT,National,VUTt,Total,2010,41.6,Vanuatu,VUT,Vanuatu,VUT,,,83.9795532226562,21.66442,,116.782982524706,53.7494029613119,,Vanuatu,Vanuatu,Lower-Middle
Venezuela,America,VEN,National,VENt,Total,2010,85.9,Venezuela,VEN,"Venezuela, RB",VEN,,,92.0712585449219,,,101.07022857666,81.3296966552734,,"Venezuela, RB",Venezuela,High
Vietnam,Asia/Pacific,VNM,National,VNMt,Total,2010,69.5,Viet Nam,VNM,Viet Nam,VNM,4.04593992233276,,,19.90175,,99.4573287963867,,24.310827255249,Viet Nam,Viet Nam,Upper-Middle
Yemen,Asia/Pacific,YEM,National,YEMt,Total,2010,54.0,Yemen,YEM,"Yemen, Rep.",YEM,4.3922233581543,,60.2067985534668,30.81078,,84.017219543457,40.9379692077637,9.79825973510742,Yemen,Yemen,Lower-Middle
Zambia,Africa,ZMB,National,ZMBt,Total,2010,29.0,Zambia,ZMB,Zambia,ZMB,3.41600441932678,83.0,99.2741394042969,52.98507,,110.654739379883,,,Zambia,Zambia,Low
Zimbabwe,Africa,ZWE,National,ZWEt,Total,2010,38.7,Zimbabwe,ZWE,Zimbabwe,ZWE,1.54405999183655,,,,,,,7.36588001251221,Zimbabwe,Zimbabwe,Lower-Middle
Afghanistan,Asia/Pacific,AFG,National,AFGt,Total,2011,43.6,Afghanistan,AFG,Afghanistan,AFG,3.4620099067688,31.0,,43.51915,,100.290298461914,52.198429107666,3.75560998916626,Afghanistan,Afghanistan,Lower-Middle
Albania,Europe,ALB,National,ALBt,Total,2011,85.4,Albania,ALB,Albania,ALB,3.24000835418701,97.0,100.500961303711,19.86917,15.24414,101.580268859863,95.4705276489258,49.3997001647949,Albania,Albania,High
Algeria,Africa,DZA,National,DZAt,Total,2011,84.3,Algeria,DZA,Algeria,DZA,,,97.8454437255859,23.26903,,112.388160705566,103.116470336914,32.6073913574219,Algeria,Algeria,High
Angola,Africa,AGO,National,AGOt,Total,2011,33.5,Angola,AGO,Angola,AGO,3.24000000953674,,49.0943412780762,42.54306,27.41665,126.245147705078,27.9312000274658,6.3326301574707,Angola,Angola,Low
Armenia,Asia/Pacific,ARM,National,ARMt,Total,2011,82.6,Armenia,ARM,Armenia,ARM,3.14385008811951,100.0,93.4741592407227,,,96.5201721191406,90.0805282592773,47.8231010437012,Armenia,Armenia,High
Azerbaijan,Europe,AZE,National,AZEt,Total,2011,71.1,Azerbaijan,AZE,Azerbaijan,AZE,2.43564009666443,100.0,92.8068313598633,11.16445,,95.5736312866211,82.9176205382172,19.647310256958,Azerbaijan,Azerbaijan,Upper-Middle
Bangladesh,Asia/Pacific,BGD,National,BGDt,Total,2011,37.8,Bangladesh,BGD,Bangladesh,BGD,2.13269996643066,59.0,,,30.62493,,51.5034958279718,13.5724172592163,Bangladesh,Bangladesh,Lower-Middle
Barbados,America,BRB,National,BRBt,Total,2011,91.4,Barbados,BRB,Barbados,BRB,,,96.1785125732422,13.08663,,100.810638427734,107.060928344727,65.0382232666016,Barbados,Barbados,High
Belarus,Europe,BLR,National,BLRt,Total,2011,82.2,Belarus,BLR,Belarus,BLR,4.68479013442993,,98.9563064575195,14.96367,,96.9309768676758,107.989326477051,91.2559967041016,Belarus,Belarus,High
Belize,America,BLZ,National,BLZt,Total,2011,75.9,Belize,BLZ,Belize,BLZ,5.51967906951904,,102.770683288574,21.89921,16.31748,112.076461791992,75.6254501342773,21.4217891693115,Belize,Belize,Upper-Middle
Benin,Africa,BEN,National,BENt,Total,2011,36.7,Benin,BEN,Benin,BEN,4.40000009536743,,70.1288681030273,44.20067,,119.239990234375,47.4146003723145,12.2822198867798,Benin,Benin,Lower-Middle
Bhutan,Asia/Pacific,BTN,National,BTNt,Total,2011,57.2,Bhutan,BTN,Bhutan,BTN,4.40793991088867,,92.8496627807617,25.37845,20.53927,113.172569274902,66.87548828125,7.69609975814819,Bhutan,Bhutan,Lower-Middle
Bolivia,America,BOL,National,BOLt,Total,2011,62.8,Bolivia,BOL,Bolivia,BOL,6.45056009292603,92.0,97.3701629638672,,,101.712623596191,86.1704177856445,,Bolivia,Bolivia,Upper-Middle
Bosnia and Herzegovina,Europe,BIH,National,BIHt,Total,2011,91.3,Bosnia and Herzegovina,BIH,Bosnia and Herzegovina,BIH,,98.1420364379883,77.8637924194336,,,88.9700088500977,84.51416015625,39.7756309509277,Bosnia and Herzegovina,Bosnia and Herzegovina,High
Botswana,Africa,BWA,National,BWAt,Total,2011,56.6,Botswana,BWA,Botswana,BWA,10.8265533447266,,,,,,,16.9406700134277,Botswana,Botswana,Lower-Middle
Brazil,America,BRA,National,BRAt,Total,2011,87.8,Brazil,BRA,Brazil,BRA,5.73741006851196,91.0,,21.28507,16.34985,,,,Brazil,Brazil,High
Burkina Faso,Africa,BFA,National,BFAt,Total,2011,30.6,Burkina Faso,BFA,Burkina Faso,BFA,3.98515009880066,,52.7853507995605,52.68641,26.48814,80.1960678100586,23.2858791351318,3.94350004196167,Burkina Faso,Burkina Faso,Low
Burundi,Africa,BDI,National,BDIt,Total,2011,18.2,Burundi,BDI,Burundi,BDI,6.24009609222412,,59.5920906066895,48.31143,29.38317,140.372177124023,27.5342102050781,,Burundi,Burundi,Low
Cambodia,Asia/Pacific,KHM,National,KHMt,Total,2011,44.6,Cambodia,KHM,Cambodia,KHM,1.51068997383118,,89.6656951904297,47.29163,,120.726565891866,,14.1404304504395,Cambodia,Cambodia,Lower-Middle
Cameroon,Africa,CMR,National,CMRt,Total,2011,39.1,Cameroon,CMR,Cameroon,CMR,2.65336990356445,,71.0284576416016,45.43773,24.12545,108.320976257324,48.9704093933105,12.2482299804688,Cameroon,Cameroon,Lower-Middle
Cape Verde,Africa,CPV,National,CPVt,Total,2011,76.4,Cape Verde,CPV,Cabo Verde,CPV,4.59784984588623,,89.5569076538086,23.25538,17.21693,105.803382873535,85.5802764892578,19.6212100982666,Cabo Verde,Cape Verde,Upper-Middle
Central African Republic CAR,Africa,CAF,National,CAFt,Total,2011,17.5,Central African Republic CAR,CAF,Central African Republic,CAF,1.10792005062103,,36.9948310852051,81.31051,66.81707,79.5864410400391,15.8301095962524,2.89123010635376,Central African Republic,Central African Republic CAR,Low
Chad,Africa,TCD,National,TCDt,Total,2011,15.3,Chad,TCD,Chad,TCD,2.25789999961853,,34.7236785888672,62.59056,31.98235,90.4705429077148,23.5767993927002,2.28011989593506,Chad,Chad,Low
Chili,America,CHL,National,CHLt,Total,2011,,Chili,CHL,Chile,CHL,4.0617299079895,97.0,95.0724105834961,21.97403,21.0574,103.170486450195,90.9826202392578,70.8241806030273,Chile,Chili,
China,Asia/Pacific,CHN,National,CHNt,Total,2011,61.4,China,CHN,China,CHN,3.80921697616577,,,16.78841,15.15325,103.869262695312,92.9864196777344,26.8075294494629,China,China,Upper-Middle
Colombia,America,COL,National,COLt,Total,2011,77.6,Colombia,COL,Colombia,COL,,94.0,118.851791381836,27.57965,25.58137,121.831283569336,101.20581817627,45.2873306274414,Colombia,Colombia,Upper-Middle
Comoros,Africa,COM,National,COMt,Total,2011,45.3,Comoros,COM,Comoros,COM,2.8304500579834,,,27.74673,,108.421542182123,,8.7821798324585,Comoros,Comoros,Lower-Middle
Congo Brazzaville,Africa,COG,National,COGt,Total,2011,38.0,Congo Brazzaville,COG,"Congo, Rep.",COG,2.64652967453003,79.3111724853516,74.6774368286133,47.09289,,108.289176940918,,7.91929006576538,"Congo, Rep.",Congo Brazzaville,Lower-Middle
Congo Democratic Republic,Africa,COD,National,CODt,Total,2011,17.8,Congo Democratic Republic,COD,"Congo, Dem. Rep.",COD,,,62.2785301208496,37.37094,15.21755,97.0199890136719,40.1614418029785,7.69432020187378,"Congo, Dem. Rep.",Congo Democratic Republic,Low
Costa Rica,America,CRI,National,CRIt,Total,2011,88.6,Costa Rica,CRI,Costa Rica,CRI,6.37988996505737,97.0,98.2123107910156,17.34208,14.92131,111.912406921387,102.432029724121,44.9357299804688,Costa Rica,Costa Rica,High
Cote d'Ivoire,Africa,CIV,National,CIVt,Total,2011,43.2,Cote d'Ivoire,CIV,Cote d'Ivoire,CIV,2.86576008796692,,51.8445281982422,48.84621,,77.1075820922852,,3.30475997924805,Cote d'Ivoire,Cote d'Ivoire,Lower-Middle
Cuba,America,CUB,National,CUBt,Total,2011,,Cuba,CUB,Cuba,CUB,,,94.8154907226562,9.11033,9.03415,100.203720092773,92.0178375244141,79.0247268676758,Cuba,Cuba,
Djibouti,Africa,DJI,National,DJIt,Total,2011,,Djibouti,DJI,Djibouti,DJI,,,,35.23512,27.89546,,,5.21012020111084,Djibouti,Djibouti,
Dominican Republic,America,DOM,National,DOMt,Total,2011,74.7,Dominican Republic,DOM,Dominican Republic,DOM,1.87925755977631,90.0,93.000617980957,25.45855,28.72223,110.20068359375,77.4272232055664,47.6470642089844,Dominican Republic,Dominican Republic,Upper-Middle
Ecuador,America,ECU,National,ECUt,Total,2011,74.8,Ecuador,ECU,Ecuador,ECU,4.74424982070923,92.0,105.231643676758,21.89836,20.90102,109.090042114258,95.6929702758789,,Ecuador,Ecuador,Upper-Middle
Egypt,Africa,EGY,National,EGYt,Total,2011,83.8,"Egypt, Arab Rep.",EGY,"Egypt, Arab Rep.",EGY,3.3442964553833,,,,,91.0242385864258,73.5110321044922,25.8721904754639,"Egypt, Arab Rep.","Egypt, Arab Rep.",High
El Salvador,America,SLV,National,SLVt,Total,2011,67.0,El Salvador,SLV,El Salvador,SLV,3.89854001998901,85.0,98.53662109375,29.28568,24.34529,109.942649841309,69.2876663208008,27.1980304718018,El Salvador,El Salvador,Upper-Middle
Equatorial Guinea,Africa,GNQ,National,GNQt,Total,2011,,Equatorial Guinea,GNQ,Equatorial Guinea,GNQ,,,36.3376502990723,27.90775,,62.6617584228516,,,Equatorial Guinea,Equatorial Guinea,
Eritrea,Africa,ERI,National,ERIt,Total,2011,,Eritrea,ERI,Eritrea,ERI,,,57.8777389526367,40.4643,39.49376,74.1200332641602,48.9813690185547,,Eritrea,Eritrea,
Eswatini,Africa,SWZ,National,SWZt,Total,2011,51.1,Eswatini,SWZ,Eswatini,SWZ,6.86432981491089,,85.8988418579102,30.4911,17.2581,124.78254699707,67.0537185668945,6.76452016830444,Eswatini,Eswatini,Lower-Middle
Ethiopia,Africa,ETH,National,ETHt,Total,2011,15.5,Ethiopia,ETH,Ethiopia,ETH,5.48576021194458,,52.9997825622559,55.06929,40.33126,93.3071517944336,35.3596687316895,7.17573022842407,Ethiopia,Ethiopia,Low
Fiji,Asia/Pacific,FJI,National,FJIt,Total,2011,73.9,Fiji,FJI,Fiji,FJI,4.17305994033813,,94.8317108154297,30.75971,26.46551,93.5630569458008,84.15869140625,,Fiji,Fiji,Upper-Middle
Gabon,Africa,GAB,National,GABt,Total,2011,62.5,Gabon,GAB,Gabon,GAB,2.987459897995,,,24.53098,,130.165969848633,,,Gabon,Gabon,Upper-Middle
Gambia,Africa,GMB,National,GMBt,Total,2011,48.8,Gambia,GMB,"Gambia, The",GMB,2.50170254707336,,58.9020957946777,37.61854,,70.6535519260858,,2.94032001495361,"Gambia, The",Gambia,Lower-Middle
Georgia,Asia/Pacific,GEO,National,GEOt,Total,2011,75.0,Georgia,GEO,Georgia,GEO,2.5149199962616,,,,,108.015098571777,,34.3632888793945,Georgia,Georgia,Upper-Middle
Ghana,Africa,GHA,National,GHAt,Total,2011,46.4,Ghana,GHA,Ghana,GHA,8.14097023010254,,88.1638107299805,31.04223,18.66661,99.0466003417969,55.7933591677051,11.156060218811,Ghana,Ghana,Lower-Middle
Guatemala,America,GTM,National,GTMt,Total,2011,64.6,Guatemala,GTM,Guatemala,GTM,2.96865010261536,,86.2735214233398,26.2891,13.54263,115.991149902344,53.0007400512695,16.486270904541,Guatemala,Guatemala,Upper-Middle
Guinea,Africa,GIN,National,GINt,Total,2011,33.2,Guinea,GIN,Guinea,GIN,2.28742003440857,,60.1625938415527,44.08141,33.13554,90.0735321044922,36.9982414245605,10.6762504577637,Guinea,Guinea,Low
Guinea Bissau,Africa,GNB,National,GNBt,Total,2011,30.9,Guinea Bissau,GNB,Guinea-Bissau,GNB,1.76593005657196,,,,,,,,Guinea-Bissau,Guinea Bissau,Low
Guyana,America,GUY,National,GUYt,Total,2011,73.0,Guyana,GUY,Guyana,GUY,2.50669002532959,,104.88159942627,24.59172,20.86307,104.000343322754,103.894538879395,11.1490097045898,Guyana,Guyana,Upper-Middle
Honduras,America,HND,National,HNDt,Total,2011,64.1,Honduras,HND,Honduras,HND,,85.0,86.1358795166016,,,97.1901092529297,65.6973037719727,,Honduras,Honduras,Upper-Middle
India,Asia/Pacific,IND,National,INDt,Total,2011,45.2,India,IND,India,IND,3.79618000984192,69.0,95.8912353515625,35.15463,25.92121,109.70790287368,68.5910110473633,23.8253688812256,India,India,Lower-Middle
Indonesia,Asia/Pacific,IDN,National,IDNt,Total,2011,63.7,Indonesia,IDN,Indonesia,IDN,3.18944001197815,93.0,102.359306335449,18.9804,14.76712,115.483630556977,79.5367202758789,25.4599514007568,Indonesia,Indonesia,Upper-Middle
Iran,Asia/Pacific,IRN,National,IRNt,Total,2011,,"Iran, Islamic Rep.",IRN,"Iran, Islamic Rep.",IRN,3.48497009277344,,105.738639831543,,,107.185096740723,88.1207733154297,48.5700302124023,"Iran, Islamic Rep.","Iran, Islamic Rep.",
Jamaica,America,JAM,National,JAMt,Total,2011,75.2,Jamaica,JAM,Jamaica,JAM,6.26664018630981,,87.7824783325195,23.39354,16.81034,100.875312805176,91.6688995361328,24.957540512085,Jamaica,Jamaica,Upper-Middle
Jordan,Asia/Pacific,JOR,National,JORt,Total,2011,92.5,Jordan,JOR,Jordan,JOR,,96.0,85.3106384277344,,,90.3731994628906,87.5930404663086,37.4216384887695,Jordan,Jordan,High
Kazakhstan,Asia/Pacific,KAZ,National,KAZt,Total,2011,82.4,Kazakhstan,KAZ,Kazakhstan,KAZ,3.61434006690979,,107.454711914062,16.35795,,103.814360017948,100.990818397102,50.9489822387695,Kazakhstan,Kazakhstan,High
Kenya,Africa,KEN,National,KENt,Total,2011,34.8,Kenya,KEN,Kenya,KEN,4.70012998580933,,,,,,,,Kenya,Kenya,Low
Kiribati,Asia/Pacific,KIR,National,KIRt,Total,2011,,Kiribati,KIR,Kiribati,KIR,13.0445995330811,,,,,106.941371681416,,,Kiribati,Kiribati,
Kuwait,Asia/Pacific,KWT,National,KWTt,Total,2011,94.6,Kuwait,KWT,Kuwait,KWT,,,100.382179260254,8.60901,,104.047218322754,98.1292266845703,,Kuwait,Kuwait,High
Kyrgyzstan,Asia/Pacific,KGZ,National,KGZt,Total,2011,74.4,Kyrgyzstan,KGZ,Kyrgyz Republic,KGZ,6.79062080383301,,96.5340805053711,24.91639,14.29209,98.594579054613,87.033388229465,40.948169708252,Kyrgyzstan,Kyrgyzstan,Upper-Middle
Lao,Asia/Pacific,LAO,National,LAOt,Total,2011,59.3,Lao,LAO,Lao PDR,LAO,1.70801997184753,58.2879409790039,89.3581085205078,26.80852,19.88845,120.713156338385,47.4730241601277,17.6739711761475,Lao PDR,Lao,Upper-Middle
Lebanon,Asia/Pacific,LBN,National,LBNt,Total,2011,68.6,Lebanon,LBN,Lebanon,LBN,1.65251994132996,,,14.23097,9.30599,,,45.5640182495117,Lebanon,Lebanon,Upper-Middle
Lesotho,Africa,LSO,National,LSOt,Total,2011,33.8,Lesotho,LSO,Lesotho,LSO,8.17000007629395,,80.0388336181641,33.87564,24.76922,117.591586937421,55.9379386901855,,Lesotho,Lesotho,Low
Liberia,Africa,LBR,National,LBRt,Total,2011,27.1,Liberia,LBR,Liberia,LBR,,,63.9139785766602,26.83431,,100.91922380646,44.5974807739258,,Liberia,Liberia,Low
Madagascar,Africa,MDG,National,MDGt,Total,2011,24.3,Madagascar,MDG,Madagascar,MDG,3.09318614006042,,70.1377105712891,43.24486,,141.919485946402,35.2706108093262,4.00945997238159,Madagascar,Madagascar,Low
Malawi,Africa,MWI,National,MWIt,Total,2011,20.3,Malawi,MWI,Malawi,MWI,2.85346007347107,,71.0738677978516,76.07357,42.1285,136.165512087835,35.8270301818848,0.851849973201752,Malawi,Malawi,Low
Malaysia,Asia/Pacific,MYS,National,MYSt,Total,2011,88.5,Malaysia,MYS,Malaysia,MYS,5.76293992996216,,99.6830062866211,12.32447,13.57944,99.3454546347163,77.8982925415039,35.6598587036133,Malaysia,Malaysia,High
Maldives,Asia/Pacific,MDV,National,MDVt,Total,2011,81.6,Maldives,MDV,Maldives,MDV,3.08072996139526,,101.261581420898,12.27511,,100.484915139851,,,Maldives,Maldives,High
Mali,Africa,MLI,National,MLIt,Total,2011,29.5,Mali,MLI,Mali,MLI,3.75423002243042,31.0,56.5069389343262,48.47335,24.71884,80.7510375976562,39.9008598327637,5.12092018127441,Mali,Mali,Low
Mauritania,Africa,MRT,National,MRTt,Total,2011,33.8,Mauritania,MRT,Mauritania,MRT,2.33102011680603,,,39.29443,,95.269889831543,22.4948806762695,5.01435995101929,Mauritania,Mauritania,Low
Mauritius,Africa,MUS,National,MUSt,Total,2011,88.9,Mauritius,MUS,Mauritius,MUS,3.33207011222839,89.0,96.7283096313477,20.35924,14.9129,100.026718139648,88.7222900390625,34.2265090942383,Mauritius,Mauritius,High
Mexico,America,MEX,National,MEXt,Total,2011,77.3,Mexico,MEX,Mexico,MEX,4.90405988693237,94.0,100.186973571777,28.11199,17.67731,111.058860778809,88.3800888061523,28.0361595153809,Mexico,Mexico,Upper-Middle
Moldova,Europe,MDA,National,MDAt,Total,2011,70.2,Moldova,MDA,Moldova,MDA,7.13638019561768,,,15.3188,9.89848,,,,Moldova,Moldova,Upper-Middle
Mongolia,Asia/Pacific,MNG,National,MNGt,Total,2011,59.8,Mongolia,MNG,Mongolia,MNG,4.60902976989746,,,29.32321,,117.345191955566,,56.7441596984863,Mongolia,Mongolia,Upper-Middle
Montenegro,Europe,MNE,National,MNEt,Total,2011,90.2,Montenegro,MNE,Montenegro,MNE,,98.0,74.4485321044922,,,98.0292282104492,93.1708908081055,59.0115089416504,Montenegro,Montenegro,High
Morocco,Africa,MAR,National,MARt,Total,2011,80.2,Morocco,MAR,Morocco,MAR,,67.0,87.2471313476562,26.41532,,109.072212219238,66.2594909667969,15.9613800048828,Morocco,Morocco,High
Mozambique,Africa,MOZ,National,MOZt,Total,2011,23.3,Mozambique,MOZ,Mozambique,MOZ,5.62194490432739,,56.42919921875,55.41963,33.23384,113.478477478027,26.6728496551514,5.04203987121582,Mozambique,Mozambique,Low
Myanmar,Asia/Pacific,MMR,National,MMRt,Total,2011,47.9,Myanmar,MMR,Myanmar,MMR,0.787440001964569,,,,,,,14.2016801834106,Myanmar,Myanmar,Lower-Middle
Namibia,Africa,NAM,National,NAMt,Total,2011,50.3,Namibia,NAM,Namibia,NAM,8.0213794708252,88.0,,,,,,,Namibia,Namibia,Lower-Middle
Nepal,Asia/Pacific,NPL,National,NPLt,Total,2011,44.1,Nepal,NPL,Nepal,NPL,3.84261989593506,60.0,,29.61413,29.70178,150.354240409822,59.7313995361328,13.4289903640747,Nepal,Nepal,Lower-Middle
Nicaragua,America,NIC,National,NICt,Total,2011,52.7,Nicaragua,NIC,Nicaragua,NIC,,,,,,115.790251792567,,15.8641271591187,Nicaragua,Nicaragua,Lower-Middle
Niger,Africa,NER,National,NERt,Total,2011,18.7,Niger,NER,Niger,NER,3.07762002944946,,43.4176902770996,39.00208,34.67953,65.4002532958984,13.5426797866821,1.33376002311707,Niger,Niger,Low
Nigeria,Africa,NGA,National,NGAt,Total,2011,39.4,Nigeria,NGA,Nigeria,NGA,0.564658761024475,,,,,88.0855102539062,44.6314888000488,10.1537199020386,Nigeria,Nigeria,Lower-Middle
Pakistan,Asia/Pacific,PAK,National,PAKt,Total,2011,57.5,Pakistan,PAK,Pakistan,PAK,2.00100994110107,55.0,53.0464286804199,39.83264,,71.0259884181485,30.3576824820896,7.46075391769409,Pakistan,Pakistan,Upper-Middle
Palestine,Asia/Pacific,PSE,National,PSEt,Total,2011,88.7,Palestine,PSE,West Bank and Gaza,PSE,5.33527994155884,95.0,91.9521102905273,25.64319,20.49871,91.6654586791992,87.6216812133789,48.4083213806152,West Bank and Gaza,Palestine,High
Panama,America,PAN,National,PANt,Total,2011,78.1,Panama,PAN,Panama,PAN,3.15900993347168,,99.8916778564453,23.0112,14.68664,104.953880310059,72.2515716552734,41.9725303649902,Panama,Panama,High
Paraguay,America,PRY,National,PRYt,Total,2011,76.8,Paraguay,PRY,Paraguay,PRY,3.69282007217407,,95.7307891845703,,,108.958236694336,75.6274108886719,,Paraguay,Paraguay,Upper-Middle
Peru,America,PER,National,PERt,Total,2011,63.3,Peru,PER,Peru,PER,2.6635000705719,,101.077659606934,19.5637,16.69359,108.298957824707,97.1125869750977,,Peru,Peru,Upper-Middle
Philippines,Asia/Pacific,PHL,National,PHLt,Total,2011,65.3,Philippines,PHL,Philippines,PHL,,,,,,,,30.8261947631836,Philippines,Philippines,Upper-Middle
Rwanda,Africa,RWA,National,RWAt,Total,2011,22.1,Rwanda,RWA,Rwanda,RWA,4.38346004486084,,,58.09439,23.70344,154.129638671875,36.6210098266602,6.83723020553589,Rwanda,Rwanda,Low
Saint Lucia,America,LCA,National,LCAt,Total,2011,83.7,Saint Lucia,LCA,St. Lucia,LCA,3.59881997108459,,95.9368667602539,17.64146,15.31698,98.4985885620117,97.1129913330078,16.3322505950928,St. Lucia,Saint Lucia,High
Samoa,Asia/Pacific,WSM,National,WSMt,Total,2011,,Samoa,WSM,Samoa,WSM,4.9480414390564,99.0,98.2228698730469,,,100.915880901686,79.9401384298809,,Samoa,Samoa,
Sao Tome & Principe,Africa,STP,National,STPt,Total,2011,46.4,Sao Tome & Principe,STP,Sao Tome and Principe,STP,,,108.452590942383,29.79713,19.77371,118.858947753906,48.7168998718262,3.73972821235657,Sao Tome and Principe,Sao Tome & Principe,Lower-Middle
Saudi Arabia,Asia/Pacific,SAU,National,SAUt,Total,2011,86.4,Saudi Arabia,SAU,Saudi Arabia,SAU,,,121.367897033691,11.01062,,128.981857299805,,28.9419498443604,Saudi Arabia,Saudi Arabia,High
Senegal,Africa,SEN,National,SENt,Total,2011,49.5,Senegal,SEN,Senegal,SEN,4.90302991867065,52.0,60.9112091064453,33.31196,26.90024,86.8277130126953,42.3821296691895,10.0053596496582,Senegal,Senegal,Lower-Middle
Serbia,Europe,SRB,National,SRBt,Total,2011,90.0,Serbia,SRB,Serbia,SRB,4.2383599281311,98.0,100.604110717773,15.48102,9.33435,100.805923461914,94.6896667480469,52.1371002197266,Serbia,Serbia,High
Sierra Leone,Africa,SLE,National,SLEt,Total,2011,24.2,Sierra Leone,SLE,Sierra Leone,SLE,2.6782546043396,,65.9179306030273,31.33123,20.51483,110.747229008377,39.1531982421875,,Sierra Leone,Sierra Leone,Low
South Africa,Africa,ZAF,National,ZAFt,Total,2011,69.5,South Africa,ZAF,South Africa,ZAF,5.28898000717163,93.0,,32.59666,,108.391960144043,88.2877883911133,17.613130569458,South Africa,South Africa,Upper-Middle
South Sudan,Africa,SSD,National,SSDt,Total,2011,17.3,South Sudan,SSD,South Sudan,SSD,0.962890028953552,,27.9012107849121,49.89984,,88.451057434082,10.5483102798462,,South Sudan,South Sudan,Low
Sudan,Africa,SDN,National,SDNt,Total,2011,31.8,Sudan,SDN,Sudan,SDN,,,,,,73.5940170288086,38.5298385620117,14.5883703231812,Sudan,Sudan,Low
Suriname,America,SUR,National,SURt,Total,2011,81.4,Suriname,SUR,Suriname,SUR,,,80.8763122558594,14.31496,13.42443,105.419067382812,71.1243515014648,,Suriname,Suriname,High
Syria,Asia/Pacific,SYR,National,SYRt,Total,2011,,Syria,SYR,Syrian Arab Republic,SYR,,,105.134666442871,,,117.537750244141,75.2352905273438,25.6436996459961,Syrian Arab Republic,Syria,
Tajikistan,Asia/Pacific,TJK,National,TJKt,Total,2011,64.7,Tajikistan,TJK,Tajikistan,TJK,3.93511009216309,,96.8576126098633,23.27456,15.43893,92.9553527832031,86.245849609375,22.2888793945312,Tajikistan,Tajikistan,Upper-Middle
Tanzania,Africa,TZA,National,TZAt,Total,2011,23.9,Tanzania,TZA,Tanzania,TZA,4.57789897918701,,84.6483306884766,,,96.5907807914025,,,Tanzania,Tanzania,Low
Thailand,Asia/Pacific,THA,National,THAt,Total,2011,83.3,Thailand,THA,Thailand,THA,4.80555009841919,,,15.78457,,97.2464828491211,87.4437026977539,52.1359634399414,Thailand,Thailand,High
Timor Leste,Asia/Pacific,TLS,National,TLSt,Total,2011,37.9,Timor Leste,TLS,Timor-Leste,TLS,10.1935195922852,,81.5486450195312,31.35481,24.2871,131.007642766996,70.2508890538903,,Timor-Leste,Timor Leste,Lower-Middle
Togo,Africa,TGO,National,TGOt,Total,2011,34.8,Togo,TGO,Togo,TGO,3.07750010490417,60.0,70.2357406616211,40.94767,26.24584,123.724212646484,53.6932907104492,9.90192985534668,Togo,Togo,Low
Tonga,Asia/Pacific,TON,National,TONt,Total,2011,,Tonga,TON,Tonga,TON,,99.0,,24.12606,14.56807,115.24356842041,107.053398132324,,Tonga,Tonga,
Trinidad & Tobago,America,TTO,National,TTOt,Total,2011,86.9,Trinidad & Tobago,TTO,Trinidad and Tobago,TTO,3.85078835487366,,,,,,,,Trinidad and Tobago,Trinidad & Tobago,High
Tunisia,Africa,TUN,National,TUNt,Total,2011,82.7,Tunisia,TUN,Tunisia,TUN,,80.0,,17.35205,13.62495,104.921020507812,87.7685089111328,34.4940605163574,Tunisia,Tunisia,High
Turkey,Asia/Pacific,TUR,National,TURt,Total,2011,84.6,Turkiye,TUR,Turkiye,TUR,4.221519947052,94.0,,,,105.751289367676,87.80322265625,61.516300201416,Turkiye,Turkiye,High
Turks & Caicos Islands,America,TCA,National,TCAt,Total,2011,,Turks & Caicos Islands,TCA,Turks and Caicos Islands,TCA,3.36029505729675,,,,,,,,Turks and Caicos Islands,Turks & Caicos Islands,
Uganda,Africa,UGA,National,UGAt,Total,2011,26.7,Uganda,UGA,Uganda,UGA,2.29890990257263,,53.9674987792969,47.77601,,113.124282836914,25.2763251675407,4.35145998001099,Uganda,Uganda,Low
Ukraine,Europe,UKR,National,UKRt,Total,2011,80.9,Ukraine,UKR,Ukraine,UKR,5.93770980834961,,101.307739257812,15.83346,,98.9314575195312,96.1171798706055,84.7981109619141,Ukraine,Ukraine,High
Uruguay,America,URY,National,URYt,Total,2011,89.7,Uruguay,URY,Uruguay,URY,4.14937019348145,98.0,100.766151428223,,,110.70337677002,101.560180664062,52.5558204650879,Uruguay,Uruguay,High
Uzbekistan,Asia/Pacific,UZB,National,UZBt,Total,2011,,Uzbekistan,UZB,Uzbekistan,UZB,5.81876087188721,,97.5866470336914,15.6244,13.27681,94.7535839112371,89.7831726074219,8.51634120941162,Uzbekistan,Uzbekistan,
Venezuela,America,VEN,National,VENt,Total,2011,87.3,Venezuela,VEN,"Venezuela, RB",VEN,,95.0,93.1526718139648,,,100.89427947998,82.2678070068359,,"Venezuela, RB",Venezuela,High
Vietnam,Asia/Pacific,VNM,National,VNMt,Total,2011,70.6,Viet Nam,VNM,Viet Nam,VNM,3.7802300453186,,98.8883438110352,19.63155,,100.246124394885,,26.6182117462158,Viet Nam,Viet Nam,Upper-Middle
Yemen,Asia/Pacific,YEM,National,YEMt,Total,2011,54.8,Yemen,YEM,"Yemen, Rep.",YEM,5.04202699661255,,,30.25279,,87.5362396240234,42.7542686462402,9.31793022155762,Yemen,Yemen,Lower-Middle
Zambia,Africa,ZMB,National,ZMBt,Total,2011,30.6,Zambia,ZMB,Zambia,ZMB,3.35772275924683,,,55.86195,,112.128326416016,,4.01371002197266,Zambia,Zambia,Low
Zimbabwe,Africa,ZWE,National,ZWEt,Total,2011,39.6,Zimbabwe,ZWE,Zimbabwe,ZWE,,83.5827102661133,,,,,,5.60529947280884,Zimbabwe,Zimbabwe,Lower-Middle
Afghanistan,Asia/Pacific,AFG,National,AFGt,Total,2012,45.5,Afghanistan,AFG,Afghanistan,AFG,2.60419988632202,,,44.67743,,106.283401489258,54.2063903808594,,Afghanistan,Afghanistan,Lower-Middle
Albania,Europe,ALB,National,ALBt,Total,2012,85.5,Albania,ALB,Albania,ALB,3.30906105041504,97.0,117.00846862793,19.48298,14.89293,102.067359924316,97.6080703735352,58.6214218139648,Albania,Albania,High
Algeria,Africa,DZA,National,DZAt,Total,2012,85.7,Algeria,DZA,Algeria,DZA,7.0295090675354,,99.6443786621094,23.15942,,111.705558776855,,33.7081413269043,Algeria,Algeria,High
Angola,Africa,AGO,National,AGOt,Total,2012,35.0,Angola,AGO,Angola,AGO,3.08191084861755,,,,,,,,Angola,Angola,Low
Armenia,Asia/Pacific,ARM,National,ARMt,Total,2012,83.3,Armenia,ARM,Armenia,ARM,2.77248001098633,,93.5642013549805,,,96.4941024780273,,41.4842185974121,Armenia,Armenia,High
Azerbaijan,Europe,AZE,National,AZEt,Total,2012,72.1,Azerbaijan,AZE,Azerbaijan,AZE,2.06763005256653,100.0,91.9911880493164,11.92302,,97.9553070068359,82.762274922741,20.4384593963623,Azerbaijan,Azerbaijan,Upper-Middle
Bangladesh,Asia/Pacific,BGD,National,BGDt,Total,2012,38.5,Bangladesh,BGD,Bangladesh,BGD,2.04667067527771,58.0,,,32.23697,,53.6534004211426,13.667537689209,Bangladesh,Bangladesh,Lower-Middle
Barbados,America,BRB,National,BRBt,Total,2012,91.4,Barbados,BRB,Barbados,BRB,5.25726985931396,,,,,,,,Barbados,Barbados,High
Belarus,Europe,BLR,National,BLRt,Total,2012,82.7,Belarus,BLR,Belarus,BLR,4.95964002609253,,97.6052932739258,14.90909,,95.8345794677734,105.305328369141,98.5973968505859,Belarus,Belarus,High
Belize,America,BLZ,National,BLZt,Total,2012,76.4,Belize,BLZ,Belize,BLZ,5.47151041030884,,107.713851928711,21.56275,16.52241,115.074172973633,78.3177337646484,23.8754291534424,Belize,Belize,Upper-Middle
Benin,Africa,BEN,National,BENt,Total,2012,36.7,Benin,BEN,Benin,BEN,3.56202006340027,32.9488182067871,71.6108627319336,44.14979,,123.163383483887,,13.3533802032471,Benin,Benin,Lower-Middle
Bhutan,Asia/Pacific,BTN,National,BTNt,Total,2012,57.2,Bhutan,BTN,Bhutan,BTN,,55.0,102.197418212891,23.9859,19.88922,112.417518615723,71.9950332641602,7.59584522247314,Bhutan,Bhutan,Lower-Middle
Bolivia,America,BOL,National,BOLt,Total,2012,,Bolivia,BOL,Bolivia,BOL,6.62799978256226,94.0,98.2205429077148,,,99.2259063720703,88.1365280151367,,Bolivia,Bolivia,
Bosnia and Herzegovina,Europe,BIH,National,BIHt,Total,2012,92.3,Bosnia and Herzegovina,BIH,Bosnia and Herzegovina,BIH,,,77.2597198486328,,,89.0230484008789,85.3761291503906,41.8755912780762,Bosnia and Herzegovina,Bosnia and Herzegovina,High
Botswana,Africa,BWA,National,BWAt,Total,2012,57.8,Botswana,BWA,Botswana,BWA,8.10987281799316,,96.5031509399414,23.41584,,101.333695422588,,20.8391494750977,Botswana,Botswana,Upper-Middle
Brazil,America,BRA,National,BRAt,Total,2012,89.3,Brazil,BRA,Brazil,BRA,5.85510015487671,91.0,,20.51712,15.97387,104.7822265625,94.3209762573242,43.2308502197266,Brazil,Brazil,High
Burkina Faso,Africa,BFA,National,BFAt,Total,2012,32.0,Burkina Faso,BFA,Burkina Faso,BFA,3.60315990447998,,56.2800216674805,48.23903,26.33301,82.4147720336914,25.3485202789307,4.3672399520874,Burkina Faso,Burkina Faso,Low
Burundi,Africa,BDI,National,BDIt,Total,2012,18.8,Burundi,BDI,Burundi,BDI,6.03472852706909,,64.5548629760742,47.10468,29.70914,135.609924316406,30.4175605773926,3.84211850166321,Burundi,Burundi,Low
Cambodia,Asia/Pacific,KHM,National,KHMt,Total,2012,47.2,Cambodia,KHM,Cambodia,KHM,1.41441452503204,,95.939079284668,45.72134,,120.336936950684,,,Cambodia,Cambodia,Lower-Middle
Cameroon,Africa,CMR,National,CMRt,Total,2012,40.0,Cameroon,CMR,Cameroon,CMR,2.60306000709534,,75.0696487426758,45.56349,21.43342,112.783538818359,52.1736297607422,13.2559003829956,Cameroon,Cameroon,Lower-Middle
Cape Verde,Africa,CPV,National,CPVt,Total,2012,76.4,Cape Verde,CPV,Cabo Verde,CPV,5.39769554138184,85.0,91.9921722412109,22.97124,16.7948,105.173240661621,86.7075271606445,19.3967304229736,Cabo Verde,Cape Verde,Upper-Middle
Central African Republic CAR,Africa,CAF,National,CAFt,Total,2012,17.4,Central African Republic CAR,CAF,Central African Republic,CAF,1.98034727573395,,38.5165786743164,80.11576,68.13149,79.6397705078125,15.5503301620483,2.72516989707947,Central African Republic,Central African Republic CAR,Low
Chad,Africa,TCD,National,TCDt,Total,2012,16.2,Chad,TCD,Chad,TCD,2.20615005493164,,35.2715492248535,61.26763,29.7734,94.4548492431641,22.8527393341064,,Chad,Chad,Low
Chili,America,CHL,National,CHLt,Total,2012,,Chili,CHL,Chile,CHL,,,97.4051208496094,21.15991,20.04352,103.369781494141,89.5031433105469,75.0770721435547,Chile,Chili,
China,Asia/Pacific,CHN,National,CHNt,Total,2012,66.4,China,CHN,China,CHN,4.29788875579834,,,16.84872,14.50326,103.43643951416,93.3106079101562,29.3250408172607,China,China,Upper-Middle
Colombia,America,COL,National,COLt,Total,2012,78.9,Colombia,COL,Colombia,COL,,,113.55069732666,25.04796,25.39509,118.63996887207,97.2326889038086,47.4669914245605,Colombia,Colombia,High
Comoros,Africa,COM,National,COMt,Total,2012,46.5,Comoros,COM,Comoros,COM,2.74783992767334,49.1961402893066,,,,,,9.47585010528564,Comoros,Comoros,Lower-Middle
Congo Brazzaville,Africa,COG,National,COGt,Total,2012,40.2,Congo Brazzaville,COG,"Congo, Rep.",COG,2.73923063278198,,72.2780990600586,44.442,18.67603,105.455909729004,50.7823600769043,9.07367992401123,"Congo, Rep.",Congo Brazzaville,Lower-Middle
Congo Democratic Republic,Africa,COD,National,CODt,Total,2012,19.3,Congo Democratic Republic,COD,"Congo, Dem. Rep.",COD,,75.0,67.4500427246094,34.74758,15.33509,101.648918151855,40.0562782287598,7.80960988998413,"Congo, Dem. Rep.",Congo Democratic Republic,Low
Costa Rica,America,CRI,National,CRIt,Total,2012,88.9,Costa Rica,CRI,Costa Rica,CRI,6.58239984512329,,96.4712982177734,,,111.138572692871,105.198959350586,47.3161315917969,Costa Rica,Costa Rica,High
Cote d'Ivoire,Africa,CIV,National,CIVt,Total,2012,44.1,Cote d'Ivoire,CIV,Cote d'Ivoire,CIV,3.4344699382782,40.9816284179688,52.8002891540527,41.71605,,79.7437896728516,,,Cote d'Ivoire,Cote d'Ivoire,Lower-Middle
Cuba,America,CUB,National,CUBt,Total,2012,,Cuba,CUB,Cuba,CUB,11.5516605377197,100.0,92.5005569458008,9.05528,8.42905,100.628433227539,90.6324996948242,61.7317886352539,Cuba,Cuba,
Djibouti,Africa,DJI,National,DJIt,Total,2012,,Djibouti,DJI,Djibouti,DJI,6.35127544403076,,,34.93245,26.55834,,,,Djibouti,Djibouti,
Dominican Republic,America,DOM,National,DOMt,Total,2012,75.7,Dominican Republic,DOM,Dominican Republic,DOM,,90.0,93.4557189941406,23.6279,29.17577,108.469017028809,77.9861068725586,48.6290016174316,Dominican Republic,Dominican Republic,Upper-Middle
Ecuador,America,ECU,National,ECUt,Total,2012,75.6,Ecuador,ECU,Ecuador,ECU,4.65310001373291,92.0,105.295959472656,22.07965,21.96425,106.423393249512,98.554801940918,39.2524681091309,Ecuador,Ecuador,Upper-Middle
Egypt,Africa,EGY,National,EGYt,Total,2012,84.1,"Egypt, Arab Rep.",EGY,"Egypt, Arab Rep.",EGY,3.36830472946167,74.0,,,,95.6657562255859,74.484260559082,26.4579601287842,"Egypt, Arab Rep.","Egypt, Arab Rep.",High
El Salvador,America,SLV,National,SLVt,Total,2012,67.8,El Salvador,SLV,El Salvador,SLV,3.7124400138855,,96.8596801757812,,,108.89933013916,70.3625183105469,27.9502296447754,El Salvador,El Salvador,Upper-Middle
Equatorial Guinea,Africa,GNQ,National,GNQt,Total,2012,,Equatorial Guinea,GNQ,Equatorial Guinea,GNQ,,,38.794979095459,26.1669,,64.0161666870117,,,Equatorial Guinea,Equatorial Guinea,
Eritrea,Africa,ERI,National,ERIt,Total,2012,,Eritrea,ERI,Eritrea,ERI,,,54.7314910888672,40.9313,37.88873,77.137077331543,49.7793998718262,,Eritrea,Eritrea,
Eswatini,Africa,SWZ,National,SWZt,Total,2012,52.6,Eswatini,SWZ,Eswatini,SWZ,5.5932822227478,,85.2502365112305,29.05959,16.5432,124.537452697754,70.270637512207,,Eswatini,Eswatini,Lower-Middle
Ethiopia,Africa,ETH,National,ETHt,Total,2012,16.5,Ethiopia,ETH,Ethiopia,ETH,5.56678009033203,,51.1800079345703,,40.35064,92.6786109225543,37.2147407531738,7.59986019134521,Ethiopia,Ethiopia,Low
Fiji,Asia/Pacific,FJI,National,FJIt,Total,2012,74.7,Fiji,FJI,Fiji,FJI,4.46150588989258,,96.1022186279297,27.99728,19.2926,94.6015930175781,82.420036315918,,Fiji,Fiji,Upper-Middle
Gabon,Africa,GAB,National,GABt,Total,2012,64.2,Gabon,GAB,Gabon,GAB,3.01340007781982,82.2837982177734,,,,,,,Gabon,Gabon,Upper-Middle
Gambia,Africa,GMB,National,GMBt,Total,2012,49.7,Gambia,GMB,"Gambia, The",GMB,2.63756990432739,,60.1748580932617,33.86525,,73.0429967524207,,2.66229009628296,"Gambia, The",Gambia,Lower-Middle
Georgia,Asia/Pacific,GEO,National,GEOt,Total,2012,76.2,Georgia,GEO,Georgia,GEO,1.86033999919891,,106.945487976074,,,109.747756958008,,32.4973793029785,Georgia,Georgia,Upper-Middle
Ghana,Africa,GHA,National,GHAt,Total,2012,48.1,Ghana,GHA,Ghana,GHA,7.91913986206055,,91.1953582763672,32.98357,17.8712,101.383898832395,57.2292630804741,11.4314603805542,Ghana,Ghana,Lower-Middle
Guatemala,America,GTM,National,GTMt,Total,2012,65.7,Guatemala,GTM,Guatemala,GTM,3.00524997711182,78.0,86.4331207275391,25.54245,13.66083,111.67342376709,53.3110084533691,16.934289932251,Guatemala,Guatemala,Upper-Middle
Guinea,Africa,GIN,National,GINt,Total,2012,35.6,Guinea,GIN,Guinea,GIN,1.83370995521545,,61.0377883911133,43.55555,,92.2287216186523,37.161449432373,10.0537395477295,Guinea,Guinea,Lower-Middle
Guinea Bissau,Africa,GNB,National,GNBt,Total,2012,31.7,Guinea Bissau,GNB,Guinea-Bissau,GNB,1.8863799571991,,,,,,,,Guinea-Bissau,Guinea Bissau,Low
Guyana,America,GUY,National,GUYt,Total,2012,74.7,Guyana,GUY,Guyana,GUY,2.24131989479065,,105.516242980957,23.1645,20.29138,103.141578674316,105.690780639648,11.6349601745605,Guyana,Guyana,Upper-Middle
Honduras,America,HND,National,HNDt,Total,2012,65.1,Honduras,HND,Honduras,HND,6.29972791671753,85.0,84.8156509399414,,,93.8849105834961,64.1757583618164,18.8540897369385,Honduras,Honduras,Upper-Middle
India,Asia/Pacific,IND,National,INDt,Total,2012,46.7,India,IND,India,IND,4.08479833602905,,,,,111.775573730469,70.3243865966797,24.9402103424072,India,India,Lower-Middle
Indonesia,Asia/Pacific,IDN,National,IDNt,Total,2012,65.2,Indonesia,IDN,Indonesia,IDN,3.40748000144958,,109.122627258301,18.59225,16.61711,115.963613246812,81.5296478271484,29.5658359527588,Indonesia,Indonesia,Upper-Middle
Iran,Asia/Pacific,IRN,National,IRNt,Total,2012,,"Iran, Islamic Rep.",IRN,"Iran, Islamic Rep.",IRN,2.93899989128113,84.0,102.779708862305,,,107.180732727051,91.7013168334961,54.0766487121582,"Iran, Islamic Rep.","Iran, Islamic Rep.",
Iraq,Asia/Pacific,IRQ,National,IRQt,Total,2012,86.4,Iraq,IRQ,Iraq,IRQ,,77.0,,,,,,,Iraq,Iraq,High
Jamaica,America,JAM,National,JAMt,Total,2012,75.8,Jamaica,JAM,Jamaica,JAM,6.11246013641357,,104.02108001709,22.85664,,100.956787109375,,27.4642906188965,Jamaica,Jamaica,Upper-Middle
Jordan,Asia/Pacific,JOR,National,JORt,Total,2012,93.4,Jordan,JOR,Jordan,JOR,,98.0,,,,90.9311828613281,87.2317581176758,43.9161491394043,Jordan,Jordan,High
Kazakhstan,Asia/Pacific,KAZ,National,KAZt,Total,2012,82.5,Kazakhstan,KAZ,Kazakhstan,KAZ,3.90163707733154,,102.201606750488,16.19104,,102.177580405424,101.364480678017,52.7025604248047,Kazakhstan,Kazakhstan,High
Kenya,Africa,KEN,National,KENt,Total,2012,36.3,Kenya,KEN,Kenya,KEN,4.93121004104614,,,56.5747,,112.314239501953,,,Kenya,Kenya,Lower-Middle
Kiribati,Asia/Pacific,KIR,National,KIRt,Total,2012,,Kiribati,KIR,Kiribati,KIR,13.4276657104492,,,,,104.489056182908,,,Kiribati,Kiribati,
Kuwait,Asia/Pacific,KWT,National,KWTt,Total,2012,94.6,Kuwait,KWT,Kuwait,KWT,,96.0,96.1993713378906,8.60056,,100.401550292969,95.3978424072266,,Kuwait,Kuwait,High
Kyrgyzstan,Asia/Pacific,KGZ,National,KGZt,Total,2012,76.3,Kyrgyzstan,KGZ,Kyrgyz Republic,KGZ,7.38422012329102,,95.6202011108398,23.89988,12.56466,100.415219427116,87.4233710921234,43.0413208007812,Kyrgyzstan,Kyrgyzstan,Upper-Middle
Lao,Asia/Pacific,LAO,National,LAOt,Total,2012,61.4,Lao,LAO,Lao PDR,LAO,1.82147002220154,,92.9614868164062,27.12631,18.60615,119.396707175246,49.895149230957,17.5077114105225,Lao PDR,Lao,Upper-Middle
Lebanon,Asia/Pacific,LBN,National,LBNt,Total,2012,68.6,Lebanon,LBN,Lebanon,LBN,2.14902997016907,,,14.33889,,,,44.8252983093262,Lebanon,Lebanon,Upper-Middle
Lesotho,Africa,LSO,National,LSOt,Total,2012,35.6,Lesotho,LSO,Lesotho,LSO,7.67000007629395,,79.9042816162109,34.07946,24.69132,116.668398755341,57.9205207824707,11.0302000045776,Lesotho,Lesotho,Lower-Middle
Liberia,Africa,LBR,National,LBRt,Total,2012,27.9,Liberia,LBR,Liberia,LBR,1.77711999416351,,,,,,,11.2590703964233,Liberia,Liberia,Low
Madagascar,Africa,MDG,National,MDGt,Total,2012,24.9,Madagascar,MDG,Madagascar,MDG,2.46357321739197,72.0,68.488525390625,43.06725,27.63587,141.97428629473,36.904154873223,4.07020998001099,Madagascar,Madagascar,Low
Malawi,Africa,MWI,National,MWIt,Total,2012,21.5,Malawi,MWI,Malawi,MWI,2.52861189842224,,73.9334564208984,74.08589,41.52301,135.220736932619,35.7291717529297,,Malawi,Malawi,Low
Malaysia,Asia/Pacific,MYS,National,MYSt,Total,2012,89.4,Malaysia,MYS,Malaysia,MYS,5.73902988433838,,105.498718261719,12.00361,13.92335,100.159393495238,82.1150970458984,36.9332084655762,Malaysia,Malaysia,High
Maldives,Asia/Pacific,MDV,National,MDVt,Total,2012,82.3,Maldives,MDV,Maldives,MDV,4.96826791763306,,93.0855484008789,11.4094,,97.5583890922863,,,Maldives,Maldives,High
Mali,Africa,MLI,National,MLIt,Total,2012,31.4,Mali,MLI,Mali,MLI,3.47949004173279,,52.1180191040039,,,77.2598114013672,,6.61513996124268,Mali,Mali,Low
Mauritania,Africa,MRT,National,MRTt,Total,2012,35.5,Mauritania,MRT,Mauritania,MRT,2.15821003913879,,68.9371795654297,40.12932,,94.8015213012695,27.0770893096924,5.45682001113892,Mauritania,Mauritania,Low
Mauritius,Africa,MUS,National,MUSt,Total,2012,88.9,Mauritius,MUS,Mauritius,MUS,3.41820001602173,92.0,92.2949981689453,20.93864,14.7082,99.3668975830078,92.1094436645508,40.3749504089355,Mauritius,Mauritius,High
Mexico,America,MEX,National,MEXt,Total,2012,77.6,Mexico,MEX,Mexico,MEX,4.88348007202148,94.0,106.491287231445,28.01636,17.74098,111.073516845703,90.6936187744141,29.3496494293213,Mexico,Mexico,Upper-Middle
Moldova,Europe,MDA,National,MDAt,Total,2012,70.7,Moldova,MDA,Moldova,MDA,6.98338985443115,,,15.7877,9.57243,,,,Moldova,Moldova,Upper-Middle
Mongolia,Asia/Pacific,MNG,National,MNGt,Total,2012,61.1,Mongolia,MNG,Mongolia,MNG,5.96198511123657,,,28.77793,,114.09058380127,,61.0462303161621,Mongolia,Mongolia,Upper-Middle
Montenegro,Europe,MNE,National,MNEt,Total,2012,90.5,Montenegro,MNE,Montenegro,MNE,,,96.2360382080078,,,99.0702972412109,92.6130599975586,60.3092498779297,Montenegro,Montenegro,High
Morocco,Africa,MAR,National,MARt,Total,2012,82.1,Morocco,MAR,Morocco,MAR,5.55294847488403,69.0,95.4793472290039,25.83553,,109.254737854004,68.9832611083984,19.1758098602295,Morocco,Morocco,High
Mozambique,Africa,MOZ,National,MOZt,Total,2012,24.0,Mozambique,MOZ,Mozambique,MOZ,5.5575098991394,,53.8298492431641,54.84224,33.07411,112.623161315918,26.1849498748779,5.3305401802063,Mozambique,Mozambique,Low
Myanmar,Asia/Pacific,MMR,National,MMRt,Total,2012,48.0,Myanmar,MMR,Myanmar,MMR,1.58642876148224,,,,,,,13.6632795333862,Myanmar,Myanmar,Lower-Middle
Namibia,Africa,NAM,National,NAMt,Total,2012,51.1,Namibia,NAM,Namibia,NAM,9.24281215667725,,92.3007125854492,,,120.952057990673,,,Namibia,Namibia,Lower-Middle
Nepal,Asia/Pacific,NPL,National,NPLt,Total,2012,45.6,Nepal,NPL,Nepal,NPL,3.52898859977722,,106.073081970215,27.5331,29.56574,147.889989217964,64.0768432617188,,Nepal,Nepal,Lower-Middle
Nicaragua,America,NIC,National,NICt,Total,2012,53.5,Nicaragua,NIC,Nicaragua,NIC,,,,,,113.646691835047,,16.4946403503418,Nicaragua,Nicaragua,Lower-Middle
Niger,Africa,NER,National,NERt,Total,2012,19.9,Niger,NER,Niger,NER,3.1868200302124,31.0,46.8613510131836,38.75524,,67.3207092285156,14.6892900466919,1.52788996696472,Niger,Niger,Low
Nigeria,Africa,NGA,National,NGAt,Total,2012,40.3,Nigeria,NGA,Nigeria,NGA,0.549233078956604,,,,,89.3999862670898,46.1335983276367,,Nigeria,Nigeria,Lower-Middle
North Macedonia,Europe,MKD,National,MKDt,Total,2012,90.0,North Macedonia,MKD,North Macedonia,MKD,,97.5999984741211,,15.15012,10.492,92.9667129516602,85.8300170898438,39.7961082458496,North Macedonia,North Macedonia,High
Pakistan,Asia/Pacific,PAK,National,PAKt,Total,2012,58.8,Pakistan,PAK,Pakistan,PAK,1.97879004478455,57.0,55.3550224304199,41.35274,23.33674,70.7852546541412,31.2602005004883,8.49672698974609,Pakistan,Pakistan,Upper-Middle
Palestine,Asia/Pacific,PSE,National,PSEt,Total,2012,87.6,Palestine,PSE,West Bank and Gaza,PSE,4.74210977554321,96.0,90.8287887573242,24.40835,20.18146,93.2747268676758,87.0877532958984,47.8747100830078,West Bank and Gaza,Palestine,High
Panama,America,PAN,National,PANt,Total,2012,80.5,Panama,PAN,Panama,PAN,,,101.723510742188,22.60998,,103.401817321777,,43.8421783447266,Panama,Panama,High
Papua New Guinea,Asia/Pacific,PNG,National,PNGt,Total,2012,,Papua New Guinea,PNG,Papua New Guinea,PNG,,,,,27.40981,100.100090026855,37.1345100402832,,Papua New Guinea,Papua New Guinea,
Paraguay,America,PRY,National,PRYt,Total,2012,78.6,Paraguay,PRY,Paraguay,PRY,3.668790102005,94.0,94.6053009033203,24.15974,18.4041,112.23876953125,82.5331420898438,,Paraguay,Paraguay,High
Peru,America,PER,National,PERt,Total,2012,64.2,Peru,PER,Peru,PER,2.92276000976562,94.0,95.7032012939453,19.18832,16.75243,102.122482299805,95.9883804321289,,Peru,Peru,Upper-Middle
Philippines,Asia/Pacific,PHL,National,PHLt,Total,2012,66.4,Philippines,PHL,Philippines,PHL,,,,,,,,31.3085117340088,Philippines,Philippines,Upper-Middle
Rwanda,Africa,RWA,National,RWAt,Total,2012,22.7,Rwanda,RWA,Rwanda,RWA,4.42103004455566,68.0,74.8167724609375,59.27851,22.91459,153.371826171875,39.662769317627,6.70939016342163,Rwanda,Rwanda,Low
Saint Lucia,America,LCA,National,LCAt,Total,2012,83.7,Saint Lucia,LCA,St. Lucia,LCA,3.29098010063171,,95.5991897583008,17.24099,14.33398,97.4788131713867,93.8899230957031,10.2659502029419,St. Lucia,Saint Lucia,High
Samoa,Asia/Pacific,WSM,National,WSMt,Total,2012,,Samoa,WSM,Samoa,WSM,4.89170742034912,,97.822868347168,,,100.677497640556,80.2511379689217,,Samoa,Samoa,
Sao Tome & Principe,Africa,STP,National,STPt,Total,2012,48.0,Sao Tome & Principe,STP,Sao Tome and Principe,STP,6.92846012115479,90.0,90.9869384765625,28.65004,,110.949981689453,56.1721000671387,7.83611011505127,Sao Tome and Principe,Sao Tome & Principe,Lower-Middle
Saudi Arabia,Asia/Pacific,SAU,National,SAUt,Total,2012,86.4,Saudi Arabia,SAU,Saudi Arabia,SAU,,,128.916763305664,10.88712,,130.851364135742,,36.0444107055664,Saudi Arabia,Saudi Arabia,High
Senegal,Africa,SEN,National,SENt,Total,2012,51.6,Senegal,SEN,Senegal,SEN,4.77698993682861,,60.0965003967285,32.69103,24.8448,86.3720932006836,46.180419921875,10.1298198699951,Senegal,Senegal,Lower-Middle
Serbia,Europe,SRB,National,SRBt,Total,2012,90.4,Serbia,SRB,Serbia,SRB,3.84768438339233,,97.9884490966797,15.63411,9.07219,100.904792785645,94.9734725952148,54.0148391723633,Serbia,Serbia,High
Sierra Leone,Africa,SLE,National,SLEt,Total,2012,24.9,Sierra Leone,SLE,Sierra Leone,SLE,2.88159847259521,,61.8763847351074,32.99373,21.68596,113.630160726308,43.14794921875,,Sierra Leone,Sierra Leone,Low
South Africa,Africa,ZAF,National,ZAFt,Total,2012,69.9,South Africa,ZAF,South Africa,ZAF,5.52323007583618,94.0,,32.93793,,109.080718994141,92.5222702026367,17.2647495269775,South Africa,South Africa,Upper-Middle
South Sudan,Africa,SSD,National,SSDt,Total,2012,20.4,South Sudan,SSD,South Sudan,SSD,1.57674932479858,,,,,,,,South Sudan,South Sudan,Low
Sudan,Africa,SDN,National,SDNt,Total,2012,33.2,Sudan,SDN,Sudan,SDN,,,60.184211730957,,,75.4114837646484,42.6758918762207,15.2577896118164,Sudan,Sudan,Low
Suriname,America,SUR,National,SURt,Total,2012,81.9,Suriname,SUR,Suriname,SUR,,93.0,81.2596817016602,13.98546,12.47988,105.729858398438,71.4789581298828,,Suriname,Suriname,High
Syria,Asia/Pacific,SYR,National,SYRt,Total,2012,,Syria,SYR,Syrian Arab Republic,SYR,,,105.016891479492,,,116.944236755371,75.7306976318359,30.2727794647217,Syrian Arab Republic,Syria,
Tajikistan,Asia/Pacific,TJK,National,TJKt,Total,2012,66.7,Tajikistan,TJK,Tajikistan,TJK,4.01803016662598,,90.3670425415039,23.00472,,91.9468612670898,86.6066207885742,22.7133293151855,Tajikistan,Tajikistan,Upper-Middle
Tanzania,Africa,TZA,National,TZAt,Total,2012,25.4,Tanzania,TZA,Tanzania,TZA,4.22964286804199,78.0,81.3818511962891,45.83178,,93.0888159624971,,4.03181934356689,Tanzania,Tanzania,Low
Thailand,Asia/Pacific,THA,National,THAt,Total,2012,84.3,Thailand,THA,Thailand,THA,3.59691834449768,,,16.28069,,98.1807174682617,86.2047500610352,50.2119026184082,Thailand,Thailand,High
Timor Leste,Asia/Pacific,TLS,National,TLSt,Total,2012,40.1,Timor Leste,TLS,Timor-Leste,TLS,7.16572332382202,,85.8351440429688,,,130.17159857621,70.1036246610335,,Timor-Leste,Timor Leste,Lower-Middle
Togo,Africa,TGO,National,TGOt,Total,2012,35.9,Togo,TGO,Togo,TGO,3.37651991844177,,73.7997436523438,41.67781,,126.962829589844,,10.9630603790283,Togo,Togo,Lower-Middle
Tonga,Asia/Pacific,TON,National,TONt,Total,2012,,Tonga,TON,Tonga,TON,,,105.914428710938,21.10539,,117.420058635031,94.5147705078125,,Tonga,Tonga,
Trinidad & Tobago,America,TTO,National,TTOt,Total,2012,87.1,Trinidad & Tobago,TTO,Trinidad and Tobago,TTO,3.6819269657135,,,,,,,,Trinidad and Tobago,Trinidad & Tobago,High
Tunisia,Africa,TUN,National,TUNt,Total,2012,83.0,Tunisia,TUN,Tunisia,TUN,5.95086002349854,80.0,,17.14983,,105.47142791748,,34.2753295898438,Tunisia,Tunisia,High
Turkey,Asia/Pacific,TUR,National,TURt,Total,2012,86.1,Turkiye,TUR,Turkiye,TUR,4.38721990585327,95.0,,20.13204,17.94572,104.708396911621,85.0204315185547,70.1044998168945,Turkiye,Turkiye,High
Turkmenistan,Asia/Pacific,TKM,National,TKMt,Total,2012,80.8,Turkmenistan,TKM,Turkmenistan,TKM,3.04924988746643,,,,,,,,Turkmenistan,Turkmenistan,High
Turks & Caicos Islands,America,TCA,National,TCAt,Total,2012,,Turks & Caicos Islands,TCA,Turks and Caicos Islands,TCA,2.69146537780762,,,,,,,,Turks and Caicos Islands,Turks & Caicos Islands,
Uganda,Africa,UGA,National,UGAt,Total,2012,27.1,Uganda,UGA,Uganda,UGA,1.79746997356415,70.0,55.1258506774902,48.80484,,112.977607727051,25.3786694210768,3.72024011611938,Uganda,Uganda,Low
Ukraine,Europe,UKR,National,UKRt,Total,2012,81.2,Ukraine,UKR,Ukraine,UKR,6.44269990921021,99.9743499755859,97.3090515136719,16.08657,,97.1419906616211,99.4775466918945,83.8798980712891,Ukraine,Ukraine,High
Uruguay,America,URY,National,URYt,Total,2012,90.5,Uruguay,URY,Uruguay,URY,4.09353351593018,98.0,99.7867965698242,,,109.7822265625,102.977226257324,54.7069091796875,Uruguay,Uruguay,High
Uzbekistan,Asia/Pacific,UZB,National,UZBt,Total,2012,,Uzbekistan,UZB,Uzbekistan,UZB,6.02691507339478,,95.5447540283203,14.97123,12.84043,95.1214838175598,92.0473722973161,7.84954023361206,Uzbekistan,Uzbekistan,
Venezuela,America,VEN,National,VENt,Total,2012,88.6,Venezuela,VEN,"Venezuela, RB",VEN,,,94.5634536743164,,,101.07137298584,84.3391876220703,,"Venezuela, RB",Venezuela,High
Vietnam,Asia/Pacific,VNM,National,VNMt,Total,2012,71.7,Viet Nam,VNM,Viet Nam,VNM,4.40817022323608,,96.929328918457,19.39912,,100.619406716821,,26.9095897674561,Viet Nam,Viet Nam,Upper-Middle
Yemen,Asia/Pacific,YEM,National,YEMt,Total,2012,55.6,Yemen,YEM,"Yemen, Rep.",YEM,5.46478986740112,,63.8316993713379,30.25279,,86.8963165283203,43.2479400634766,,Yemen,Yemen,Lower-Middle
Zambia,Africa,ZMB,National,ZMBt,Total,2012,32.3,Zambia,ZMB,Zambia,ZMB,3.69500231742859,,90.3584136962891,49.22433,,112.240272521973,,3.97994995117188,Zambia,Zambia,Low
Zimbabwe,Africa,ZWE,National,ZWEt,Total,2012,40.9,Zimbabwe,ZWE,Zimbabwe,ZWE,6.07020998001099,,88.4343795776367,35.86109,22.43191,103.768784966423,52.5131912231445,6.41758441925049,Zimbabwe,Zimbabwe,Lower-Middle
Afghanistan,Asia/Pacific,AFG,National,AFGt,Total,2013,47.3,Afghanistan,AFG,Afghanistan,AFG,3.45445990562439,,,45.71171,,107.695976257324,54.7542190551758,,Afghanistan,Afghanistan,Lower-Middle
Albania,Europe,ALB,National,ALBt,Total,2013,85.6,Albania,ALB,Albania,ALB,3.53929996490479,,91.1192092895508,19.12103,14.75715,101.474952697754,102.903213500977,63.8440589904785,Albania,Albania,High
Algeria,Africa,DZA,National,DZAt,Total,2013,87.2,Algeria,DZA,Algeria,DZA,6.65906047821045,,101.996597290039,23.26105,,112.249488830566,,35.4959411621094,Algeria,Algeria,High
Angola,Africa,AGO,National,AGOt,Total,2013,36.5,Angola,AGO,Angola,AGO,3.86999988555908,,,,,,,9.11637020111084,Angola,Angola,Lower-Middle
Armenia,Asia/Pacific,ARM,National,ARMt,Total,2013,84.1,Armenia,ARM,Armenia,ARM,2.65018010139465,,,,,99.3458786010742,84.4040374755859,41.6240310668945,Armenia,Armenia,High
Azerbaijan,Europe,AZE,National,AZEt,Total,2013,73.1,Azerbaijan,AZE,Azerbaijan,AZE,2.44213008880615,100.0,88.0894088745117,12.14857,,100.500450134277,83.1376553563209,21.4404296875,Azerbaijan,Azerbaijan,Upper-Middle
Bangladesh,Asia/Pacific,BGD,National,BGDt,Total,2013,39.1,Bangladesh,BGD,Bangladesh,BGD,1.96616005897522,61.0,,,35.20296,,57.9590161381221,13.6510944366455,Bangladesh,Bangladesh,Lower-Middle
Barbados,America,BRB,National,BRBt,Total,2013,91.4,Barbados,BRB,Barbados,BRB,5.13486003875732,,,,,,,,Barbados,Barbados,High
Belarus,Europe,BLR,National,BLRt,Total,2013,83.3,Belarus,BLR,Belarus,BLR,5.0094199180603,,94.8986587524414,15.36216,7.73805,94.9301605224609,100.995376586914,101.424392700195,Belarus,Belarus,High
Belize,America,BLZ,National,BLZt,Total,2013,77.0,Belize,BLZ,Belize,BLZ,5.15144014358521,,102.872528076172,22.57321,17.38091,113.438339233398,80.1997528076172,23.8531093597412,Belize,Belize,Upper-Middle
Benin,Africa,BEN,National,BENt,Total,2013,36.6,Benin,BEN,Benin,BEN,3.3275101184845,,76.898193359375,43.72854,9.82354,124.061050415039,54.0870780944824,15.3102397918701,Benin,Benin,Lower-Middle
Bhutan,Asia/Pacific,BTN,National,BTNt,Total,2013,57.2,Bhutan,BTN,Bhutan,BTN,5.25527000427246,,98.1294708251953,28.67592,13.7798,106.14119720459,76.5527572631836,10.3402395248413,Bhutan,Bhutan,Lower-Middle
Bolivia,America,BOL,National,BOLt,Total,2013,,Bolivia,BOL,Bolivia,BOL,6.80321979522705,,95.512809753418,16.44289,20.81323,97.7157592773438,89.9264221191406,,Bolivia,Bolivia,
Bosnia and Herzegovina,Europe,BIH,National,BIHt,Total,2013,93.3,Bosnia and Herzegovina,BIH,Bosnia and Herzegovina,BIH,,97.0,76.28125,17.09921,11.12966,88.8709106445312,84.7301177978516,47.2628288269043,Bosnia and Herzegovina,Bosnia and Herzegovina,High
Botswana,Africa,BWA,National,BWAt,Total,2013,59.1,Botswana,BWA,Botswana,BWA,8.0172061920166,86.8231811523438,95.2251205444336,22.61822,,100.564829737842,,25.6314506530762,Botswana,Botswana,Upper-Middle
Brazil,America,BRA,National,BRAt,Total,2013,90.8,Brazil,BRA,Brazil,BRA,5.8388500213623,91.0,,21.22749,17.26308,109.945137023926,103.917678833008,44.3393707275391,Brazil,Brazil,High
Burkina Faso,Africa,BFA,National,BFAt,Total,2013,33.5,Burkina Faso,BFA,Burkina Faso,BFA,4.08343982696533,,61.3418502807617,46.09623,26.90824,83.6841430664062,27.7329998016357,4.60237979888916,Burkina Faso,Burkina Faso,Low
Burundi,Africa,BDI,National,BDIt,Total,2013,19.3,Burundi,BDI,Burundi,BDI,5.99539995193481,,71.30126953125,45.00022,31.66009,130.219497680664,35.2159614562988,4.62864255905151,Burundi,Burundi,Low
Cambodia,Asia/Pacific,KHM,National,KHMt,Total,2013,49.7,Cambodia,KHM,Cambodia,KHM,1.48202621936798,,94.204833984375,46.92711,,121.020393371582,,,Cambodia,Cambodia,Lower-Middle
Cameroon,Africa,CMR,National,CMRt,Total,2013,40.9,Cameroon,CMR,Cameroon,CMR,2.6554799079895,,,,19.57763,,53.9815216064453,15.4463300704956,Cameroon,Cameroon,Lower-Middle
Cape Verde,Africa,CPV,National,CPVt,Total,2013,76.4,Cape Verde,CPV,Cabo Verde,CPV,4.5615701675415,,89.6896667480469,22.92555,17.19012,105.531669616699,89.0096969604492,21.2792301177979,Cabo Verde,Cape Verde,Upper-Middle
Central African Republic CAR,Africa,CAF,National,CAFt,Total,2013,17.3,Central African Republic CAR,CAF,Central African Republic,CAF,2.6382143497467,,,,,,,,Central African Republic,Central African Republic CAR,Low
Chad,Africa,TCD,National,TCDt,Total,2013,17.1,Chad,TCD,Chad,TCD,2.85070991516113,,38.6615600585938,62.42763,35.77055,101.443267822266,25.3763904571533,,Chad,Chad,Low
Chili,America,CHL,National,CHLt,Total,2013,,Chili,CHL,Chile,CHL,4.54814004898071,96.0,96.9979019165039,19.52587,21.00122,102.084899902344,99.1520767211914,79.8703384399414,Chile,Chili,
China,Asia/Pacific,CHN,National,CHNt,Total,2013,71.3,China,CHN,China,CHN,4.1298041343689,,,16.85343,15.14167,102.930908203125,,32.7620315551758,China,China,Upper-Middle
Colombia,America,COL,National,COLt,Total,2013,80.2,Colombia,COL,Colombia,COL,,,103.585823059082,24.98364,25.49841,119.084732055664,98.1015014648438,50.7474899291992,Colombia,Colombia,High
Comoros,Africa,COM,National,COMt,Total,2013,47.8,Comoros,COM,Comoros,COM,2.3827600479126,,73.9174423217773,27.80796,8.70555,111.276120992158,59.0819128994289,9.46988964080811,Comoros,Comoros,Lower-Middle
Congo Brazzaville,Africa,COG,National,COGt,Total,2013,42.5,Congo Brazzaville,COG,"Congo, Rep.",COG,,,,,,102.23851661536,,8.57032012939453,"Congo, Rep.",Congo Brazzaville,Lower-Middle
Congo Democratic Republic,Africa,COD,National,CODt,Total,2013,20.8,Congo Democratic Republic,COD,"Congo, Dem. Rep.",COD,2.06221008300781,,66.7713775634766,37.06925,14.20295,103.082382202148,39.87744140625,6.54968023300171,"Congo, Dem. Rep.",Congo Democratic Republic,Low
Costa Rica,America,CRI,National,CRIt,Total,2013,89.1,Costa Rica,CRI,Costa Rica,CRI,6.68739986419678,,94.9385681152344,13.34199,13.96964,109.402267456055,110.994750976562,47.8412284851074,Costa Rica,Costa Rica,High
Cote d'Ivoire,Africa,CIV,National,CIVt,Total,2013,45.0,Cote d'Ivoire,CIV,Cote d'Ivoire,CIV,3.45860004425049,,51.7815589904785,41.00117,,80.6249084472656,,8.12195014953613,Cote d'Ivoire,Cote d'Ivoire,Lower-Middle
Cuba,America,CUB,National,CUBt,Total,2013,,Cuba,CUB,Cuba,CUB,10.6716957092285,,91.0880432128906,9.06109,8.30605,100.505249023438,90.8741226196289,47.9959983825684,Cuba,Cuba,
Djibouti,Africa,DJI,National,DJIt,Total,2013,,Djibouti,DJI,Djibouti,DJI,4.64782524108887,,,34.21598,25.13412,,,,Djibouti,Djibouti,
Dominican Republic,America,DOM,National,DOMt,Total,2013,76.8,Dominican Republic,DOM,Dominican Republic,DOM,3.62818145751953,91.0,94.1746978759766,23.49304,27.63296,109.52823638916,79.171501159668,46.3571929931641,Dominican Republic,Dominican Republic,Upper-Middle
Ecuador,America,ECU,National,ECUt,Total,2013,76.5,Ecuador,ECU,Ecuador,ECU,4.92997980117798,93.0,104.186851501465,23.29823,23.0055,104.89217376709,100.659210205078,39.7734413146973,Ecuador,Ecuador,Upper-Middle
Egypt,Africa,EGY,National,EGYt,Total,2013,84.5,"Egypt, Arab Rep.",EGY,"Egypt, Arab Rep.",EGY,4.12252616882324,72.0,92.0215911865234,,,95.5598602294922,75.8195037841797,28.5217609405518,"Egypt, Arab Rep.","Egypt, Arab Rep.",High
El Salvador,America,SLV,National,SLVt,Total,2013,68.5,El Salvador,SLV,El Salvador,SLV,3.80149006843567,87.0,95.0980377197266,,,107.934982299805,73.2414321899414,28.1076107025146,El Salvador,El Salvador,Upper-Middle
Eritrea,Africa,ERI,National,ERIt,Total,2013,,Eritrea,ERI,Eritrea,ERI,,,53.5726318359375,45.66797,38.48073,86.1347198486328,48.3806381225586,,Eritrea,Eritrea,
Eswatini,Africa,SWZ,National,SWZt,Total,2013,54.0,Eswatini,SWZ,Eswatini,SWZ,5.08461046218872,,86.9778366088867,28.09674,15.99538,124.505271911621,73.2143096923828,6.17659997940063,Eswatini,Eswatini,Lower-Middle
Ethiopia,Africa,ETH,National,ETHt,Total,2013,17.5,Ethiopia,ETH,Ethiopia,ETH,4.82446432113647,,,,,,,,Ethiopia,Ethiopia,Low
Fiji,Asia/Pacific,FJI,National,FJIt,Total,2013,75.5,Fiji,FJI,Fiji,FJI,4.35139417648315,,95.4062576293945,,,95.953920923774,,,Fiji,Fiji,Upper-Middle
Gabon,Africa,GAB,National,GABt,Total,2013,64.7,Gabon,GAB,Gabon,GAB,3.02971005439758,,,,,,,,Gabon,Gabon,Upper-Middle
Gambia,Africa,GMB,National,GMBt,Total,2013,50.7,Gambia,GMB,"Gambia, The",GMB,1.81839001178741,41.9500503540039,60.6040382385254,36.13171,,74.0877856187659,,,"Gambia, The",Gambia,Lower-Middle
Georgia,Asia/Pacific,GEO,National,GEOt,Total,2013,77.3,Georgia,GEO,Georgia,GEO,3.47322177886963,,109.781311035156,9.09457,7.48672,110.558212280273,105.448738098145,39.4706687927246,Georgia,Georgia,Upper-Middle
Ghana,Africa,GHA,National,GHAt,Total,2013,49.8,Ghana,GHA,Ghana,GHA,4.57646989822388,,91.1848068237305,31.68167,17.52991,100.27888671958,68.583591515972,11.763578414917,Ghana,Ghana,Lower-Middle
Guatemala,America,GTM,National,GTMt,Total,2013,65.4,Guatemala,GTM,Guatemala,GTM,2.88808989524841,77.0,86.4700469970703,23.66146,12.32395,108.923187255859,53.4995193481445,19.6571807861328,Guatemala,Guatemala,Upper-Middle
Guinea,Africa,GIN,National,GINt,Total,2013,36.4,Guinea,GIN,Guinea,GIN,2.63421010971069,,61.940990447998,44.21036,,94.3821334838867,38.2806644133975,10.4762001037598,Guinea,Guinea,Lower-Middle
Guinea Bissau,Africa,GNB,National,GNBt,Total,2013,32.4,Guinea Bissau,GNB,Guinea-Bissau,GNB,2.01027011871338,,,,,,,,Guinea-Bissau,Guinea Bissau,Low
Guyana,America,GUY,National,GUYt,Total,2013,76.5,Guyana,GUY,Guyana,GUY,,,,,,94.6656716085412,,,Guyana,Guyana,Upper-Middle
Honduras,America,HND,National,HNDt,Total,2013,66.2,Honduras,HND,Honduras,HND,5.87492990493774,85.0,78.7210998535156,,,91.1447525024414,61.5013999938965,19.3874206542969,Honduras,Honduras,Upper-Middle
India,Asia/Pacific,IND,National,INDt,Total,2013,48.8,India,IND,India,IND,3.84467005729675,,96.9724807739258,32.31833,30.78327,113.416778564453,69.9568023681641,24.3906383514404,India,India,Lower-Middle
Indonesia,Asia/Pacific,IDN,National,IDNt,Total,2013,66.5,Indonesia,IDN,Indonesia,IDN,3.35904002189636,,107.166213989258,16.09408,15.37529,112.63727075046,83.2369317653316,30.4385662078857,Indonesia,Indonesia,Upper-Middle
Iran,Asia/Pacific,IRN,National,IRNt,Total,2013,,"Iran, Islamic Rep.",IRN,"Iran, Islamic Rep.",IRN,2.85279011726379,85.0,,25.65459,17.55105,120.710372924805,90.8647079467773,56.620189666748,"Iran, Islamic Rep.","Iran, Islamic Rep.",
Jamaica,America,JAM,National,JAMt,Total,2013,76.5,Jamaica,JAM,Jamaica,JAM,6.25108003616333,,99.1835327148438,21.67349,16.17915,99.3819198608398,86.7720413208008,25.8244800567627,Jamaica,Jamaica,Upper-Middle
Jordan,Asia/Pacific,JOR,National,JORt,Total,2013,93.2,Jordan,JOR,Jordan,JOR,,,89.2482223510742,,,93.7163696289062,87.3027877807617,,Jordan,Jordan,High
Kazakhstan,Asia/Pacific,KAZ,National,KAZt,Total,2013,82.7,Kazakhstan,KAZ,Kazakhstan,KAZ,3.44564890861511,,101.626678466797,16.48238,,101.403160348847,100.429853377618,53.467830657959,Kazakhstan,Kazakhstan,High
Kenya,Africa,KEN,National,KENt,Total,2013,37.8,Kenya,KEN,Kenya,KEN,4.83721017837524,,,,,,,,Kenya,Kenya,Lower-Middle
Kiribati,Asia/Pacific,KIR,National,KIRt,Total,2013,,Kiribati,KIR,Kiribati,KIR,13.2189998626709,,,,,102.019991670137,,,Kiribati,Kiribati,
Kuwait,Asia/Pacific,KWT,National,KWTt,Total,2013,94.6,Kuwait,KWT,Kuwait,KWT,,96.0,95.0986633300781,8.60512,,97.4166793823242,92.5727386474609,,Kuwait,Kuwait,High
Kyrgyzstan,Asia/Pacific,KGZ,National,KGZt,Total,2013,77.0,Kyrgyzstan,KGZ,Kyrgyz Republic,KGZ,6.78019857406616,,97.4636993408203,24.54686,12.20861,101.404442723709,87.7248628749287,46.1422462463379,Kyrgyzstan,Kyrgyzstan,Upper-Middle
Lao,Asia/Pacific,LAO,National,LAOt,Total,2013,63.4,Lao,LAO,Lao PDR,LAO,3.23380994796753,,98.3839721679688,25.59771,17.7271,118.855377420154,53.2445352875362,19.0965957641602,Lao PDR,Lao,Upper-Middle
Lebanon,Asia/Pacific,LBN,National,LBNt,Total,2013,68.6,Lebanon,LBN,Lebanon,LBN,2.43396997451782,,,12.04695,8.20747,,,48.067008972168,Lebanon,Lebanon,Upper-Middle
Lesotho,Africa,LSO,National,LSOt,Total,2013,37.5,Lesotho,LSO,Lesotho,LSO,7.28999996185303,,81.1170120239258,32.62708,24.13987,112.749893954329,56.5283889770508,10.563850402832,Lesotho,Lesotho,Lower-Middle
Liberia,Africa,LBR,National,LBRt,Total,2013,28.8,Liberia,LBR,Liberia,LBR,1.69078004360199,,,,,52.2450634327054,,,Liberia,Liberia,Low
Madagascar,Africa,MDG,National,MDGt,Total,2013,25.6,Madagascar,MDG,Madagascar,MDG,2.40690064430237,,67.5378723144531,39.76644,,141.257857671766,,4.21469020843506,Madagascar,Madagascar,Low
Malawi,Africa,MWI,National,MWIt,Total,2013,22.7,Malawi,MWI,Malawi,MWI,3.92116975784302,,78.0661315917969,69.14697,41.681,139.181173470556,38.5908813476562,,Malawi,Malawi,Low
Malaysia,Asia/Pacific,MYS,National,MYSt,Total,2013,90.3,Malaysia,MYS,Malaysia,MYS,5.48120021820068,,100.878067016602,11.83126,13.27612,101.024599730716,82.512580871582,38.2327194213867,Malaysia,Malaysia,High
Maldives,Asia/Pacific,MDV,National,MDVt,Total,2013,83.0,Maldives,MDV,Maldives,MDV,3.95450043678284,,89.1418533325195,11.19408,,95.7495360850594,,,Maldives,Maldives,High
Mali,Africa,MLI,National,MLIt,Total,2013,33.3,Mali,MLI,Mali,MLI,3.28465008735657,,51.8661117553711,41.29582,19.2752,72.5381469726562,40.4660987854004,6.12579011917114,Mali,Mali,Low
Mauritania,Africa,MRT,National,MRTt,Total,2013,37.1,Mauritania,MRT,Mauritania,MRT,2.29354000091553,62.0,70.495491027832,35.37825,,93.1958236694336,30.1454391479492,5.78322982788086,Mauritania,Mauritania,Lower-Middle
Mauritius,Africa,MUS,National,MUSt,Total,2013,88.9,Mauritius,MUS,Mauritius,MUS,3.56775999069214,91.0,96.7915496826172,19.79263,13.12128,98.0594329833984,93.7982864379883,41.402400970459,Mauritius,Mauritius,High
Mexico,America,MEX,National,MEXt,Total,2013,77.8,Mexico,MEX,Mexico,MEX,4.50858020782471,94.0,110.180541992188,27.69096,17.95597,110.109268188477,93.2623062133789,30.3301601409912,Mexico,Mexico,Upper-Middle
Moldova,Europe,MDA,National,MDAt,Total,2013,71.2,Moldova,MDA,Moldova,MDA,5.90975522994995,,,16.32995,9.58607,,,,Moldova,Moldova,Upper-Middle
Mongolia,Asia/Pacific,MNG,National,MNGt,Total,2013,62.4,Mongolia,MNG,Mongolia,MNG,5.24104022979736,,,27.58707,,107.471267700195,,64.6551666259766,Mongolia,Mongolia,Upper-Middle
Montenegro,Europe,MNE,National,MNEt,Total,2013,90.9,Montenegro,MNE,Montenegro,MNE,,,,,,,,60.4347686767578,Montenegro,Montenegro,High
Morocco,Africa,MAR,National,MARt,Total,2013,84.0,Morocco,MAR,Morocco,MAR,,,93.8462524414062,25.98351,,108.960731506348,,22.5497703552246,Morocco,Morocco,High
Mozambique,Africa,MOZ,National,MOZt,Total,2013,24.8,Mozambique,MOZ,Mozambique,MOZ,6.03576993942261,,51.5952606201172,54.92451,41.49328,113.998649597168,35.0382804870605,5.70935010910034,Mozambique,Mozambique,Low
Myanmar,Asia/Pacific,MMR,National,MMRt,Total,2013,48.1,Myanmar,MMR,Myanmar,MMR,1.84381175041199,,,,,,,,Myanmar,Myanmar,Lower-Middle
Namibia,Africa,NAM,National,NAMt,Total,2013,51.8,Namibia,NAM,Namibia,NAM,8.59541702270508,,92.923210144043,,,123.491569519043,,,Namibia,Namibia,Lower-Middle
Nepal,Asia/Pacific,NPL,National,NPLt,Total,2013,47.2,Nepal,NPL,Nepal,NPL,3.20268630981445,,105.182113647461,25.63485,29.1808,144.305933966699,66.3692169189453,16.1476802825928,Nepal,Nepal,Lower-Middle
Nicaragua,America,NIC,National,NICt,Total,2013,54.2,Nicaragua,NIC,Nicaragua,NIC,,,,,,111.154294254342,,16.3554344177246,Nicaragua,Nicaragua,Lower-Middle
Niger,Africa,NER,National,NERt,Total,2013,21.2,Niger,NER,Niger,NER,3.68952989578247,,49.4299507141113,36.31449,26.76826,71.6494903564453,16.8310508728027,2.23660826683044,Niger,Niger,Low
Nigeria,Africa,NGA,National,NGAt,Total,2013,41.2,Nigeria,NGA,Nigeria,NGA,0.534206748008728,,,,,91.3719711303711,54.8829689025879,,Nigeria,Nigeria,Lower-Middle
North Macedonia,Europe,MKD,National,MKDt,Total,2013,90.3,North Macedonia,MKD,North Macedonia,MKD,,,97.9263305664062,15.57295,9.84804,96.9780578613281,83.8025588989258,38.9499015808105,North Macedonia,North Macedonia,High
Pakistan,Asia/Pacific,PAK,National,PAKt,Total,2013,59.7,Pakistan,PAK,Pakistan,PAK,2.23698997497559,56.0,55.947437286377,42.54875,22.31446,70.2436408942136,32.1165109008871,8.89682579040527,Pakistan,Pakistan,Upper-Middle
Palestine,Asia/Pacific,PSE,National,PSEt,Total,2013,86.5,Palestine,PSE,West Bank and Gaza,PSE,4.89467000961304,96.0,94.0343399047852,23.5944,19.86081,93.5185775756836,86.5922012329102,45.9454002380371,West Bank and Gaza,Palestine,High
Panama,America,PAN,National,PANt,Total,2013,76.1,Panama,PAN,Panama,PAN,,,100.272262573242,22.34957,15.51877,102.204330444336,76.8787384033203,,Panama,Panama,Upper-Middle
Paraguay,America,PRY,National,PRYt,Total,2013,80.5,Paraguay,PRY,Paraguay,PRY,2.67871189117432,95.0,95.3276901245117,,,106.482682277463,75.3813469133564,,Paraguay,Paraguay,High
Peru,America,PER,National,PERt,Total,2013,65.1,Peru,PER,Peru,PER,3.29729008674622,,98.6836929321289,18.08394,15.46321,103.185981750488,101.042098999023,,Peru,Peru,Upper-Middle
Philippines,Asia/Pacific,PHL,National,PHLt,Total,2013,67.6,Philippines,PHL,Philippines,PHL,,96.0,,,,,,33.7904281616211,Philippines,Philippines,Upper-Middle
Rwanda,Africa,RWA,National,RWAt,Total,2013,23.2,Rwanda,RWA,Rwanda,RWA,4.7421498298645,,58.8075218200684,59.81633,22.79344,123.706001281738,31.5658397674561,6.23149013519287,Rwanda,Rwanda,Low
Saint Lucia,America,LCA,National,LCAt,Total,2013,83.7,Saint Lucia,LCA,St. Lucia,LCA,3.87661004066467,,93.2018280029297,16.66479,12.17938,97.9308090209961,92.0371932983398,13.9913196563721,St. Lucia,Saint Lucia,High
Samoa,Asia/Pacific,WSM,National,WSMt,Total,2013,,Samoa,WSM,Samoa,WSM,4.61486053466797,,,,,,,,Samoa,Samoa,
Sao Tome & Principe,Africa,STP,National,STPt,Total,2013,49.7,Sao Tome & Principe,STP,Sao Tome and Principe,STP,6.68509006500244,,95.739860534668,31.37579,,110.179550170898,63.2053604125977,,Sao Tome and Principe,Sao Tome & Principe,Lower-Middle
Saudi Arabia,Asia/Pacific,SAU,National,SAUt,Total,2013,86.4,Saudi Arabia,SAU,Saudi Arabia,SAU,,94.0,98.3157119750977,10.5435,,100.840843200684,92.8935165405273,43.163501739502,Saudi Arabia,Saudi Arabia,High
Senegal,Africa,SEN,National,SENt,Total,2013,52.6,Senegal,SEN,Senegal,SEN,5.68656015396118,44.0,60.4651908874512,32.24855,26.05916,83.9905319213867,48.8453712463379,10.4236698150635,Senegal,Senegal,Lower-Middle
Serbia,Europe,SRB,National,SRBt,Total,2013,90.8,Serbia,SRB,Serbia,SRB,,,97.9858322143555,15.15704,9.00278,101.604827880859,95.1216125488281,56.6968688964844,Serbia,Serbia,High
Sierra Leone,Africa,SLE,National,SLEt,Total,2013,25.5,Sierra Leone,SLE,Sierra Leone,SLE,2.3798131942749,32.4261703491211,60.4438705444336,34.83163,20.66285,115.526726974415,37.9642715454102,,Sierra Leone,Sierra Leone,Low
South Africa,Africa,ZAF,National,ZAFt,Total,2013,70.3,South Africa,ZAF,South Africa,ZAF,5.35071992874146,,,32.02921,,108.892738342285,,18.0946197509766,South Africa,South Africa,Upper-Middle
South Sudan,Africa,SSD,National,SSDt,Total,2013,23.5,South Sudan,SSD,South Sudan,SSD,1.02450001239777,,,,,71.2944923420933,,,South Sudan,South Sudan,Low
Sudan,Africa,SDN,National,SDNt,Total,2013,34.5,Sudan,SDN,Sudan,SDN,,,60.724681854248,,,76.5318069458008,45.3667984008789,17.5413608551025,Sudan,Sudan,Low
Suriname,America,SUR,National,SURt,Total,2013,82.4,Suriname,SUR,Suriname,SUR,,,80.4219284057617,13.73758,12.75306,105.748481750488,71.7853698730469,,Suriname,Suriname,High
Syria,Asia/Pacific,SYR,National,SYRt,Total,2013,,Syria,SYR,Syrian Arab Republic,SYR,,,62.0336799621582,,,69.7999420166016,48.9635314941406,33.1396789550781,Syrian Arab Republic,Syria,
Tajikistan,Asia/Pacific,TJK,National,TJKt,Total,2013,67.7,Tajikistan,TJK,Tajikistan,TJK,5.29397630691528,,,22.69386,,91.892692565918,87.2052230834961,22.7680702209473,Tajikistan,Tajikistan,Upper-Middle
Tanzania,Africa,TZA,National,TZAt,Total,2013,27.0,Tanzania,TZA,Tanzania,TZA,4.63769435882568,,76.6206893920898,43.44315,,89.4502176351577,34.2120955047067,3.75791764259338,Tanzania,Tanzania,Low
Thailand,Asia/Pacific,THA,National,THAt,Total,2013,84.7,Thailand,THA,Thailand,THA,3.82439851760864,94.0,,,,98.93212890625,84.6712265014648,49.3342018127441,Thailand,Thailand,High
Timor Leste,Asia/Pacific,TLS,National,TLSt,Total,2013,42.2,Timor Leste,TLS,Timor-Leste,TLS,5.68055725097656,,91.4202041625977,,,129.083366548491,67.8913873568095,,Timor-Leste,Timor Leste,Lower-Middle
Togo,Africa,TGO,National,TGOt,Total,2013,37.0,Togo,TGO,Togo,TGO,3.17475008964539,,77.3193817138672,41.08672,,127.722900390625,,11.0933198928833,Togo,Togo,Lower-Middle
Tonga,Asia/Pacific,TON,National,TONt,Total,2013,,Tonga,TON,Tonga,TON,,,118.189437866211,25.74776,13.29749,117.891068133671,95.4586410522461,,Tonga,Tonga,
Trinidad & Tobago,America,TTO,National,TTOt,Total,2013,87.2,Trinidad & Tobago,TTO,Trinidad and Tobago,TTO,3.77278661727905,,,,,,,,Trinidad and Tobago,Trinidad & Tobago,High
Tunisia,Africa,TUN,National,TUNt,Total,2013,83.3,Tunisia,TUN,Tunisia,TUN,,,95.9014511108398,17.43043,,105.400726318359,87.5095062255859,33.0226402282715,Tunisia,Tunisia,High
Turkey,Asia/Pacific,TUR,National,TURt,Total,2013,87.7,Turkiye,TUR,Turkiye,TUR,4.34481000900269,95.0,103.343299865723,19.83354,20.13252,114.724349975586,102.209701538086,79.6469573974609,Turkiye,Turkiye,High
Turks & Caicos Islands,America,TCA,National,TCAt,Total,2013,,Turks & Caicos Islands,TCA,Turks and Caicos Islands,TCA,2.9092276096344,,,,,,,,Turks and Caicos Islands,Turks & Caicos Islands,
Uganda,Africa,UGA,National,UGAt,Total,2013,27.5,Uganda,UGA,Uganda,UGA,1.87114000320435,,55.4407196044922,45.59109,,111.623123168945,26.9984599576645,4.02473878860474,Uganda,Uganda,Low
Ukraine,Europe,UKR,National,UKRt,Total,2013,81.5,Ukraine,UKR,Ukraine,UKR,6.41989994049072,,98.6247634887695,16.48785,,96.314079284668,99.4303817749023,81.5320129394531,Ukraine,Ukraine,High
Uruguay,America,URY,National,URYt,Total,2013,89.8,Uruguay,URY,Uruguay,URY,4.23892021179199,98.0,100.564483642578,11.9642,,109.706832885742,104.664520263672,59.9512596130371,Uruguay,Uruguay,High
Uzbekistan,Asia/Pacific,UZB,National,UZBt,Total,2013,,Uzbekistan,UZB,Uzbekistan,UZB,5.74190998077393,100.0,93.4407501220703,15.64401,11.68829,95.4464545934085,92.0626676426806,7.97676944732666,Uzbekistan,Uzbekistan,
Vanuatu,Asia/Pacific,VUT,National,VUTt,Total,2013,43.3,Vanuatu,VUT,Vanuatu,VUT,,,87.7802124023438,22.82076,,115.533066603907,,,Vanuatu,Vanuatu,Lower-Middle
Venezuela,America,VEN,National,VENt,Total,2013,90.0,Venezuela,VEN,"Venezuela, RB",VEN,,,94.7831878662109,,,101.631439208984,91.7803802490234,,"Venezuela, RB",Venezuela,High
Vietnam,Asia/Pacific,VNM,National,VNMt,Total,2013,72.8,Viet Nam,VNM,Viet Nam,VNM,4.52833986282349,,91.9873352050781,18.88349,,102.083271917929,,26.9403114318848,Viet Nam,Viet Nam,Upper-Middle
Yemen,Asia/Pacific,YEM,National,YEMt,Total,2013,56.4,Yemen,YEM,"Yemen, Rep.",YEM,,,64.3369674682617,,,89.3478698730469,45.315299987793,,Yemen,Yemen,Lower-Middle
Zambia,Africa,ZMB,National,ZMBt,Total,2013,33.9,Zambia,ZMB,Zambia,ZMB,3.71820712089539,,82.6073913574219,,,106.377288818359,,,Zambia,Zambia,Low
Zimbabwe,Africa,ZWE,National,ZWEt,Total,2013,42.2,Zimbabwe,ZWE,Zimbabwe,ZWE,5.99597978591919,,88.1701507568359,36.4082,22.48353,103.131445265153,51.8495788574219,7.63054990768433,Zimbabwe,Zimbabwe,Lower-Middle
Afghanistan,Asia/Pacific,AFG,National,AFGt,Total,2014,49.1,Afghanistan,AFG,Afghanistan,AFG,3.69521999359131,,,,,109.115516662598,54.235481262207,8.31087017059326,Afghanistan,Afghanistan,Lower-Middle
Albania,Europe,ALB,National,ALBt,Total,2014,85.7,Albania,ALB,Albania,ALB,3.21696710586548,,105.693672180176,18.92294,14.29575,105.770576477051,103.321380615234,65.5507125854492,Albania,Albania,High
Algeria,Africa,DZA,National,DZAt,Total,2014,87.0,Algeria,DZA,Algeria,DZA,6.54889822006226,,101.006042480469,23.66406,,111.686698913574,,36.0622482299805,Algeria,Algeria,High
Angola,Africa,AGO,National,AGOt,Total,2014,38.0,Angola,AGO,Angola,AGO,2.9300000667572,66.0,,,,,,,Angola,Angola,Lower-Middle
Armenia,Asia/Pacific,ARM,National,ARMt,Total,2014,84.8,Armenia,ARM,Armenia,ARM,2.24724006652832,,94.6037063598633,,,100.915573120117,84.9311065673828,44.411018371582,Armenia,Armenia,High
Azerbaijan,Europe,AZE,National,AZEt,Total,2014,74.2,Azerbaijan,AZE,Azerbaijan,AZE,2.63303995132446,100.0,98.1257095336914,12.62333,,106.05989074707,83.4386600193183,23.1597309112549,Azerbaijan,Azerbaijan,Upper-Middle
Bangladesh,Asia/Pacific,BGD,National,BGDt,Total,2014,39.8,Bangladesh,BGD,Bangladesh,BGD,2.09871673583984,61.0,,,,,,13.6534414291382,Bangladesh,Bangladesh,Lower-Middle
Barbados,America,BRB,National,BRBt,Total,2014,91.4,Barbados,BRB,Barbados,BRB,6.12197017669678,,,12.71532,,96.8126907348633,108.174942016602,,Barbados,Barbados,High
Belarus,Europe,BLR,National,BLRt,Total,2014,83.8,Belarus,BLR,Belarus,BLR,4.81832981109619,,94.2574462890625,16.47603,8.05511,95.1305313110352,98.9817123413086,99.8547286987305,Belarus,Belarus,High
Belize,America,BLZ,National,BLZt,Total,2014,77.5,Belize,BLZ,Belize,BLZ,5.16743993759155,,103.914001464844,22.39466,,112.721199035645,79.9702529907227,23.8641395568848,Belize,Belize,Upper-Middle
Benin,Africa,BEN,National,BENt,Total,2014,36.6,Benin,BEN,Benin,BEN,3.161789894104,,77.3113479614258,45.92349,9.91567,124.522239685059,54.7326316833496,15.196590423584,Benin,Benin,Lower-Middle
Bhutan,Asia/Pacific,BTN,National,BTNt,Total,2014,57.2,Bhutan,BTN,Bhutan,BTN,5.54899978637695,,96.3531799316406,,14.29917,104.005027770996,84.0441970825195,,Bhutan,Bhutan,Lower-Middle
Bolivia,America,BOL,National,BOLt,Total,2014,,Bolivia,BOL,Bolivia,BOL,7.47812986373901,,91.7140579223633,16.75972,20.41025,96.2360534667969,90.5977325439453,,Bolivia,Bolivia,
Bosnia and Herzegovina,Europe,BIH,National,BIHt,Total,2014,94.4,Bosnia and Herzegovina,BIH,Bosnia and Herzegovina,BIH,3.31473970413208,,84.5116500854492,16.82054,10.64639,89.467658996582,84.6013412475586,48.9852485656738,Bosnia and Herzegovina,Bosnia and Herzegovina,High
Botswana,Africa,BWA,National,BWAt,Total,2014,60.3,Botswana,BWA,Botswana,BWA,7.88874197006226,,81.8389892578125,22.41447,,97.7604713332212,,24.6215991973877,Botswana,Botswana,Upper-Middle
Brazil,America,BRA,National,BRAt,Total,2014,,Brazil,BRA,Brazil,BRA,5.94848012924194,92.0,,20.91814,16.69174,110.316459655762,102.635528564453,47.1568717956543,Brazil,Brazil,
Burkina Faso,Africa,BFA,National,BFAt,Total,2014,34.9,Burkina Faso,BFA,Burkina Faso,BFA,4.05329990386963,35.0,59.9809112548828,44.49899,27.08945,84.8977890014648,29.732629776001,4.92263984680176,Burkina Faso,Burkina Faso,Low
Burundi,Africa,BDI,National,BDIt,Total,2014,19.9,Burundi,BDI,Burundi,BDI,7.51637983322144,62.0,69.089469909668,43.65376,37.21738,125.404472351074,41.4826889038086,3.86162900924683,Burundi,Burundi,Low
Cambodia,Asia/Pacific,KHM,National,KHMt,Total,2014,52.3,Cambodia,KHM,Cambodia,KHM,1.56673634052277,78.0,93.9857177734375,44.63494,,114.556167602539,,,Cambodia,Cambodia,Lower-Middle
Cameroon,Africa,CMR,National,CMRt,Total,2014,41.7,Cameroon,CMR,Cameroon,CMR,2.58396005630493,,73.6742401123047,44.19526,20.4254,113.995613098145,58.1796493530273,16.4135303497314,Cameroon,Cameroon,Lower-Middle
Cape Verde,Africa,CPV,National,CPVt,Total,2014,76.4,Cape Verde,CPV,Cabo Verde,CPV,4.52134990692139,,93.9052124023438,22.60472,16.04694,104.337059020996,87.442626953125,21.7901191711426,Cabo Verde,Cape Verde,Upper-Middle
Central African Republic CAR,Africa,CAF,National,CAFt,Total,2014,17.2,Central African Republic CAR,CAF,Central African Republic,CAF,2.22015333175659,,,,,,,,Central African Republic,Central African Republic CAR,Low
Chad,Africa,TCD,National,TCDt,Total,2014,17.9,Chad,TCD,Chad,TCD,2.32031226158142,,,56.16602,36.61245,102.347877502441,23.6399192810059,3.49959993362427,Chad,Chad,Low
Chili,America,CHL,National,CHLt,Total,2014,,Chili,CHL,Chile,CHL,4.75167989730835,,98.1664199829102,18.65062,20.06238,101.930870056152,99.8654403686523,83.6629791259766,Chile,Chili,
China,Asia/Pacific,CHN,National,CHNt,Total,2014,73.1,China,CHN,China,CHN,4.10536003112793,,,16.23079,14.27963,97.9485015869141,,43.8821907043457,China,China,Upper-Middle
Colombia,America,COL,National,COLt,Total,2014,81.5,Colombia,COL,Colombia,COL,,94.0,102.689872741699,24.28676,24.90129,116.080101013184,97.3632888793945,53.1794395446777,Colombia,Colombia,High
Comoros,Africa,COM,National,COMt,Total,2014,49.2,Comoros,COM,Comoros,COM,2.74472999572754,,79.4605712890625,,8.61767,110.691101016974,60.5502056158561,9.6282901763916,Comoros,Comoros,Lower-Middle
Congo Brazzaville,Africa,COG,National,COGt,Total,2014,44.7,Congo Brazzaville,COG,"Congo, Rep.",COG,3.18256998062134,,,,,104.563337314932,,,"Congo, Rep.",Congo Brazzaville,Lower-Middle
Congo Democratic Republic,Africa,COD,National,CODt,Total,2014,21.7,Congo Democratic Republic,COD,"Congo, Dem. Rep.",COD,1.95142996311188,,64.9911422729492,35.31936,14.59321,106.844009399414,42.7313385009766,,"Congo, Dem. Rep.",Congo Democratic Republic,Low
Costa Rica,America,CRI,National,CRIt,Total,2014,89.4,Costa Rica,CRI,Costa Rica,CRI,6.67952013015747,,98.5372467041016,13.22687,14.35946,108.512069702148,115.650009155273,50.7579116821289,Costa Rica,Costa Rica,High
Cote d'Ivoire,Africa,CIV,National,CIVt,Total,2014,45.9,Cote d'Ivoire,CIV,Cote d'Ivoire,CIV,3.31416988372803,44.0,53.1275405883789,42.52673,22.30057,82.8493499755859,38.4756011962891,8.36830043792725,Cote d'Ivoire,Cote d'Ivoire,Lower-Middle
Cuba,America,CUB,National,CUBt,Total,2014,,Cuba,CUB,Cuba,CUB,9.6074686050415,,95.0668487548828,9.06511,8.88073,102.776878356934,96.1426010131836,40.5119895935059,Cuba,Cuba,
Djibouti,Africa,DJI,National,DJIt,Total,2014,,Djibouti,DJI,Djibouti,DJI,4.38407516479492,,,33.23979,24.54023,,,,Djibouti,Djibouti,
Dominican Republic,America,DOM,National,DOMt,Total,2014,77.1,Dominican Republic,DOM,Dominican Republic,DOM,3.62243437767029,92.0,95.2857208251953,20.56358,,108.064552307129,80.1145401000977,49.3192710876465,Dominican Republic,Dominican Republic,Upper-Middle
Ecuador,America,ECU,National,ECUt,Total,2014,77.3,Ecuador,ECU,Ecuador,ECU,5.21020984649658,94.0,105.808296203613,24.70893,23.03294,105.968299865723,102.590339660645,,Ecuador,Ecuador,Upper-Middle
Egypt,Africa,EGY,National,EGYt,Total,2014,84.8,"Egypt, Arab Rep.",EGY,"Egypt, Arab Rep.",EGY,4.25138568878174,,,,,94.0423736572266,75.6678085327148,29.1688709259033,"Egypt, Arab Rep.","Egypt, Arab Rep.",High
El Salvador,America,SLV,National,SLVt,Total,2014,69.3,El Salvador,SLV,El Salvador,SLV,3.82416009902954,,94.1715774536133,,,106.597427368164,72.4806365966797,27.3663196563721,El Salvador,El Salvador,Upper-Middle
Eritrea,Africa,ERI,National,ERIt,Total,2014,,Eritrea,ERI,Eritrea,ERI,,,56.9248275756836,42.46671,40.59032,77.2526092529297,47.6539001464844,3.88660001754761,Eritrea,Eritrea,
Eswatini,Africa,SWZ,National,SWZt,Total,2014,55.5,Eswatini,SWZ,Eswatini,SWZ,7.07059001922607,,86.5009765625,28.03276,15.90008,125.207389831543,76.6210098266602,,Eswatini,Eswatini,Lower-Middle
Ethiopia,Africa,ETH,National,ETHt,Total,2014,18.4,Ethiopia,ETH,Ethiopia,ETH,4.79265069961548,,52.5954093933105,,,96.1562440354136,,7.73872995376587,Ethiopia,Ethiopia,Low
Fiji,Asia/Pacific,FJI,National,FJIt,Total,2014,76.3,Fiji,FJI,Fiji,FJI,3.76960921287537,,95.7620697021484,,,96.0214244931621,88.2670005042338,69.2255630493164,Fiji,Fiji,Upper-Middle
Gabon,Africa,GAB,National,GABt,Total,2014,65.2,Gabon,GAB,Gabon,GAB,2.66667008399963,,,,,,,,Gabon,Gabon,Upper-Middle
Gambia,Africa,GMB,National,GMBt,Total,2014,52.6,Gambia,GMB,"Gambia, The",GMB,2.22280263900757,,60.5978355407715,44.68514,,76.7958409457882,,,"Gambia, The",Gambia,Lower-Middle
Georgia,Asia/Pacific,GEO,National,GEOt,Total,2014,78.5,Georgia,GEO,Georgia,GEO,2.99768662452698,100.0,108.327568054199,9.07882,7.24917,109.708587646484,105.019508361816,45.7736511230469,Georgia,Georgia,High
Ghana,Africa,GHA,National,GHAt,Total,2014,51.6,Ghana,GHA,Ghana,GHA,3.68234825134277,,89.2414321899414,30.07899,15.81591,97.8936254890401,63.5854490919068,15.2124500274658,Ghana,Ghana,Lower-Middle
Guatemala,America,GTM,National,GTMt,Total,2014,65.1,Guatemala,GTM,Guatemala,GTM,2.98562002182007,81.0,86.1878128051758,22.98198,12.66446,105.432632446289,53.089958190918,18.3490905761719,Guatemala,Guatemala,Upper-Middle
Guinea,Africa,GIN,National,GINt,Total,2014,37.2,Guinea,GIN,Guinea,GIN,2.42281007766724,32.0,64.0024795532227,45.59096,,96.1610717773438,38.9089202880859,10.891300201416,Guinea,Guinea,Lower-Middle
Guinea Bissau,Africa,GNB,National,GNBt,Total,2014,33.2,Guinea Bissau,GNB,Guinea-Bissau,GNB,,45.5811614990234,,,,,,,Guinea-Bissau,Guinea Bissau,Low
Guyana,America,GUY,National,GUYt,Total,2014,78.3,Guyana,GUY,Guyana,GUY,4.36033010482788,85.6397323608398,,,,91.8280268330104,,,Guyana,Guyana,High
Haiti,America,HTI,National,HTIt,Total,2014,35.6,Haiti,HTI,Haiti,HTI,1.75226998329163,,,,,,,,Haiti,Haiti,Lower-Middle
Honduras,America,HND,National,HNDt,Total,2014,67.2,Honduras,HND,Honduras,HND,7.0901198387146,87.0,74.9632797241211,,,89.2037887573242,49.1755714416504,19.6584796905518,Honduras,Honduras,Upper-Middle
India,Asia/Pacific,IND,National,INDt,Total,2014,50.9,India,IND,India,IND,3.89878034591675,,99.0280990600586,31.28855,31.77246,111.584541320801,75.3183288574219,25.991325378418,India,India,Lower-Middle
Indonesia,Asia/Pacific,IDN,National,IDNt,Total,2014,67.8,Indonesia,IDN,Indonesia,IDN,3.28800988197327,95.0,109.713562011719,16.55935,15.4731,110.910578364806,84.6881516846731,30.5253391265869,Indonesia,Indonesia,Upper-Middle
Iran,Asia/Pacific,IRN,National,IRNt,Total,2014,,"Iran, Islamic Rep.",IRN,"Iran, Islamic Rep.",IRN,2.61668992042542,85.0,,25.91843,17.51293,111.849983215332,91.7429580688477,64.9739227294922,"Iran, Islamic Rep.","Iran, Islamic Rep.",
Iraq,Asia/Pacific,IRQ,National,IRQt,Total,2014,86.4,Iraq,IRQ,Iraq,IRQ,,82.0,,,,,,,Iraq,Iraq,High
Jamaica,America,JAM,National,JAMt,Total,2014,77.1,Jamaica,JAM,Jamaica,JAM,6.01586008071899,,94.071418762207,22.08221,16.49503,96.3857269287109,87.7948913574219,,Jamaica,Jamaica,Upper-Middle
Jordan,Asia/Pacific,JOR,National,JORt,Total,2014,93.0,Jordan,JOR,Jordan,JOR,,,94.376838684082,16.90871,14.5993,97.6110076904297,88.8703002929688,,Jordan,Jordan,High
Kazakhstan,Asia/Pacific,KAZ,National,KAZt,Total,2014,82.8,Kazakhstan,KAZ,Kazakhstan,KAZ,3.429039478302,,102.490600585938,16.85665,,100.797012415934,101.92009608187,51.7116203308105,Kazakhstan,Kazakhstan,High
Kenya,Africa,KEN,National,KENt,Total,2014,39.2,Kenya,KEN,Kenya,KEN,4.7172999382019,78.733039855957,99.568962097168,31.35317,,107.898483276367,,,Kenya,Kenya,Lower-Middle
Kiribati,Asia/Pacific,KIR,National,KIRt,Total,2014,43.3,Kiribati,KIR,Kiribati,KIR,12.9530000686646,,102.691970825195,26.37134,,110.187141418457,,,Kiribati,Kiribati,Lower-Middle
Kuwait,Asia/Pacific,KWT,National,KWTt,Total,2014,94.6,Kuwait,KWT,Kuwait,KWT,,,,8.82856,,95.9877319335938,90.0349197387695,54.0167083740234,Kuwait,Kuwait,High
Kyrgyzstan,Asia/Pacific,KGZ,National,KGZt,Total,2014,77.8,Kyrgyzstan,KGZ,Kyrgyz Republic,KGZ,6.46763563156128,,99.4905700683594,25.30667,12.40401,101.615259986954,89.7830629556327,44.0620918273926,Kyrgyzstan,Kyrgyzstan,Upper-Middle
Lao,Asia/Pacific,LAO,National,LAOt,Total,2014,65.5,Lao,LAO,Lao PDR,LAO,2.93780994415283,,100.343330383301,25.1565,18.3395,117.479162085855,58.3624610900879,18.611400604248,Lao PDR,Lao,Upper-Middle
Lebanon,Asia/Pacific,LBN,National,LBNt,Total,2014,68.6,Lebanon,LBN,Lebanon,LBN,,,,12.32599,7.74275,,,42.533031463623,Lebanon,Lebanon,Upper-Middle
Lesotho,Africa,LSO,National,LSOt,Total,2014,39.4,Lesotho,LSO,Lesotho,LSO,7.19999980926514,76.6352005004883,80.4921646118164,32.77944,23.46834,110.812823540096,57.1081876194883,10.4520902633667,Lesotho,Lesotho,Lower-Middle
Liberia,Africa,LBR,National,LBRt,Total,2014,29.3,Liberia,LBR,Liberia,LBR,2.16898345947266,,58.0902557373047,26.49841,14.88293,92.6740338678077,37.1417808532715,,Liberia,Liberia,Low
Madagascar,Africa,MDG,National,MDGt,Total,2014,26.2,Madagascar,MDG,Madagascar,MDG,2.98742127418518,,67.4706878662109,41.71542,23.11643,141.730607080687,37.5564982901552,4.73074007034302,Madagascar,Madagascar,Low
Malawi,Africa,MWI,National,MWIt,Total,2014,23.8,Malawi,MWI,Malawi,MWI,3.66006016731262,65.1453704833984,76.8393478393555,72.71752,39.21122,139.086660817935,40.0774307250977,,Malawi,Malawi,Low
Malaysia,Asia/Pacific,MYS,National,MYSt,Total,2014,91.2,Malaysia,MYS,Malaysia,MYS,5.02935981750488,,100.00846862793,11.4126,,99.8202937985971,85.6567993164062,38.6768264770508,Malaysia,Malaysia,High
Maldives,Asia/Pacific,MDV,National,MDVt,Total,2014,83.7,Maldives,MDV,Maldives,MDV,3.88979530334473,99.0,94.6606369018555,12.02005,,96.8026029307434,,13.65797996521,Maldives,Maldives,High
Mali,Africa,MLI,National,MLIt,Total,2014,34.8,Mali,MLI,Mali,MLI,3.64819002151489,,50.7712593078613,42.47449,18.88774,73.4566497802734,42.4749717712402,5.70353984832764,Mali,Mali,Low
Mauritania,Africa,MRT,National,MRTt,Total,2014,38.7,Mauritania,MRT,Mauritania,MRT,2.55796432495117,,66.885986328125,34.37911,33.0932,93.5205764770508,30.5732192993164,,Mauritania,Mauritania,Lower-Middle
Mauritius,Africa,MUS,National,MUSt,Total,2014,88.9,Mauritius,MUS,Mauritius,MUS,4.81514978408813,92.0,93.2743911743164,18.73281,13.26561,97.2874984741211,97.0753479003906,40.038200378418,Mauritius,Mauritius,High
Mexico,America,MEX,National,MEXt,Total,2014,78.1,Mexico,MEX,Mexico,MEX,5.06808996200562,95.0,111.539886474609,27.40876,16.12339,108.573143005371,97.3196868896484,31.2052898406982,Mexico,Mexico,High
Moldova,Europe,MDA,National,MDAt,Total,2014,71.7,Moldova,MDA,Moldova,MDA,6.33806991577148,99.0,109.125480651855,16.80874,9.376,107.428909301758,104.383476257324,52.1503486633301,Moldova,Moldova,Upper-Middle
Mongolia,Asia/Pacific,MNG,National,MNGt,Total,2014,63.6,Mongolia,MNG,Mongolia,MNG,5.42825603485107,,,27.20739,,100.203521728516,,66.9319229125977,Mongolia,Mongolia,Upper-Middle
Montenegro,Europe,MNE,National,MNEt,Total,2014,91.2,Montenegro,MNE,Montenegro,MNE,,,,,,,,63.2196388244629,Montenegro,Montenegro,High
Morocco,Africa,MAR,National,MARt,Total,2014,86.0,Morocco,MAR,Morocco,MAR,5.48276042938232,76.0,95.4183883666992,25.66659,,108.563468933105,,25.4523506164551,Morocco,Morocco,High
Mozambique,Africa,MOZ,National,MOZt,Total,2014,25.5,Mozambique,MOZ,Mozambique,MOZ,6.49390125274658,,51.2974395751953,54.83218,40.04899,113.872619628906,34.3894309997559,6.34957981109619,Mozambique,Mozambique,Low
Myanmar,Asia/Pacific,MMR,National,MMRt,Total,2014,48.2,Myanmar,MMR,Myanmar,MMR,2.01199841499329,,,27.56392,31.80264,113.224067687988,56.900520324707,,Myanmar,Myanmar,Lower-Middle
Namibia,Africa,NAM,National,NAMt,Total,2014,52.6,Namibia,NAM,Namibia,NAM,9.56250667572021,,,,,,,18.7538394927979,Namibia,Namibia,Lower-Middle
Nepal,Asia/Pacific,NPL,National,NPLt,Total,2014,48.7,Nepal,NPL,Nepal,NPL,3.48599410057068,,107.687812805176,23.93286,28.84049,141.936632219033,68.1339492797852,15.4161396026611,Nepal,Nepal,Lower-Middle
Nicaragua,America,NIC,National,NICt,Total,2014,54.9,Nicaragua,NIC,Nicaragua,NIC,4.08329010009766,,,,,110.615097409159,,17.1516933441162,Nicaragua,Nicaragua,Lower-Middle
Niger,Africa,NER,National,NERt,Total,2014,22.4,Niger,NER,Niger,NER,5.10368013381958,,59.7920684814453,35.75275,25.11458,72.2660064697266,18.8901805877686,2.66542100906372,Niger,Niger,Low
Nigeria,Africa,NGA,National,NGAt,Total,2014,41.8,Nigeria,NGA,Nigeria,NGA,0.470742553472519,,,,,87.4456405639648,44.5147514343262,,Nigeria,Nigeria,Lower-Middle
North Macedonia,Europe,MKD,National,MKDt,Total,2014,90.6,North Macedonia,MKD,North Macedonia,MKD,,,95.4361267089844,15.168,9.56464,95.9001388549805,83.6949768066406,39.3214912414551,North Macedonia,North Macedonia,High
Pakistan,Asia/Pacific,PAK,National,PAKt,Total,2014,60.5,Pakistan,PAK,Pakistan,PAK,2.2043399810791,57.0,56.9134712219238,46.52317,21.401,74.3189018516843,33.214222759511,8.92643165588379,Pakistan,Pakistan,Upper-Middle
Palestine,Asia/Pacific,PSE,National,PSEt,Total,2014,85.4,Palestine,PSE,West Bank and Gaza,PSE,,96.0,96.7631912231445,23.76348,19.71825,94.9743499755859,86.3153991699219,45.4314804077148,West Bank and Gaza,Palestine,High
Panama,America,PAN,National,PANt,Total,2014,71.8,Panama,PAN,Panama,PAN,3.17401003837585,,97.2036666870117,21.98706,13.58912,99.1061172485352,76.4785385131836,44.9672698974609,Panama,Panama,Upper-Middle
Papua New Guinea,Asia/Pacific,PNG,National,PNGt,Total,2014,28.2,Papua New Guinea,PNG,Papua New Guinea,PNG,,,70.7155838012695,,,,,,Papua New Guinea,Papua New Guinea,Low
Paraguay,America,PRY,National,PRYt,Total,2014,82.3,Paraguay,PRY,Paraguay,PRY,2.59655904769897,95.0,98.0202484130859,,,104.269415889239,,,Paraguay,Paraguay,High
Peru,America,PER,National,PERt,Total,2014,66.0,Peru,PER,Peru,PER,3.69599008560181,94.0,99.3495483398438,17.66104,14.20135,100.492309570312,99.2948989868164,,Peru,Peru,Upper-Middle
Philippines,Asia/Pacific,PHL,National,PHLt,Total,2014,67.9,Philippines,PHL,Philippines,PHL,2.66454243659973,,97.591926574707,31.35082,26.99059,109.671516584806,86.1352400723449,35.9550590515137,Philippines,Philippines,Upper-Middle
Rwanda,Africa,RWA,National,RWAt,Total,2014,23.7,Rwanda,RWA,Rwanda,RWA,4.19644021987915,71.0,64.2973022460938,58.24871,21.65028,138.315811157227,41.8218688964844,7.35862016677856,Rwanda,Rwanda,Low
Saint Lucia,America,LCA,National,LCAt,Total,2014,83.7,Saint Lucia,LCA,St. Lucia,LCA,3.89142990112305,,98.1069030761719,14.21546,12.76199,97.4298324584961,91.3350830078125,17.0471706390381,St. Lucia,Saint Lucia,High
Samoa,Asia/Pacific,WSM,National,WSMt,Total,2014,,Samoa,WSM,Samoa,WSM,5.21744775772095,,98.2911376953125,,,104.465178273909,84.457421549124,,Samoa,Samoa,
Sao Tome & Principe,Africa,STP,National,STPt,Total,2014,51.3,Sao Tome & Principe,STP,Sao Tome and Principe,STP,4.43216991424561,,87.5100173950195,32.72581,24.44641,106.443450927734,74.2047805786133,9.282790184021,Sao Tome and Principe,Sao Tome & Principe,Lower-Middle
Saudi Arabia,Asia/Pacific,SAU,National,SAUt,Total,2014,86.4,Saudi Arabia,SAU,Saudi Arabia,SAU,,,,10.75887,,102.033599853516,99.4081497192383,51.2110710144043,Saudi Arabia,Saudi Arabia,High
Senegal,Africa,SEN,National,SENt,Total,2014,53.6,Senegal,SEN,Senegal,SEN,5.72907018661499,,60.9127883911133,32.23045,25.07389,85.126091003418,50.8017616271973,10.8330898284912,Senegal,Senegal,Lower-Middle
Serbia,Europe,SRB,National,SRBt,Total,2014,91.1,Serbia,SRB,Serbia,SRB,,,102.578323364258,15.7097,8.65148,102.185791015625,95.0073089599609,58.3684997558594,Serbia,Serbia,High
Sierra Leone,Africa,SLE,National,SLEt,Total,2014,26.8,Sierra Leone,SLE,Sierra Leone,SLE,2.66290760040283,,,,,,,,Sierra Leone,Sierra Leone,Low
South Africa,Africa,ZAF,National,ZAFt,Total,2014,70.7,South Africa,ZAF,South Africa,ZAF,5.48977994918823,94.0,,32.76808,,109.028793334961,105.673553466797,18.138879776001,South Africa,South Africa,Upper-Middle
South Sudan,Africa,SSD,National,SSDt,Total,2014,,South Sudan,SSD,South Sudan,SSD,1.23246002197266,,,,,,,,South Sudan,South Sudan,
Sudan,Africa,SDN,National,SDNt,Total,2014,35.9,Sudan,SDN,Sudan,SDN,,,61.4608383178711,,,76.3096008300781,46.8034210205078,17.0886402130127,Sudan,Sudan,Lower-Middle
Suriname,America,SUR,National,SURt,Total,2014,82.9,Suriname,SUR,Suriname,SUR,,,83.1010131835938,13.39388,12.32072,106.18824005127,70.1205062866211,,Suriname,Suriname,High
Syria,Asia/Pacific,SYR,National,SYRt,Total,2014,,Syria,SYR,Syrian Arab Republic,SYR,,86.3000030517578,,,,,,47.3828811645508,Syrian Arab Republic,Syria,
Tajikistan,Asia/Pacific,TJK,National,TJKt,Total,2014,68.6,Tajikistan,TJK,Tajikistan,TJK,5.59398889541626,,90.5764007568359,22.3589,,90.5261611938477,,24.4802207946777,Tajikistan,Tajikistan,Upper-Middle
Tanzania,Africa,TZA,National,TZAt,Total,2014,28.6,Tanzania,TZA,Tanzania,TZA,4.34605741500854,,,43.06031,23.51587,85.9815352325255,31.1841907501221,,Tanzania,Tanzania,Low
Thailand,Asia/Pacific,THA,National,THAt,Total,2014,85.0,Thailand,THA,Thailand,THA,3.91917753219604,,,15.3927,29.53685,105.393020629883,124.964302062988,49.7557334899902,Thailand,Thailand,High
Timor Leste,Asia/Pacific,TLS,National,TLSt,Total,2014,44.4,Timor Leste,TLS,Timor-Leste,TLS,7.65890455245972,,96.3889007568359,,,127.97853981032,69.4403736680777,,Timor-Leste,Timor Leste,Lower-Middle
Togo,Africa,TGO,National,TGOt,Total,2014,38.1,Togo,TGO,Togo,TGO,3.4237699508667,,83.5751419067383,41.13664,,124.292701721191,,10.7719402313232,Togo,Togo,Lower-Middle
Tonga,Asia/Pacific,TON,National,TONt,Total,2014,,Tonga,TON,Tonga,TON,,,,21.85806,13.40591,117.461517317207,96.7714748784441,,Tonga,Tonga,
Trinidad & Tobago,America,TTO,National,TTOt,Total,2014,87.4,Trinidad & Tobago,TTO,Trinidad and Tobago,TTO,3.61554169654846,,,,,,,,Trinidad and Tobago,Trinidad & Tobago,High
Tunisia,Africa,TUN,National,TUNt,Total,2014,83.6,Tunisia,TUN,Tunisia,TUN,,79.0,97.0216369628906,16.5447,,105.901481628418,85.8415222167969,33.0825691223145,Tunisia,Tunisia,High
Turkey,Asia/Pacific,TUR,National,TURt,Total,2014,87.9,Turkiye,TUR,Turkiye,TUR,4.41258001327515,95.0,99.0791091918945,19.32755,19.48105,111.935722351074,105.97550201416,86.9976806640625,Turkiye,Turkiye,High
Turkmenistan,Asia/Pacific,TKM,National,TKMt,Total,2014,83.2,Turkmenistan,TKM,Turkmenistan,TKM,,,,,,,,7.81461000442505,Turkmenistan,Turkmenistan,High
Turks & Caicos Islands,America,TCA,National,TCAt,Total,2014,,Turks & Caicos Islands,TCA,Turks and Caicos Islands,TCA,2.74654626846313,,76.1006317138672,9.28772,8.83415,97.3161773681641,72.3014256619145,13.5866985321045,Turks and Caicos Islands,Turks & Caicos Islands,
Tuvalu,Asia/Pacific,TUV,National,TUVt,Total,2014,,Tuvalu,TUV,Tuvalu,TUV,,,99.0430603027344,,,108.473281860352,80.7666397094727,,Tuvalu,Tuvalu,
Uganda,Africa,UGA,National,UGAt,Total,2014,28.0,Uganda,UGA,Uganda,UGA,1.91472005844116,,58.9814910888672,,,112.744294802519,26.9398247527758,4.57403993606567,Uganda,Uganda,Low
Ukraine,Europe,UKR,National,UKRt,Total,2014,81.8,Ukraine,UKR,Ukraine,UKR,5.87493991851807,,96.2149429321289,,,95.472038269043,98.2963180541992,83.7842178344727,Ukraine,Ukraine,High
Uruguay,America,URY,National,URYt,Total,2014,89.1,Uruguay,URY,Uruguay,URY,4.26735019683838,98.0,100.997627258301,11.46753,,109.459808349609,106.469367980957,59.8266983032227,Uruguay,Uruguay,High
Uzbekistan,Asia/Pacific,UZB,National,UZBt,Total,2014,,Uzbekistan,UZB,Uzbekistan,UZB,5.71323013305664,100.0,96.423583984375,18.12079,10.90033,96.7769517984519,91.7418371921357,7.99231863021851,Uzbekistan,Uzbekistan,
Vanuatu,Asia/Pacific,VUT,National,VUTt,Total,2014,43.9,Vanuatu,VUT,Vanuatu,VUT,5.18195009231567,84.6999969482422,,,,,,,Vanuatu,Vanuatu,Lower-Middle
Venezuela,America,VEN,National,VENt,Total,2014,91.3,Venezuela,VEN,"Venezuela, RB",VEN,,,95.7765121459961,,,100.504531860352,91.0872268676758,,"Venezuela, RB",Venezuela,High
Vietnam,Asia/Pacific,VNM,National,VNMt,Total,2014,73.9,Viet Nam,VNM,Viet Nam,VNM,3.54012322425842,,99.0810852050781,19.21383,,105.519124969557,,32.8659934997559,Viet Nam,Viet Nam,Upper-Middle
Zambia,Africa,ZMB,National,ZMBt,Total,2014,35.5,Zambia,ZMB,Zambia,ZMB,,,,41.0469,,107.507301330566,,,Zambia,Zambia,Low
Zimbabwe,Africa,ZWE,National,ZWEt,Total,2014,43.5,Zimbabwe,ZWE,Zimbabwe,ZWE,6.13835000991821,88.6934204101562,87.2493515014648,,,102.422207446296,,,Zimbabwe,Zimbabwe,Lower-Middle
Afghanistan,Asia/Pacific,AFG,National,AFGt,Total,2015,51.0,Afghanistan,AFG,Afghanistan,AFG,3.2558000087738,33.7538414001465,,43.38836,31.9738,106.182418823242,53.2851409912109,,Afghanistan,Afghanistan,Lower-Middle
Albania,Europe,ALB,National,ALBt,Total,2015,85.9,Albania,ALB,Albania,ALB,3.43796992301941,,98.7887878417969,18.61557,13.50589,105.688652038574,102.440727233887,61.9608497619629,Albania,Albania,High
Algeria,Africa,DZA,National,DZAt,Total,2015,86.8,Algeria,DZA,Algeria,DZA,6.17633008956909,,98.1254730224609,23.83613,,110.842269897461,,38.3309783935547,Algeria,Algeria,High
Angola,Africa,AGO,National,AGOt,Total,2015,39.4,Angola,AGO,Angola,AGO,3.09999990463257,66.2358627319336,,50.02951,,119.14225769043,,8.68379020690918,Angola,Angola,Lower-Middle
Armenia,Asia/Pacific,ARM,National,ARMt,Total,2015,85.5,Armenia,ARM,Armenia,ARM,2.80591011047363,,94.2263793945312,,,102.382690429688,85.793701171875,45.4674301147461,Armenia,Armenia,High
Azerbaijan,Europe,AZE,National,AZEt,Total,2015,75.2,Azerbaijan,AZE,Azerbaijan,AZE,2.95167994499207,100.0,103.280212402344,13.49787,,106.601486206055,84.8098586425184,25.4832000732422,Azerbaijan,Azerbaijan,Upper-Middle
Bangladesh,Asia/Pacific,BGD,National,BGDt,Total,2015,41.7,Bangladesh,BGD,Bangladesh,BGD,1.87225413322449,65.0,,,,,62.0312309265137,15.5907163619995,Bangladesh,Bangladesh,Lower-Middle
Barbados,America,BRB,National,BRBt,Total,2015,91.4,Barbados,BRB,Barbados,BRB,5.17699909210205,,,13.40321,17.53754,96.3370819091797,108.281532287598,,Barbados,Barbados,High
Belarus,Europe,BLR,National,BLRt,Total,2015,84.4,Belarus,BLR,Belarus,BLR,4.78750991821289,,94.0976409912109,17.57007,8.36258,96.0522003173828,97.5203323364258,98.0328598022461,Belarus,Belarus,High
Belize,America,BLZ,National,BLZt,Total,2015,,Belize,BLZ,Belize,BLZ,5.39020013809204,90.9160385131836,105.614219665527,20.43642,16.30319,113.607513427734,80.9736709594727,23.273889541626,Belize,Belize,
Benin,Africa,BEN,National,BENt,Total,2015,36.5,Benin,BEN,Benin,BEN,3.17298007011414,,78.0327072143555,45.04478,10.32268,127.121139526367,57.3949584960938,12.9073896408081,Benin,Benin,Lower-Middle
Bhutan,Asia/Pacific,BTN,National,BTNt,Total,2015,,Bhutan,BTN,Bhutan,BTN,5.78269910812378,,94.7904281616211,40.00443,12.14578,102.483356556743,85.1941909790039,,Bhutan,Bhutan,
Bolivia,America,BOL,National,BOLt,Total,2015,,Bolivia,BOL,Bolivia,BOL,8.14342975616455,92.0,89.5214462280273,16.99771,20.39699,95.8293914794922,91.7968215942383,,Bolivia,Bolivia,
Bosnia and Herzegovina,Europe,BIH,National,BIHt,Total,2015,,Bosnia and Herzegovina,BIH,Bosnia and Herzegovina,BIH,3.01811289787292,,91.679443359375,17.16401,10.14673,91.1704864501953,83.0699996948242,48.6234397888184,Bosnia and Herzegovina,Bosnia and Herzegovina,
Botswana,Africa,BWA,National,BWAt,Total,2015,61.5,Botswana,BWA,Botswana,BWA,8.39457988739014,,,23.71279,,97.9927597045898,,27.1673908233643,Botswana,Botswana,Upper-Middle
Brazil,America,BRA,National,BRAt,Total,2015,,Brazil,BRA,Brazil,BRA,6.24105978012085,92.0,,20.58529,16.45139,109.152183532715,100.920516967773,48.4340400695801,Brazil,Brazil,
Burkina Faso,Africa,BFA,National,BFAt,Total,2015,36.3,Burkina Faso,BFA,Burkina Faso,BFA,3.67008996009827,,60.7178802490234,42.17715,25.19571,85.4470291137695,33.0902481079102,4.9262900352478,Burkina Faso,Burkina Faso,Lower-Middle
Burundi,Africa,BDI,National,BDIt,Total,2015,20.5,Burundi,BDI,Burundi,BDI,7.10290956497192,,62.0943412780762,43.22109,35.79281,120.036262512207,45.2864799499512,5.39195775985718,Burundi,Burundi,Low
Cambodia,Asia/Pacific,KHM,National,KHMt,Total,2015,54.2,Cambodia,KHM,Cambodia,KHM,1.7034615278244,81.0,92.1525573730469,45.52116,,116.105628967285,,14.645770072937,Cambodia,Cambodia,Lower-Middle
Cameroon,Africa,CMR,National,CMRt,Total,2015,42.6,Cameroon,CMR,Cameroon,CMR,2.65791988372803,,74.5130615234375,41.46571,19.86712,116.56810760498,59.5547103881836,16.9564609527588,Cameroon,Cameroon,Lower-Middle
Cape Verde,Africa,CPV,National,CPVt,Total,2015,76.4,Cape Verde,CPV,Cabo Verde,CPV,4.80622005462646,87.0,94.8530120849609,21.94779,16.40755,101.818069458008,87.5373077392578,20.5760192871094,Cabo Verde,Cape Verde,Upper-Middle
Central African Republic CAR,Africa,CAF,National,CAFt,Total,2015,17.1,Central African Republic CAR,CAF,Central African Republic,CAF,1.91022861003876,,,,,,,,Central African Republic,Central African Republic CAR,Low
Chad,Africa,TCD,National,TCDt,Total,2015,18.8,Chad,TCD,Chad,TCD,2.3428316116333,26.0029907226562,38.9475402832031,55.54179,27.45229,91.56591796875,23.0286598205566,3.33451008796692,Chad,Chad,Low
Chili,America,CHL,National,CHLt,Total,2015,,Chili,CHL,Chile,CHL,4.90390014648438,97.0,97.77294921875,18.3778,19.44185,101.712509155273,100.921676635742,86.4181137084961,Chile,Chili,
China,Asia/Pacific,CHN,National,CHNt,Total,2015,75.0,China,CHN,China,CHN,4.24201250076294,,,16.29441,13.81544,97.1544418334961,,47.4353790283203,China,China,Upper-Middle
Colombia,America,COL,National,COLt,Total,2015,82.7,Colombia,COL,Colombia,COL,,94.0,102.409233093262,24.23937,26.47999,115.497077941895,97.6741180419922,54.7961311340332,Colombia,Colombia,High
Comoros,Africa,COM,National,COMt,Total,2015,50.5,Comoros,COM,Comoros,COM,2.5450599193573,,,,,,,,Comoros,Comoros,Lower-Middle
Congo Brazzaville,Africa,COG,National,COGt,Total,2015,47.0,Congo Brazzaville,COG,"Congo, Rep.",COG,3.13882994651794,,70.3246002197266,,,107.361083312405,,11.5911245346069,"Congo, Rep.",Congo Brazzaville,Lower-Middle
Congo Democratic Republic,Africa,COD,National,CODt,Total,2015,22.6,Congo Democratic Republic,COD,"Congo, Dem. Rep.",COD,2.17043995857239,,67.4965896606445,33.19793,14.24161,104.778686523438,43.8240394592285,,"Congo, Dem. Rep.",Congo Democratic Republic,Low
Costa Rica,America,CRI,National,CRIt,Total,2015,89.7,Costa Rica,CRI,Costa Rica,CRI,6.87349987030029,,95.0925064086914,12.6763,13.9521,106.731491088867,117.916282653809,51.6519317626953,Costa Rica,Costa Rica,High
Cote d'Ivoire,Africa,CIV,National,CIVt,Total,2015,46.7,Cote d'Ivoire,CIV,Cote d'Ivoire,CIV,3.49412989616394,,58.0733604431152,42.0505,,85.8923034667969,41.6637382507324,8.89927959442139,Cote d'Ivoire,Cote d'Ivoire,Lower-Middle
Cuba,America,CUB,National,CUBt,Total,2015,76.9,Cuba,CUB,Cuba,CUB,8.96333694458008,,95.6020126342773,8.89917,9.03784,102.812782287598,96.2741470336914,36.2177200317383,Cuba,Cuba,Upper-Middle
Djibouti,Africa,DJI,National,DJIt,Total,2015,,Djibouti,DJI,Djibouti,DJI,3.59894990921021,,,33.02204,22.77297,,,,Djibouti,Djibouti,
Dominican Republic,America,DOM,National,DOMt,Total,2015,77.5,Dominican Republic,DOM,Dominican Republic,DOM,3.6040027141571,92.0,99.6948928833008,18.29098,22.09344,112.013488769531,79.9378890991211,51.7471084594727,Dominican Republic,Dominican Republic,Upper-Middle
Ecuador,America,ECU,National,ECUt,Total,2015,,Ecuador,ECU,Ecuador,ECU,5.10570001602173,94.0,99.2807464599609,25.10819,22.35071,101.185890197754,100.791786193848,44.5371513366699,Ecuador,Ecuador,
Egypt,Africa,EGY,National,EGYt,Total,2015,85.2,"Egypt, Arab Rep.",EGY,"Egypt, Arab Rep.",EGY,3.93084812164307,,,,,,,32.8131103515625,"Egypt, Arab Rep.","Egypt, Arab Rep.",High
El Salvador,America,SLV,National,SLVt,Total,2015,70.0,El Salvador,SLV,El Salvador,SLV,3.90987992286682,88.0,92.7768096923828,29.69441,30.84663,104.58032989502,70.6981887817383,27.2137393951416,El Salvador,El Salvador,Upper-Middle
Equatorial Guinea,Africa,GNQ,National,GNQt,Total,2015,,Equatorial Guinea,GNQ,Equatorial Guinea,GNQ,,,39.0611000061035,23.22706,,52.786979675293,,,Equatorial Guinea,Equatorial Guinea,
Eritrea,Africa,ERI,National,ERIt,Total,2015,,Eritrea,ERI,Eritrea,ERI,,,57.4330787658691,43.33621,38.88105,76.3031921386719,43.2833213806152,3.30574011802673,Eritrea,Eritrea,
Eswatini,Africa,SWZ,National,SWZt,Total,2015,56.3,Eswatini,SWZ,Eswatini,SWZ,5.35494709014893,,93.1901626586914,27.58272,15.79598,125.180328369141,79.5160675048828,,Eswatini,Eswatini,Lower-Middle
Ethiopia,Africa,ETH,National,ETHt,Total,2015,19.4,Ethiopia,ETH,Ethiopia,ETH,5.15336132049561,,52.8494415283203,,,97.1190070122981,34.8671396485425,,Ethiopia,Ethiopia,Low
Fiji,Asia/Pacific,FJI,National,FJIt,Total,2015,77.0,Fiji,FJI,Fiji,FJI,4.80931758880615,,99.7583694458008,,,98.0992532137034,87.7612437924439,68.3497772216797,Fiji,Fiji,Upper-Middle
Gabon,Africa,GAB,National,GABt,Total,2015,65.7,Gabon,GAB,Gabon,GAB,2.82435989379883,,,,,,,,Gabon,Gabon,Upper-Middle
Gambia,Africa,GMB,National,GMBt,Total,2015,54.6,Gambia,GMB,"Gambia, The",GMB,2.19235181808472,51.0,60.7109489440918,37.14288,,79.2050431642833,,,"Gambia, The",Gambia,Lower-Middle
Georgia,Asia/Pacific,GEO,National,GEOt,Total,2015,79.7,Georgia,GEO,Georgia,GEO,3.16487407684326,,107.12882232666,9.01662,7.24706,107.67700958252,106.208358764648,51.1823806762695,Georgia,Georgia,High
Ghana,Africa,GHA,National,GHAt,Total,2015,51.5,Ghana,GHA,Ghana,GHA,3.68874549865723,,93.6741485595703,31.25587,16.61254,102.015853363436,67.0825874412868,15.726619720459,Ghana,Ghana,Lower-Middle
Guatemala,America,GTM,National,GTMt,Total,2015,64.7,Guatemala,GTM,Guatemala,GTM,3.03032994270325,80.1950912475586,85.149299621582,,,104.099853515625,54.9180488586426,22.0697193145752,Guatemala,Guatemala,Upper-Middle
Guinea,Africa,GIN,National,GINt,Total,2015,37.9,Guinea,GIN,Guinea,GIN,2.51713991165161,,62.8346481323242,,,89.7453996477762,35.6580644885684,8.70392799377441,Guinea,Guinea,Lower-Middle
Guyana,America,GUY,National,GUYt,Total,2015,78.0,Guyana,GUY,Guyana,GUY,3.89569997787476,,,,,91.1051605530284,,,Guyana,Guyana,High
Haiti,America,HTI,National,HTIt,Total,2015,36.6,Haiti,HTI,Haiti,HTI,1.85497999191284,,,,,,,,Haiti,Haiti,Lower-Middle
Honduras,America,HND,National,HNDt,Total,2015,68.3,Honduras,HND,Honduras,HND,6.41297006607056,88.0,,29.14566,16.09893,89.88818359375,50.0197715759277,20.2654304504395,Honduras,Honduras,Upper-Middle
India,Asia/Pacific,IND,National,INDt,Total,2015,53.0,India,IND,India,IND,4.11499166488647,,99.9040069580078,31.49146,31.65018,112.937843322754,74.9483337402344,27.2845668792725,India,India,Lower-Middle
Indonesia,Asia/Pacific,IDN,National,IDNt,Total,2015,69.1,Indonesia,IDN,Indonesia,IDN,3.58360004425049,95.0,109.528511047363,,,109.361980599771,88.7822877060453,33.0326499938965,Indonesia,Indonesia,Upper-Middle
Iran,Asia/Pacific,IRN,National,IRNt,Total,2015,,"Iran, Islamic Rep.",IRN,"Iran, Islamic Rep.",IRN,2.62911009788513,,100.070320129395,26.77414,,109.025131225586,88.1429824829102,72.1212768554688,"Iran, Islamic Rep.","Iran, Islamic Rep.",
Jamaica,America,JAM,National,JAMt,Total,2015,77.8,Jamaica,JAM,Jamaica,JAM,5.45522022247314,,90.4028778076172,21.97603,16.42874,95.2253189086914,87.4978103637695,26.4131107330322,Jamaica,Jamaica,Upper-Middle
Jordan,Asia/Pacific,JOR,National,JORt,Total,2015,92.8,Jordan,JOR,Jordan,JOR,,,,,,,,36.6284294128418,Jordan,Jordan,High
Kazakhstan,Asia/Pacific,KAZ,National,KAZt,Total,2015,83.0,Kazakhstan,KAZ,Kazakhstan,KAZ,3.33796977996826,,100.46361541748,16.2004,7.50668,100.501234389469,102.357932207316,49.0316352844238,Kazakhstan,Kazakhstan,High
Kenya,Africa,KEN,National,KENt,Total,2015,40.2,Kenya,KEN,Kenya,KEN,4.9494514465332,,102.084579467773,30.65055,,105.452346801758,,9.3003101348877,Kenya,Kenya,Lower-Middle
Kiribati,Asia/Pacific,KIR,National,KIRt,Total,2015,43.3,Kiribati,KIR,Kiribati,KIR,12.1140003204346,,90.0360717773438,,,104.855712890625,,,Kiribati,Kiribati,Lower-Middle
Kuwait,Asia/Pacific,KWT,National,KWTt,Total,2015,94.6,Kuwait,KWT,Kuwait,KWT,,96.0,,8.86229,7.58836,101.933448791504,95.2544174194336,58.7037200927734,Kuwait,Kuwait,High
Kyrgyzstan,Asia/Pacific,KGZ,National,KGZt,Total,2015,78.6,Kyrgyzstan,KGZ,Kyrgyz Republic,KGZ,6.96764755249023,,103.972343444824,26.19366,10.79995,101.019119688354,90.0671086448925,44.671688079834,Kyrgyzstan,Kyrgyzstan,High
Lao,Asia/Pacific,LAO,National,LAOt,Total,2015,67.5,Lao,LAO,Lao PDR,LAO,2.73689794540405,85.0,101.072700500488,24.15685,18.7202,114.178732773493,62.4192450718287,18.1812057495117,Lao PDR,Lao,Upper-Middle
Lebanon,Asia/Pacific,LBN,National,LBNt,Total,2015,68.6,Lebanon,LBN,Lebanon,LBN,,,,,,,,38.8207511901855,Lebanon,Lebanon,Upper-Middle
Lesotho,Africa,LSO,National,LSOt,Total,2015,40.9,Lesotho,LSO,Lesotho,LSO,7.64250230789185,,79.3446350097656,33.08664,23.95153,108.82159117239,58.589468877336,9.68772983551025,Lesotho,Lesotho,Lower-Middle
Liberia,Africa,LBR,National,LBRt,Total,2015,29.9,Liberia,LBR,Liberia,LBR,2.11587476730347,,,30.44637,18.39079,90.1829739124477,36.6230812072754,,Liberia,Liberia,Low
Madagascar,Africa,MDG,National,MDGt,Total,2015,26.8,Madagascar,MDG,Madagascar,MDG,2.70418834686279,,67.60498046875,41.1927,,142.889144859196,37.9068908691406,4.72751998901367,Madagascar,Madagascar,Low
Malawi,Africa,MWI,National,MWIt,Total,2015,25.0,Malawi,MWI,Malawi,MWI,3.44449663162231,62.1435394287109,,69.50969,37.89961,138.30826164904,40.2343711853027,,Malawi,Malawi,Low
Malaysia,Asia/Pacific,MYS,National,MYSt,Total,2015,,Malaysia,MYS,Malaysia,MYS,4.70381021499634,,99.4893035888672,11.521,,98.8001070697168,84.5525665283203,44.8695030212402,Malaysia,Malaysia,
Maldives,Asia/Pacific,MDV,National,MDVt,Total,2015,84.4,Maldives,MDV,Maldives,MDV,4.62230539321899,,93.3539123535156,10.34037,,99.0130883285946,,,Maldives,Maldives,High
Mali,Africa,MLI,National,MLIt,Total,2015,36.2,Mali,MLI,Mali,MLI,3.80152010917664,33.0,48.5098495483398,42.70695,19.19297,72.1444473266602,40.1157302856445,5.28096008300781,Mali,Mali,Lower-Middle
Mauritania,Africa,MRT,National,MRTt,Total,2015,40.3,Mauritania,MRT,Mauritania,MRT,2.82956600189209,65.1120223999023,66.717658996582,35.81193,33.54677,96.381950378418,31.0638809204102,5.87037992477417,Mauritania,Mauritania,Lower-Middle
Mauritius,Africa,MUS,National,MUSt,Total,2015,88.9,Mauritius,MUS,Mauritius,MUS,4.75847005844116,93.0,96.0859909057617,18.82093,12.87505,97.3207168579102,93.9682006835938,37.7607383728027,Mauritius,Mauritius,High
Mexico,America,MEX,National,MEXt,Total,2015,78.3,Mexico,MEX,Mexico,MEX,5.05087995529175,94.0,105.99284362793,26.92701,16.08213,106.963432312012,100.982269287109,31.9718608856201,Mexico,Mexico,High
Moldova,Europe,MDA,National,MDAt,Total,2015,72.2,Moldova,MDA,Moldova,MDA,5.80568695068359,,107.112968444824,17.45665,9.34236,105.72200012207,105.059288024902,52.0978202819824,Moldova,Moldova,Upper-Middle
Mongolia,Asia/Pacific,MNG,National,MNGt,Total,2015,64.9,Mongolia,MNG,Mongolia,MNG,4.38715648651123,,99.2064743041992,28.222,,98.0040262800606,,71.4299926757812,Mongolia,Mongolia,Upper-Middle
Montenegro,Europe,MNE,National,MNEt,Total,2015,91.4,Montenegro,MNE,Montenegro,MNE,,,99.9322204589844,,,101.203620910645,91.863410949707,63.9372711181641,Montenegro,Montenegro,High
Morocco,Africa,MAR,National,MARt,Total,2015,87.9,Morocco,MAR,Morocco,MAR,5.13336896896362,,95.7169036865234,25.88159,,107.762748718262,,28.6955890655518,Morocco,Morocco,High
Mozambique,Africa,MOZ,National,MOZt,Total,2015,26.2,Mozambique,MOZ,Mozambique,MOZ,6.01083421707153,56.0,51.8305511474609,54.66026,39.68606,114.509567260742,34.7621917724609,6.81003999710083,Mozambique,Mozambique,Low
Myanmar,Asia/Pacific,MMR,National,MMRt,Total,2015,48.3,Myanmar,MMR,Myanmar,MMR,2.2456042766571,,,,,,,,Myanmar,Myanmar,Lower-Middle
Namibia,Africa,NAM,National,NAMt,Total,2015,53.4,Namibia,NAM,Namibia,NAM,9.85076808929443,,,,,129.000563185028,,20.0199108123779,Namibia,Namibia,Lower-Middle
Nepal,Asia/Pacific,NPL,National,NPLt,Total,2015,50.3,Nepal,NPL,Nepal,NPL,3.29425358772278,,110.817993164062,23.09923,28.57148,142.991028418748,68.9282531738281,13.2059631347656,Nepal,Nepal,Lower-Middle
Nicaragua,America,NIC,National,NICt,Total,2015,55.6,Nicaragua,NIC,Nicaragua,NIC,4.07843017578125,82.6145477294922,,,,107.672950421615,,17.3416366577148,Nicaragua,Nicaragua,Lower-Middle
Niger,Africa,NER,National,NERt,Total,2015,23.6,Niger,NER,Niger,NER,4.48669004440308,,70.8624572753906,36.6289,27.95952,74.5725479125977,20.897970199585,3.43003010749817,Niger,Niger,Low
Nigeria,Africa,NGA,National,NGAt,Total,2015,42.5,Nigeria,NGA,Nigeria,NGA,0.436954915523529,,,,,83.7498270610008,45.6085815429688,,Nigeria,Nigeria,Lower-Middle
North Macedonia,Europe,MKD,National,MKDt,Total,2015,90.9,North Macedonia,MKD,North Macedonia,MKD,,,95.6270065307617,14.40654,9.42686,96.8858184814453,84.9836273193359,42.0811805725098,North Macedonia,North Macedonia,High
Pakistan,Asia/Pacific,PAK,National,PAKt,Total,2015,61.4,Pakistan,PAK,Pakistan,PAK,2.38609004020691,,,46.34065,21.12687,74.8479908789247,35.1742522238373,8.61171054840088,Pakistan,Pakistan,Upper-Middle
Palestine,Asia/Pacific,PSE,National,PSEt,Total,2015,85.8,Palestine,PSE,West Bank and Gaza,PSE,4.66321992874146,96.0,95.9294967651367,23.99819,19.9462,95.4319305419922,86.9270935058594,46.5837516784668,West Bank and Gaza,Palestine,High
Panama,America,PAN,National,PANt,Total,2015,67.5,Panama,PAN,Panama,PAN,3.36669993400574,,,21.89367,13.32796,96.0123977661133,77.0092010498047,47.9322700500488,Panama,Panama,Upper-Middle
Papua New Guinea,Asia/Pacific,PNG,National,PNGt,Total,2015,28.2,Papua New Guinea,PNG,Papua New Guinea,PNG,1.66600000858307,,,,,,,,Papua New Guinea,Papua New Guinea,Low
Paraguay,America,PRY,National,PRYt,Total,2015,84.1,Paraguay,PRY,Paraguay,PRY,3.33377814292908,96.0,95.6557922363281,,,98.2341810362875,,,Paraguay,Paraguay,High
Peru,America,PER,National,PERt,Total,2015,66.9,Peru,PER,Peru,PER,3.96933007240295,94.0,101.71533203125,17.9767,14.09055,99.6933212280273,99.5942687988281,,Peru,Peru,Upper-Middle
Philippines,Asia/Pacific,PHL,National,PHLt,Total,2015,68.1,Philippines,PHL,Philippines,PHL,2.8305230140686,98.0,,30.26629,26.22974,108.664395096777,86.6409470884308,38.1037750244141,Philippines,Philippines,Upper-Middle
Rwanda,Africa,RWA,National,RWAt,Total,2015,24.3,Rwanda,RWA,Rwanda,RWA,3.64711999893188,,63.1980590820312,58.34317,19.21098,137.243194580078,39.4099006652832,7.53125,Rwanda,Rwanda,Low
Saint Lucia,America,LCA,National,LCAt,Total,2015,83.7,Saint Lucia,LCA,St. Lucia,LCA,3.88088011741638,,,15.4614,11.73623,95.7481918334961,91.5483169555664,17.0072593688965,St. Lucia,Saint Lucia,High
Samoa,Asia/Pacific,WSM,National,WSMt,Total,2015,83.0,Samoa,WSM,Samoa,WSM,4.61519002914429,,103.414329528809,,,105.461257044923,84.0876006857956,,Samoa,Samoa,High
Sao Tome & Principe,Africa,STP,National,STPt,Total,2015,52.4,Sao Tome & Principe,STP,Sao Tome and Principe,STP,4.69794988632202,,88.8216934204102,38.77644,20.75328,107.263946533203,82.3763809204102,12.8975296020508,Sao Tome and Principe,Sao Tome & Principe,Lower-Middle
Saudi Arabia,Asia/Pacific,SAU,National,SAUt,Total,2015,86.4,Saudi Arabia,SAU,Saudi Arabia,SAU,,,,10.89539,10.26494,102.69214630127,103.276008605957,56.5505714416504,Saudi Arabia,Saudi Arabia,High
Senegal,Africa,SEN,National,SENt,Total,2015,53.2,Senegal,SEN,Senegal,SEN,5.45637989044189,43.5927314758301,59.0049781799316,32.09004,20.37208,84.8736877441406,51.2827301025391,10.9290800094604,Senegal,Senegal,Lower-Middle
Serbia,Europe,SRB,National,SRBt,Total,2015,91.2,Serbia,SRB,Serbia,SRB,,,101.916572570801,15.24293,8.45036,102.182189941406,97.159553527832,58.9525413513184,Serbia,Serbia,High
Sierra Leone,Africa,SLE,National,SLEt,Total,2015,28.0,Sierra Leone,SLE,Sierra Leone,SLE,,,59.0543556213379,33.75042,20.54128,116.402056183054,38.5105590820312,,Sierra Leone,Sierra Leone,Low
South Africa,Africa,ZAF,National,ZAFt,Total,2015,71.1,South Africa,ZAF,South Africa,ZAF,5.48285007476807,94.0,96.1466064453125,30.3322,27.78203,111.678253173828,110.168930053711,18.8556098937988,South Africa,South Africa,Upper-Middle
South Sudan,Africa,SSD,National,SSDt,Total,2015,,South Sudan,SSD,South Sudan,SSD,1.46555995941162,,20.5547866821289,46.75029,27.47489,71.6985321044922,11.2309503555298,,South Sudan,South Sudan,
Sudan,Africa,SDN,National,SDNt,Total,2015,37.2,Sudan,SDN,Sudan,SDN,,,63.0447692871094,,,76.1931533813477,47.602970123291,17.2059803009033,Sudan,Sudan,Lower-Middle
Suriname,America,SUR,National,SURt,Total,2015,83.3,Suriname,SUR,Suriname,SUR,5.53479623794556,,83.6139831542969,13.33105,11.97658,108.630508422852,73.010009765625,,Suriname,Suriname,High
Syria,Asia/Pacific,SYR,National,SYRt,Total,2015,,Syria,SYR,Syrian Arab Republic,SYR,,,,,,,,51.1659507751465,Syrian Arab Republic,Syria,
Tajikistan,Asia/Pacific,TJK,National,TJKt,Total,2015,69.6,Tajikistan,TJK,Tajikistan,TJK,4.96774005889893,,92.2054214477539,22.28986,,91.2661666870117,,26.4624404907227,Tajikistan,Tajikistan,Upper-Middle
Tanzania,Africa,TZA,National,TZAt,Total,2015,30.1,Tanzania,TZA,Tanzania,TZA,4.19486570358276,78.0,64.6557388305664,,,83.4221878162221,27.2394905090332,4.15589189529419,Tanzania,Tanzania,Low
Thailand,Asia/Pacific,THA,National,THAt,Total,2015,85.4,Thailand,THA,Thailand,THA,3.86397624015808,93.0,,16.88246,28.15431,105.305847167969,126.035987854004,,Thailand,Thailand,High
Timor Leste,Asia/Pacific,TLS,National,TLSt,Total,2015,46.6,Timor Leste,TLS,Timor-Leste,TLS,6.29249811172485,,101.389541625977,,,126.818586582375,73.0578437687153,,Timor-Leste,Timor Leste,Lower-Middle
Togo,Africa,TGO,National,TGOt,Total,2015,39.0,Togo,TGO,Togo,TGO,3.71097993850708,64.0,,44.20973,,128.251586914062,,11.0391302108765,Togo,Togo,Lower-Middle
Tonga,Asia/Pacific,TON,National,TONt,Total,2015,81.9,Tonga,TON,Tonga,TON,,,,21.63312,14.5488,117.3600552868,103.261224756552,,Tonga,Tonga,High
Trinidad & Tobago,America,TTO,National,TTOt,Total,2015,87.6,Trinidad & Tobago,TTO,Trinidad and Tobago,TTO,4.45339345932007,,,,,,,,Trinidad and Tobago,Trinidad & Tobago,High
Tunisia,Africa,TUN,National,TUNt,Total,2015,83.9,Tunisia,TUN,Tunisia,TUN,6.22044992446899,,97.2605209350586,15.79669,,106.111831665039,86.7649536132812,33.0580787658691,Tunisia,Tunisia,High
Turkey,Asia/Pacific,TUR,National,TURt,Total,2015,88.1,Turkiye,TUR,Turkiye,TUR,4.30550003051758,96.0,98.8300704956055,18.40513,18.45287,107.29418182373,107.243186950684,95.5645065307617,Turkiye,Turkiye,High
Turks & Caicos Islands,America,TCA,National,TCAt,Total,2015,85.5,Turks & Caicos Islands,TCA,Turks and Caicos Islands,TCA,2.98526191711426,,71.4902801513672,,9.58571,93.6663047412233,80.4947283049473,12.516411781311,Turks and Caicos Islands,Turks & Caicos Islands,High
Tuvalu,Asia/Pacific,TUV,National,TUVt,Total,2015,69.2,Tuvalu,TUV,Tuvalu,TUV,,,107.804878234863,12.71795,6.16746,113.155891418457,88.8352890014648,,Tuvalu,Tuvalu,Upper-Middle
Uganda,Africa,UGA,National,UGAt,Total,2015,28.4,Uganda,UGA,Uganda,UGA,2.32152009010315,,53.3201179504395,42.9168,,103.624588012695,,4.91559410095215,Uganda,Uganda,Low
Ukraine,Europe,UKR,National,UKRt,Total,2015,82.1,Ukraine,UKR,Ukraine,UKR,5.7425684928894,,88.5759582519531,12.38447,6.97019,87.8509902954102,90.5028991699219,76.8646621704102,Ukraine,Ukraine,High
Uruguay,America,URY,National,URYt,Total,2015,88.4,Uruguay,URY,Uruguay,URY,4.20636987686157,99.0,100.721862792969,11.76053,,109.24047088623,108.043296813965,57.7897186279297,Uruguay,Uruguay,High
Uzbekistan,Asia/Pacific,UZB,National,UZBt,Total,2015,,Uzbekistan,UZB,Uzbekistan,UZB,5.49453353881836,100.0,93.8038864135742,19.03192,10.69989,96.8469627244173,92.2428124917835,8.05320835113525,Uzbekistan,Uzbekistan,
Vanuatu,Asia/Pacific,VUT,National,VUTt,Total,2015,44.5,Vanuatu,VUT,Vanuatu,VUT,5.60338020324707,,,26.56507,20.568,112.680931091309,53.3900909423828,,Vanuatu,Vanuatu,Lower-Middle
Venezuela,America,VEN,National,VENt,Total,2015,92.7,Venezuela,VEN,"Venezuela, RB",VEN,,97.0,94.9639282226562,,,99.7375183105469,89.0915222167969,,"Venezuela, RB",Venezuela,High
Vietnam,Asia/Pacific,VNM,National,VNMt,Total,2015,74.8,Viet Nam,VNM,Viet Nam,VNM,3.41660451889038,,97.2136001586914,19.2242,,106.820761905382,88.1982830183815,31.089204788208,Viet Nam,Viet Nam,Upper-Middle
Zambia,Africa,ZMB,National,ZMBt,Total,2015,35.7,Zambia,ZMB,Zambia,ZMB,4.62433004379272,,,42.74181,,103.852157592773,,,Zambia,Zambia,Lower-Middle
Zimbabwe,Africa,ZWE,National,ZWEt,Total,2015,44.8,Zimbabwe,ZWE,Zimbabwe,ZWE,,,90.9795455932617,,,101.52105049101,,10.6008701324463,Zimbabwe,Zimbabwe,Lower-Middle
Afghanistan,Asia/Pacific,AFG,National,AFGt,Total,2016,52.8,Afghanistan,AFG,Afghanistan,AFG,4.54397010803223,,82.9104614257812,44.58162,32.20814,106.150283813477,53.5063400268555,,Afghanistan,Afghanistan,Lower-Middle
Albania,Europe,ALB,National,ALBt,Total,2016,86.0,Albania,ALB,Albania,ALB,3.96209001541138,,99.5973587036133,18.19844,12.22137,105.324783325195,99.1707611083984,58.4884796142578,Albania,Albania,High
Algeria,Africa,DZA,National,DZAt,Total,2016,86.6,Algeria,DZA,Algeria,DZA,6.50210857391357,,100.489837646484,24.2355,,110.688102722168,,44.1052894592285,Algeria,Algeria,High
Angola,Africa,AGO,National,AGOt,Total,2016,40.9,Angola,AGO,Angola,AGO,2.75493669509888,,,,26.76619,107.026964874435,53.5814514160156,9.66034030914307,Angola,Angola,Lower-Middle
Armenia,Asia/Pacific,ARM,National,ARMt,Total,2016,86.2,Armenia,ARM,Armenia,ARM,2.75812005996704,100.0,105.009422302246,,,103.061706542969,,51.7460098266602,Armenia,Armenia,High
Azerbaijan,Europe,AZE,National,AZEt,Total,2016,76.2,Azerbaijan,AZE,Azerbaijan,AZE,2.90340995788574,100.0,111.301910400391,15.48619,,106.431739807129,74.922503925884,27.2368602752686,Azerbaijan,Azerbaijan,Upper-Middle
Bangladesh,Asia/Pacific,BGD,National,BGDt,Total,2016,43.6,Bangladesh,BGD,Bangladesh,BGD,2.22119998931885,73.0,,,36.192,,66.9232483057473,17.4021797180176,Bangladesh,Bangladesh,Lower-Middle
Barbados,America,BRB,National,BRBt,Total,2016,91.4,Barbados,BRB,Barbados,BRB,4.68382978439331,,,13.349,18.63678,97.0370712280273,108.478012084961,,Barbados,Barbados,High
Belarus,Europe,BLR,National,BLRt,Total,2016,85.0,Belarus,BLR,Belarus,BLR,4.94654989242554,,94.376838684082,18.33759,8.29763,97.3474578857422,97.0480880737305,94.7553405761719,Belarus,Belarus,High
Belize,America,BLZ,National,BLZt,Total,2016,,Belize,BLZ,Belize,BLZ,5.72171020507812,,105.759300231934,20.50666,18.40628,115.647926330566,87.4975967407227,24.3196296691895,Belize,Belize,
Benin,Africa,BEN,National,BENt,Total,2016,36.5,Benin,BEN,Benin,BEN,2.89910006523132,,77.419189453125,41.63992,10.99168,125.554527282715,57.529670715332,12.3617095947266,Benin,Benin,Lower-Middle
Bhutan,Asia/Pacific,BTN,National,BTNt,Total,2016,,Bhutan,BTN,Bhutan,BTN,5.89159393310547,,96.6217575073242,38.03778,11.41873,100.943069458008,85.6835174560547,,Bhutan,Bhutan,
Bolivia,America,BOL,National,BOLt,Total,2016,,Bolivia,BOL,Bolivia,BOL,8.15060997009277,,90.0554275512695,17.20856,19.609,96.1937713623047,91.8639373779297,,Bolivia,Bolivia,
Bosnia and Herzegovina,Europe,BIH,National,BIHt,Total,2016,,Bosnia and Herzegovina,BIH,Bosnia and Herzegovina,BIH,4.26451015472412,,90.8496475219727,17.28654,9.73102,90.997673034668,82.9606018066406,48.668140411377,Bosnia and Herzegovina,Bosnia and Herzegovina,
Botswana,Africa,BWA,National,BWAt,Total,2016,62.8,Botswana,BWA,Botswana,BWA,8.73589324951172,,,,,,,23.2882499694824,Botswana,Botswana,Upper-Middle
Brazil,America,BRA,National,BRAt,Total,2016,,Brazil,BRA,Brazil,BRA,6.314040184021,93.0,,20.31899,16.60114,108.757843017578,102.569511413574,48.3333396911621,Brazil,Brazil,
Burkina Faso,Africa,BFA,National,BFAt,Total,2016,37.7,Burkina Faso,BFA,Burkina Faso,BFA,,,60.3090896606445,41.54927,23.38275,87.6474685668945,35.1508483886719,5.42630004882812,Burkina Faso,Burkina Faso,Lower-Middle
Burundi,Africa,BDI,National,BDIt,Total,2016,21.1,Burundi,BDI,Burundi,BDI,4.96585083007812,65.6877365112305,64.0318298339844,49.66066,32.13206,116.194183349609,48.9952812194824,4.09006786346436,Burundi,Burundi,Low
Cambodia,Asia/Pacific,KHM,National,KHMt,Total,2016,56.1,Cambodia,KHM,Cambodia,KHM,1.87081909179688,,89.5325317382812,42.53404,,111.129501342773,,,Cambodia,Cambodia,Lower-Middle
Cameroon,Africa,CMR,National,CMRt,Total,2016,43.5,Cameroon,CMR,Cameroon,CMR,2.56234002113342,,73.3813705444336,42.73541,19.25706,116.083679199219,60.4655914306641,12.45934009552,Cameroon,Cameroon,Lower-Middle
Cape Verde,Africa,CPV,National,CPVt,Total,2016,76.4,Cape Verde,CPV,Cabo Verde,CPV,4.75475978851318,,89.9007110595703,21.4778,16.00499,99.7518768310547,87.7049102783203,21.0570201873779,Cabo Verde,Cape Verde,Upper-Middle
Central African Republic CAR,Africa,CAF,National,CAFt,Total,2016,17.0,Central African Republic CAR,CAF,Central African Republic,CAF,1.75408899784088,,36.9948997497559,83.41195,34.62948,89.8505020141602,13.6688098907471,,Central African Republic,Central African Republic CAR,Low
Chad,Africa,TCD,National,TCDt,Total,2016,19.5,Chad,TCD,Chad,TCD,2.38847589492798,22.0,42.0207710266113,56.88788,27.13412,85.9795227050781,23.3515090942383,,Chad,Chad,Low
Chili,America,CHL,National,CHLt,Total,2016,,Chili,CHL,Chile,CHL,5.3664698600769,,98.3978424072266,18.00111,18.81748,101.585189819336,101.488136291504,88.8458862304688,Chile,Chili,
China,Asia/Pacific,CHN,National,CHNt,Total,2016,76.8,China,CHN,China,CHN,4.20638513565063,,,16.54936,13.49871,97.3906173706055,,49.7083587646484,China,China,Upper-Middle
Colombia,America,COL,National,COLt,Total,2016,84.0,Colombia,COL,Colombia,COL,,95.0,103.139930725098,24.31808,26.18799,115.443153381348,98.4156265258789,57.1437492370605,Colombia,Colombia,High
Congo Democratic Republic,Africa,COD,National,CODt,Total,2016,23.5,Congo Democratic Republic,COD,"Congo, Dem. Rep.",COD,2.1186900138855,77.0,,,,,,6.07901000976562,"Congo, Dem. Rep.",Congo Democratic Republic,Low
Costa Rica,America,CRI,National,CRIt,Total,2016,89.9,Costa Rica,CRI,Costa Rica,CRI,6.89395999908447,,94.5781478881836,11.97865,12.73154,107.027153015137,119.994560241699,52.1316299438477,Costa Rica,Costa Rica,High
Cote d'Ivoire,Africa,CIV,National,CIVt,Total,2016,47.6,Cote d'Ivoire,CIV,Cote d'Ivoire,CIV,3.93593001365662,50.039680480957,61.3673782348633,42.50102,25.83658,90.1342468261719,43.8949584960938,9.09276962280273,Cote d'Ivoire,Cote d'Ivoire,Lower-Middle
Cuba,America,CUB,National,CUBt,Total,2016,76.9,Cuba,CUB,Cuba,CUB,9.01313304901123,,94.9306030273438,8.74431,9.34814,102.451210021973,98.0223770141602,34.4567909240723,Cuba,Cuba,Upper-Middle
Djibouti,Africa,DJI,National,DJIt,Total,2016,,Djibouti,DJI,Djibouti,DJI,3.92226004600525,,,31.09517,23.75349,,,,Djibouti,Djibouti,
Dominican Republic,America,DOM,National,DOMt,Total,2016,77.9,Dominican Republic,DOM,Dominican Republic,DOM,3.85049557685852,94.0,99.4304962158203,18.52102,,110.704879760742,80.0944671630859,54.4990005493164,Dominican Republic,Dominican Republic,High
Ecuador,America,ECU,National,ECUt,Total,2016,,Ecuador,ECU,Ecuador,ECU,4.36274814605713,94.0,96.7253570556641,25.09592,21.94529,99.030403137207,99.5687026977539,,Ecuador,Ecuador,
Egypt,Africa,EGY,National,EGYt,Total,2016,85.5,"Egypt, Arab Rep.",EGY,"Egypt, Arab Rep.",EGY,,,88.0339202880859,23.07766,14.79149,95.4257583618164,78.5734024047852,31.9304790496826,"Egypt, Arab Rep.","Egypt, Arab Rep.",High
El Salvador,America,SLV,National,SLVt,Total,2016,70.7,El Salvador,SLV,El Salvador,SLV,3.82523989677429,88.0,92.1429214477539,28.26087,29.31611,102.411903381348,69.1290283203125,27.0054702758789,El Salvador,El Salvador,Upper-Middle
Equatorial Guinea,Africa,GNQ,National,GNQt,Total,2016,,Equatorial Guinea,GNQ,Equatorial Guinea,GNQ,,,,,,53.5364843965611,,,Equatorial Guinea,Equatorial Guinea,
Eritrea,Africa,ERI,National,ERIt,Total,2016,,Eritrea,ERI,Eritrea,ERI,,,,,,74.1649969399988,,3.00972008705139,Eritrea,Eritrea,
Eswatini,Africa,SWZ,National,SWZt,Total,2016,57.0,Eswatini,SWZ,Eswatini,SWZ,5.43355321884155,,100.106567382812,27.27385,15.54522,123.177932739258,85.9756088256836,,Eswatini,Eswatini,Lower-Middle
Ethiopia,Africa,ETH,National,ETHt,Total,2016,20.4,Ethiopia,ETH,Ethiopia,ETH,5.06151390075684,47.4915885925293,,,,,,,Ethiopia,Ethiopia,Low
Fiji,Asia/Pacific,FJI,National,FJIt,Total,2016,77.8,Fiji,FJI,Fiji,FJI,4.83590269088745,,98.1283721923828,,,98.6499361820699,88.7946105352381,77.8562698364258,Fiji,Fiji,Upper-Middle
Gabon,Africa,GAB,National,GABt,Total,2016,66.2,Gabon,GAB,Gabon,GAB,2.66773080825806,,,,,,,,Gabon,Gabon,Upper-Middle
Gambia,Africa,GMB,National,GMBt,Total,2016,56.6,Gambia,GMB,"Gambia, The",GMB,2.17479729652405,,60.9133911132812,,,80.5158056431401,,,"Gambia, The",Gambia,Lower-Middle
Georgia,Asia/Pacific,GEO,National,GEOt,Total,2016,80.9,Georgia,GEO,Georgia,GEO,3.52338004112244,,120.578979492188,8.82638,7.44399,104.187187194824,107.345481872559,57.3850593566895,Georgia,Georgia,High
Ghana,Africa,GHA,National,GHAt,Total,2016,51.3,Ghana,GHA,Ghana,GHA,3.45474433898926,,,30.5794,16.97562,100.415701450692,67.1578920913589,14.2144002914429,Ghana,Ghana,Lower-Middle
Guatemala,America,GTM,National,GTMt,Total,2016,64.4,Guatemala,GTM,Guatemala,GTM,2.94474005699158,,81.6419296264648,21.74437,12.39713,103.013893127441,54.3751907348633,16.1237926483154,Guatemala,Guatemala,Upper-Middle
Guinea,Africa,GIN,National,GINt,Total,2016,38.7,Guinea,GIN,Guinea,GIN,2.54450011253357,,62.4415283203125,47.14862,,94.3621520996094,36.8475818475818,8.63794803619385,Guinea,Guinea,Lower-Middle
Guyana,America,GUY,National,GUYt,Total,2016,77.8,Guyana,GUY,Guyana,GUY,4.73775005340576,,,,,88.9898097294153,,,Guyana,Guyana,Upper-Middle
Haiti,America,HTI,National,HTIt,Total,2016,37.6,Haiti,HTI,Haiti,HTI,1.38776004314423,61.691349029541,,,,,,,Haiti,Haiti,Lower-Middle
Honduras,America,HND,National,HNDt,Total,2016,69.3,Honduras,HND,Honduras,HND,6.09509515762329,89.0,78.111328125,28.37057,14.49878,89.5983581542969,50.6989898681641,20.9513092041016,Honduras,Honduras,Upper-Middle
India,Asia/Pacific,IND,National,INDt,Total,2016,55.1,India,IND,India,IND,4.256516456604,,99.3136749267578,35.21588,28.49097,119.512832641602,76.119987487793,27.3043575286865,India,India,Lower-Middle
Indonesia,Asia/Pacific,IDN,National,IDNt,Total,2016,70.5,Indonesia,IDN,Indonesia,IDN,1.21023452281952,95.0,107.964698791504,13.97814,14.11492,107.16207384874,88.5644920884794,35.4757537841797,Indonesia,Indonesia,Upper-Middle
Iran,Asia/Pacific,IRN,National,IRNt,Total,2016,,"Iran, Islamic Rep.",IRN,"Iran, Islamic Rep.",IRN,3.17396998405457,86.0,98.347053527832,27.32117,18.6938,107.907333374023,85.4874420166016,69.1833267211914,"Iran, Islamic Rep.","Iran, Islamic Rep.",
Iraq,Asia/Pacific,IRQ,National,IRQt,Total,2016,86.4,Iraq,IRQ,Iraq,IRQ,,83.0,,,,,,,Iraq,Iraq,High
Jamaica,America,JAM,National,JAMt,Total,2016,78.4,Jamaica,JAM,Jamaica,JAM,5.31461000442505,,87.9267807006836,22.64723,18.10698,94.3311004638672,91.1691513061523,,Jamaica,Jamaica,High
Jordan,Asia/Pacific,JOR,National,JORt,Total,2016,92.7,Jordan,JOR,Jordan,JOR,3.45282006263733,,94.2947006225586,18.36314,,98.4272994995117,,34.0612602233887,Jordan,Jordan,High
Kazakhstan,Asia/Pacific,KAZ,National,KAZt,Total,2016,83.1,Kazakhstan,KAZ,Kazakhstan,KAZ,3.56325101852417,,99.314811706543,18.5511,6.79388,100.174668299316,102.125012456373,46.8150215148926,Kazakhstan,Kazakhstan,High
Kenya,Africa,KEN,National,KENt,Total,2016,41.2,Kenya,KEN,Kenya,KEN,4.66556310653687,,102.726585388184,,,104.788917541504,,11.7006797790527,Kenya,Kenya,Lower-Middle
Kiribati,Asia/Pacific,KIR,National,KIRt,Total,2016,43.3,Kiribati,KIR,Kiribati,KIR,13.4829998016357,,101.17749786377,25.73171,,106.72061920166,,,Kiribati,Kiribati,Lower-Middle
Kuwait,Asia/Pacific,KWT,National,KWTt,Total,2016,94.6,Kuwait,KWT,Kuwait,KWT,5.95593976974487,,,8.85539,,,,57.7827606201172,Kuwait,Kuwait,High
Kyrgyzstan,Asia/Pacific,KGZ,National,KGZt,Total,2016,79.5,Kyrgyzstan,KGZ,Kyrgyz Republic,KGZ,6.58615016937256,,99.4794387817383,25.03207,9.86636,100.429202896692,92.5431552749073,43.4013214111328,Kyrgyzstan,Kyrgyzstan,High
Lao,Asia/Pacific,LAO,National,LAOt,Total,2016,69.6,Lao,LAO,Lao PDR,LAO,2.77442979812622,,99.6043472290039,22.95564,18.34744,110.409390880882,64.8796175541923,17.1157512664795,Lao PDR,Lao,Upper-Middle
Lebanon,Asia/Pacific,LBN,National,LBNt,Total,2016,68.6,Lebanon,LBN,Lebanon,LBN,2.12633323669434,,,12.17537,7.67398,,,42.1090087890625,Lebanon,Lebanon,Upper-Middle
Lesotho,Africa,LSO,National,LSOt,Total,2016,42.4,Lesotho,LSO,Lesotho,LSO,7.55247402191162,,81.1535415649414,33.75653,23.16604,108.132832568498,56.669620513916,,Lesotho,Lesotho,Lower-Middle
Liberia,Africa,LBR,National,LBRt,Total,2016,30.4,Liberia,LBR,Liberia,LBR,2.11479687690735,,60.8017692565918,21.52359,,84.1511009480743,,,Liberia,Liberia,Low
Madagascar,Africa,MDG,National,MDGt,Total,2016,27.4,Madagascar,MDG,Madagascar,MDG,2.69792056083679,,66.0451354980469,40.606,,138.570736054012,37.8174285888672,4.76165008544922,Madagascar,Madagascar,Low
Malawi,Africa,MWI,National,MWIt,Total,2016,26.2,Malawi,MWI,Malawi,MWI,3.24413061141968,,35.6434135437012,,,137.108224647871,38.2087783813477,,Malawi,Malawi,Low
Malaysia,Asia/Pacific,MYS,National,MYSt,Total,2016,,Malaysia,MYS,Malaysia,MYS,4.34598445892334,95.0,96.0428314208984,11.61165,13.21255,99.9245975393664,83.6966400146484,46.401668548584,Malaysia,Malaysia,
Maldives,Asia/Pacific,MDV,National,MDVt,Total,2016,85.1,Maldives,MDV,Maldives,MDV,4.43873596191406,98.0,97.057243347168,10.29657,,98.1044461393513,,,Maldives,Maldives,High
Mali,Africa,MLI,National,MLIt,Total,2016,37.7,Mali,MLI,Mali,MLI,3.09477996826172,,48.5724182128906,39.08605,19.4834,73.5641021728516,41.2106895446777,3.65079045295715,Mali,Mali,Lower-Middle
Mauritania,Africa,MRT,National,MRTt,Total,2016,41.2,Mauritania,MRT,Mauritania,MRT,1.94405996799469,,,36.36696,26.36771,88.4654083251953,32.0480117797852,5.5491099357605,Mauritania,Mauritania,Lower-Middle
Mauritius,Africa,MUS,National,MUSt,Total,2016,88.9,Mauritius,MUS,Mauritius,MUS,4.88207006454468,93.0,94.6057891845703,17.79444,,96.7216033935547,94.4362487792969,38.4107704162598,Mauritius,Mauritius,High
Mexico,America,MEX,National,MEXt,Total,2016,84.2,Mexico,MEX,Mexico,MEX,4.75795984268188,95.0,104.702178955078,26.74201,16.30684,106.391220092773,102.871368408203,38.589771270752,Mexico,Mexico,High
Moldova,Europe,MDA,National,MDAt,Total,2016,,Moldova,MDA,Moldova,MDA,5.67208003997803,,106.62077331543,17.42007,9.22639,104.464431762695,106.047653198242,52.8414115905762,Moldova,Moldova,
Mongolia,Asia/Pacific,MNG,National,MNGt,Total,2016,66.2,Mongolia,MNG,Mongolia,MNG,5.20043277740479,,96.7439193725586,29.69343,,97.6402176491306,,66.9766464233398,Mongolia,Mongolia,Upper-Middle
Montenegro,Europe,MNE,National,MNEt,Total,2016,91.7,Montenegro,MNE,Montenegro,MNE,,,97.4612274169922,,,100.174591064453,90.5575180053711,59.1839218139648,Montenegro,Montenegro,High
Morocco,Africa,MAR,National,MARt,Total,2016,89.8,Morocco,MAR,Morocco,MAR,5.08530187606812,,94.2610397338867,26.59118,,107.984367370605,,32.2695808410645,Morocco,Morocco,High
Mozambique,Africa,MOZ,National,MOZt,Total,2016,26.9,Mozambique,MOZ,Mozambique,MOZ,5.80086994171143,,,53.60539,,113.742340087891,27.8942395701084,7.38789987564087,Mozambique,Mozambique,Low
Myanmar,Asia/Pacific,MMR,National,MMRt,Total,2016,48.4,Myanmar,MMR,Myanmar,MMR,2.15808844566345,75.5512008666992,,22.04141,24.04989,117.938522338867,67.0034103393555,,Myanmar,Myanmar,Lower-Middle
Namibia,Africa,NAM,National,NAMt,Total,2016,54.2,Namibia,NAM,Namibia,NAM,10.592794418335,,,,,130.084174844398,,22.0023994445801,Namibia,Namibia,Lower-Middle
Nepal,Asia/Pacific,NPL,National,NPLt,Total,2016,51.8,Nepal,NPL,Nepal,NPL,3.47711229324341,65.5010070800781,117.185157775879,22.42122,28.90357,143.414505004883,71.8179016113281,11.9705371856689,Nepal,Nepal,Lower-Middle
Nicaragua,America,NIC,National,NICt,Total,2016,,Nicaragua,NIC,Nicaragua,NIC,4.081130027771,,,,,111.59678084396,,17.7747993469238,Nicaragua,Nicaragua,
Niger,Africa,NER,National,NERt,Total,2016,,Niger,NER,Niger,NER,2.95843005180359,,74.753303527832,36.2582,26.73945,76.6502227783203,24.1179599761963,3.65476989746094,Niger,Niger,
Nigeria,Africa,NGA,National,NGAt,Total,2016,43.1,Nigeria,NGA,Nigeria,NGA,0.393045634031296,58.2213401794434,,,,81.9161682128906,40.9102096557617,,Nigeria,Nigeria,Lower-Middle
Pakistan,Asia/Pacific,PAK,National,PAKt,Total,2016,62.2,Pakistan,PAK,Pakistan,PAK,2.41721177101135,,57.8369369506836,47.63465,21.35147,79.8399701958586,36.3533679861146,8.47824573516846,Pakistan,Pakistan,Upper-Middle
Palestine,Asia/Pacific,PSE,National,PSEt,Total,2016,86.2,Palestine,PSE,West Bank and Gaza,PSE,4.98296022415161,97.0,94.806510925293,23.84715,19.64335,95.8556594848633,87.1568832397461,45.710521697998,West Bank and Gaza,Palestine,High
Panama,America,PAN,National,PANt,Total,2016,63.2,Panama,PAN,Panama,PAN,3.42913007736206,,,21.44301,14.50099,93.1031112670898,83.0287094116211,48.728271484375,Panama,Panama,Upper-Middle
Papua New Guinea,Asia/Pacific,PNG,National,PNGt,Total,2016,28.2,Papua New Guinea,PNG,Papua New Guinea,PNG,0.846000015735626,,73.6570205688477,35.52165,34.2964,103.689979553223,,,Papua New Guinea,Papua New Guinea,Low
Paraguay,America,PRY,National,PRYt,Total,2016,,Paraguay,PRY,Paraguay,PRY,3.4349799156189,95.0,95.5360717773438,,,98.1175384521484,82.3605499267578,,Paraguay,Paraguay,
Peru,America,PER,National,PERt,Total,2016,,Peru,PER,Peru,PER,3.81316995620728,94.0,102.232048034668,18.31765,14.33983,100.117469787598,101.344680786133,73.330192565918,Peru,Peru,
Philippines,Asia/Pacific,PHL,National,PHLt,Total,2016,68.4,Philippines,PHL,Philippines,PHL,3.3012809753418,,,28.98824,23.52214,106.215741316229,87.1297234985317,40.4857482910156,Philippines,Philippines,Upper-Middle
Rwanda,Africa,RWA,National,RWAt,Total,2016,25.8,Rwanda,RWA,Rwanda,RWA,3.43483996391296,,67.745002746582,58.45684,18.57893,140.620025634766,38.5062408447266,7.57807016372681,Rwanda,Rwanda,Low
Saint Lucia,America,LCA,National,LCAt,Total,2016,83.7,Saint Lucia,LCA,St. Lucia,LCA,5.20954990386963,,93.6021728515625,15.12879,11.78644,96.4007263183594,90.2139205932617,19.8053798675537,St. Lucia,Saint Lucia,High
Samoa,Asia/Pacific,WSM,National,WSMt,Total,2016,83.0,Samoa,WSM,Samoa,WSM,4.34968376159668,,106.173355102539,,,105.983044791633,84.4522508456935,,Samoa,Samoa,High
Sao Tome & Principe,Africa,STP,National,STPt,Total,2016,53.6,Sao Tome & Principe,STP,Sao Tome and Principe,STP,6.11515998840332,,79.1776733398438,32.15018,24.82051,108.051780700684,83.8670120239258,17.6945915222168,Sao Tome and Principe,Sao Tome & Principe,Lower-Middle
Saudi Arabia,Asia/Pacific,SAU,National,SAUt,Total,2016,,Saudi Arabia,SAU,Saudi Arabia,SAU,,,,11.70128,10.48578,103.448150634766,105.049896240234,64.6551132202148,Saudi Arabia,Saudi Arabia,
Senegal,Africa,SEN,National,SENt,Total,2016,53.2,Senegal,SEN,Senegal,SEN,5.11309003829956,46.0996398925781,,31.74299,19.65404,83.9003457682441,,11.130820274353,Senegal,Senegal,Lower-Middle
Serbia,Europe,SRB,National,SRBt,Total,2016,91.2,Serbia,SRB,Serbia,SRB,3.63470005989075,99.0,100.082527160645,14.5183,8.22827,101.108200073242,96.4994888305664,62.9142799377441,Serbia,Serbia,High
Sierra Leone,Africa,SLE,National,SLEt,Total,2016,29.2,Sierra Leone,SLE,Sierra Leone,SLE,2.91133999824524,,68.672119140625,37.33182,22.04465,118.640076062745,40.7056884765625,,Sierra Leone,Sierra Leone,Low
South Africa,Africa,ZAF,National,ZAFt,Total,2016,71.5,South Africa,ZAF,South Africa,ZAF,5.4442400932312,91.7372436523438,94.9845962524414,,26.84814,107.619003295898,109.774078369141,18.9649791717529,South Africa,South Africa,Upper-Middle
South Sudan,Africa,SSD,National,SSDt,Total,2016,,South Sudan,SSD,South Sudan,SSD,1.56539225578308,,,,,,,0.657831847667694,South Sudan,South Sudan,
Sudan,Africa,SDN,National,SDNt,Total,2016,38.6,Sudan,SDN,Sudan,SDN,,,64.1716232299805,,,77.6462783813477,46.1623802185059,,Sudan,Sudan,Lower-Middle
Suriname,America,SUR,National,SURt,Total,2016,83.8,Suriname,SUR,Suriname,SUR,5.64051914215088,,81.3655090332031,13.35066,,107.401176185279,,,Suriname,Suriname,High
Syria,Asia/Pacific,SYR,National,SYRt,Total,2016,,Syria,SYR,Syrian Arab Republic,SYR,,,,,,,,46.5840187072754,Syrian Arab Republic,Syria,
Tajikistan,Asia/Pacific,TJK,National,TJKt,Total,2016,70.6,Tajikistan,TJK,Tajikistan,TJK,5.73094129562378,,89.6321411132812,22.19159,,93.0840301513672,,29.1225490570068,Tajikistan,Tajikistan,Upper-Middle
Tanzania,Africa,TZA,National,TZAt,Total,2016,31.3,Tanzania,TZA,Tanzania,TZA,4.10196733474731,,60.7533683776855,41.76673,15.93942,84.0087430214538,26.3856342846233,3.94585990905762,Tanzania,Tanzania,Low
Thailand,Asia/Pacific,THA,National,THAt,Total,2016,85.8,Thailand,THA,Thailand,THA,3.76761746406555,91.9813995361328,,16.65791,26.63435,107.05638885498,124.44612121582,49.508472442627,Thailand,Thailand,High
Timor Leste,Asia/Pacific,TLS,National,TLSt,Total,2016,48.7,Timor Leste,TLS,Timor-Leste,TLS,6.0120096206665,65.7791290283203,97.6331024169922,,,123.866365972623,77.5467614778173,,Timor-Leste,Timor Leste,Lower-Middle
Togo,Africa,TGO,National,TGOt,Total,2016,39.8,Togo,TGO,Togo,TGO,3.6624801158905,,93.8200225830078,41.39676,,124.68985748291,,12.3244800567627,Togo,Togo,Lower-Middle
Trinidad & Tobago,America,TTO,National,TTOt,Total,2016,87.7,Trinidad & Tobago,TTO,Trinidad and Tobago,TTO,4.17230987548828,,,,,,,,Trinidad and Tobago,Trinidad & Tobago,High
Tunisia,Africa,TUN,National,TUNt,Total,2016,84.1,Tunisia,TUN,Tunisia,TUN,,,91.1808471679688,16.18367,,106.178161621094,91.1704330444336,31.186559677124,Tunisia,Tunisia,High
Turkey,Asia/Pacific,TUR,National,TURt,Total,2016,88.3,Turkiye,TUR,Turkiye,TUR,4.62773990631104,96.0,134.545608520508,,,105.28328704834,108.547561645508,103.71558380127,Turkiye,Turkiye,High
Turks & Caicos Islands,America,TCA,National,TCAt,Total,2016,85.5,Turks & Caicos Islands,TCA,Turks and Caicos Islands,TCA,2.90744566917419,,,,,,73.8848337388483,11.1381130218506,Turks and Caicos Islands,Turks & Caicos Islands,High
Tuvalu,Asia/Pacific,TUV,National,TUVt,Total,2016,69.2,Tuvalu,TUV,Tuvalu,TUV,,,101.477828979492,17.19481,8.3806,99.4740829467773,79.3079071044922,,Tuvalu,Tuvalu,Upper-Middle
Uganda,Africa,UGA,National,UGAt,Total,2016,28.8,Uganda,UGA,Uganda,UGA,2.13789010047913,69.101318359375,54.7785606384277,42.72062,,105.913589477539,26.3273289386407,4.75620269775391,Uganda,Uganda,Low
Ukraine,Europe,UKR,National,UKRt,Total,2016,,Ukraine,UKR,Ukraine,UKR,5.00977993011475,,86.1604537963867,12.75838,7.03673,87.4092025756836,88.5457534790039,77.0398406982422,Ukraine,Ukraine,
Uruguay,America,URY,National,URYt,Total,2016,87.7,Uruguay,URY,Uruguay,URY,4.36420011520386,99.0,102.392837524414,11.13129,,108.082290649414,112.032577514648,59.6462898254395,Uruguay,Uruguay,High
Uzbekistan,Asia/Pacific,UZB,National,UZBt,Total,2016,,Uzbekistan,UZB,Uzbekistan,UZB,5.41523742675781,100.0,97.4060821533203,20.42443,10.43487,97.6622984985898,92.8148657883702,8.33958339691162,Uzbekistan,Uzbekistan,
Vanuatu,Asia/Pacific,VUT,National,VUTt,Total,2016,45.1,Vanuatu,VUT,Vanuatu,VUT,7.67742586135864,,,,,,,,Vanuatu,Vanuatu,Lower-Middle
Venezuela,America,VEN,National,VENt,Total,2016,94.0,Venezuela,VEN,"Venezuela, RB",VEN,,97.0,92.0160903930664,,,96.8556365966797,85.3960266113281,,"Venezuela, RB",Venezuela,High
Vietnam,Asia/Pacific,VNM,National,VNMt,Total,2016,75.8,Viet Nam,VNM,Viet Nam,VNM,3.469074010849,,100.922218322754,19.62995,,110.223773811456,88.6387881692606,30.228063583374,Viet Nam,Viet Nam,Upper-Middle
Yemen,Asia/Pacific,YEM,National,YEMt,Total,2016,57.4,Yemen,YEM,"Yemen, Rep.",YEM,,,65.5392074584961,26.93016,,83.8951034545898,47.2419013977051,,Yemen,Yemen,Upper-Middle
Zambia,Africa,ZMB,National,ZMBt,Total,2016,35.9,Zambia,ZMB,Zambia,ZMB,3.74792003631592,,,43.31661,,99.9986267089844,,,Zambia,Zambia,Lower-Middle
Zimbabwe,Africa,ZWE,National,ZWEt,Total,2016,44.6,Zimbabwe,ZWE,Zimbabwe,ZWE,,,91.4051666259766,,,100.031076404742,,7.92610597610474,Zimbabwe,Zimbabwe,Lower-Middle
Afghanistan,Asia/Pacific,AFG,National,AFGt,Total,2017,54.7,Afghanistan,AFG,Afghanistan,AFG,4.34319019317627,,87.2533264160156,47.98298,33.2407,106.129997253418,55.4021492004395,,Afghanistan,Afghanistan,Lower-Middle
Albania,Europe,ALB,National,ALBt,Total,2017,86.1,Albania,ALB,Albania,ALB,3.61172008514404,98.8162307739258,106.449691772461,17.94478,11.60265,105.414970397949,97.5743713378906,58.0177803039551,Albania,Albania,High
Algeria,Africa,DZA,National,DZAt,Total,2017,86.4,Algeria,DZA,Algeria,DZA,5.73482370376587,,102.320610046387,24.22505,,109.837707519531,,49.3779106140137,Algeria,Algeria,High
Angola,Africa,AGO,National,AGOt,Total,2017,42.4,Angola,AGO,Angola,AGO,2.46687889099121,,,,,122.235166180926,,9.65568923950195,Angola,Angola,Lower-Middle
Armenia,Asia/Pacific,ARM,National,ARMt,Total,2017,86.9,Armenia,ARM,Armenia,ARM,2.70759010314941,100.0,102.763427734375,,,101.619812011719,,53.5907592773438,Armenia,Armenia,High
Azerbaijan,Europe,AZE,National,AZEt,Total,2017,77.2,Azerbaijan,AZE,Azerbaijan,AZE,2.47381997108459,100.0,107.172172546387,15.458,,103.294097900391,77.4080343707927,28.4670600891113,Azerbaijan,Azerbaijan,Upper-Middle
Bangladesh,Asia/Pacific,BGD,National,BGDt,Total,2017,45.5,Bangladesh,BGD,Bangladesh,BGD,1.85040032863617,73.0,,30.05456,33.98251,109.125360305532,64.8559520731683,18.5305080413818,Bangladesh,Bangladesh,Lower-Middle
Barbados,America,BRB,National,BRBt,Total,2017,,Barbados,BRB,Barbados,BRB,4.34997987747192,,,14.09682,18.45852,96.8223114013672,110.007057189941,,Barbados,Barbados,
Belarus,Europe,BLR,National,BLRt,Total,2017,85.6,Belarus,BLR,Belarus,BLR,4.79500007629395,,95.6138229370117,18.80255,8.35604,97.40283203125,96.0117721557617,91.3261489868164,Belarus,Belarus,High
Belize,America,BLZ,National,BLZt,Total,2017,,Belize,BLZ,Belize,BLZ,5.94967985153198,,102.703048706055,19.58631,16.5581,114.81812286377,84.7784423828125,24.7719898223877,Belize,Belize,
Benin,Africa,BEN,National,BENt,Total,2017,36.4,Benin,BEN,Benin,BEN,3.53558993339539,38.871208190918,,43.56977,,121.606216430664,,11.7388401031494,Benin,Benin,Lower-Middle
Bhutan,Asia/Pacific,BTN,National,BTNt,Total,2017,,Bhutan,BTN,Bhutan,BTN,6.22741651535034,67.0,94.9668121337891,34.56294,11.0089,99.7384333534538,86.6147003173828,14.7713375091553,Bhutan,Bhutan,
Bolivia,America,BOL,National,BOLt,Total,2017,,Bolivia,BOL,Bolivia,BOL,8.09724044799805,,91.360710144043,17.58897,18.90098,97.0588989257812,90.6840209960938,,Bolivia,Bolivia,
Bosnia and Herzegovina,Europe,BIH,National,BIHt,Total,2017,,Bosnia and Herzegovina,BIH,Bosnia and Herzegovina,BIH,2.83868432044983,,90.4990997314453,17.19917,9.34286,91.3840866088867,84.2743606567383,46.4159202575684,Bosnia and Herzegovina,Bosnia and Herzegovina,
Botswana,Africa,BWA,National,BWAt,Total,2017,,Botswana,BWA,Botswana,BWA,7.80924463272095,,,,,,,22.4400691986084,Botswana,Botswana,
Brazil,America,BRA,National,BRAt,Total,2017,,Brazil,BRA,Brazil,BRA,6.32047986984253,93.0,,20.22308,16.72391,109.80850982666,103.015960693359,50.0267486572266,Brazil,Brazil,
Burkina Faso,Africa,BFA,National,BFAt,Total,2017,39.2,Burkina Faso,BFA,Burkina Faso,BFA,5.62846994400024,,61.645149230957,40.68126,23.33086,89.7315216064453,37.3736114501953,5.85665988922119,Burkina Faso,Burkina Faso,Lower-Middle
Burundi,Africa,BDI,National,BDIt,Total,2017,21.7,Burundi,BDI,Burundi,BDI,5.00918865203857,68.0,63.2770881652832,49.61434,28.02967,111.118583679199,49.8075103759766,4.43720865249634,Burundi,Burundi,Low
Cambodia,Asia/Pacific,KHM,National,KHMt,Total,2017,58.0,Cambodia,KHM,Cambodia,KHM,2.09646058082581,,88.3689498901367,41.66267,,110.514587402344,49.1536193243565,15.0735502243042,Cambodia,Cambodia,Upper-Middle
Cameroon,Africa,CMR,National,CMRt,Total,2017,44.3,Cameroon,CMR,Cameroon,CMR,3.05962991714478,,68.2125701904297,44.61321,,110.145843505859,50.6370092894312,12.7472696304321,Cameroon,Cameroon,Lower-Middle
Cape Verde,Africa,CPV,National,CPVt,Total,2017,76.4,Cape Verde,CPV,Cabo Verde,CPV,4.59278011322021,,83.4914398193359,21.08156,15.62939,98.2431716918945,87.0911026000977,21.1641502380371,Cabo Verde,Cape Verde,Upper-Middle
Central African Republic CAR,Africa,CAF,National,CAFt,Total,2017,16.9,Central African Republic CAR,CAF,Central African Republic,CAF,1.75365018844604,,48.7285652160645,,31.63737,110.711418726824,15.42516040802,,Central African Republic,Central African Republic CAR,Low
Chad,Africa,TCD,National,TCDt,Total,2017,20.2,Chad,TCD,Chad,TCD,2.45481991767883,,37.8997802734375,,,77.2443923950195,21.3540096282959,,Chad,Chad,Low
Chili,America,CHL,National,CHLt,Total,2017,,Chili,CHL,Chile,CHL,5.43278980255127,96.0,98.1549530029297,17.79358,18.36688,101.396278381348,102.294822692871,89.921989440918,Chile,Chili,
China,Asia/Pacific,CHN,National,CHNt,Total,2017,78.6,China,CHN,China,CHN,4.11133146286011,,,16.59383,13.30917,97.922119140625,,51.5827713012695,China,China,High
Colombia,America,COL,National,COLt,Total,2017,85.3,Colombia,COL,Colombia,COL,,,106.373252868652,23.60132,26.01138,113.305381774902,99.2193298339844,58.3960418701172,Colombia,Colombia,High
Comoros,Africa,COM,National,COMt,Total,2017,53.2,Comoros,COM,Comoros,COM,,,81.4090423583984,18.90138,5.31356,105.645827356268,57.2523619941767,,Comoros,Comoros,Lower-Middle
Congo Brazzaville,Africa,COG,National,COGt,Total,2017,51.5,Congo Brazzaville,COG,"Congo, Rep.",COG,4.17236995697021,,,,,,,12.2616300582886,"Congo, Rep.",Congo Brazzaville,Lower-Middle
Congo Democratic Republic,Africa,COD,National,CODt,Total,2017,24.4,Congo Democratic Republic,COD,"Congo, Dem. Rep.",COD,1.45494997501373,,,,,,,,"Congo, Dem. Rep.",Congo Democratic Republic,Low
Costa Rica,America,CRI,National,CRIt,Total,2017,90.2,Costa Rica,CRI,Costa Rica,CRI,7.06980991363525,,94.1781234741211,11.62825,13.31491,106.603530883789,123.834991455078,54.4580307006836,Costa Rica,Costa Rica,High
Cote d'Ivoire,Africa,CIV,National,CIVt,Total,2017,48.5,Cote d'Ivoire,CIV,Cote d'Ivoire,CIV,3.73654007911682,,67.6764907836914,42.42645,26.31551,91.8170928955078,46.8549613952637,9.47000026702881,Cote d'Ivoire,Cote d'Ivoire,Lower-Middle
Cuba,America,CUB,National,CUBt,Total,2017,76.9,Cuba,CUB,Cuba,CUB,,,95.2266311645508,8.82731,9.47531,101.847290039062,99.2762908935547,40.4316596984863,Cuba,Cuba,Upper-Middle
Djibouti,Africa,DJI,National,DJIt,Total,2017,,Djibouti,DJI,Djibouti,DJI,3.73344993591309,,,30.42105,22.727,,,,Djibouti,Djibouti,
Dominican Republic,America,DOM,National,DOMt,Total,2017,78.2,Dominican Republic,DOM,Dominican Republic,DOM,3.9202675819397,,96.0952301025391,18.91694,18.64652,108.019439697266,79.9406814575195,59.9155883789062,Dominican Republic,Dominican Republic,High
Ecuador,America,ECU,National,ECUt,Total,2017,,Ecuador,ECU,Ecuador,ECU,4.6142578125,93.0,98.938720703125,24.48003,20.99927,98.248161315918,97.3971099853516,,Ecuador,Ecuador,
Egypt,Africa,EGY,National,EGYt,Total,2017,85.9,"Egypt, Arab Rep.",EGY,"Egypt, Arab Rep.",EGY,,71.0,87.4164962768555,23.77693,15.21374,95.7913284301758,79.361198425293,33.1621017456055,"Egypt, Arab Rep.","Egypt, Arab Rep.",High
El Salvador,America,SLV,National,SLVt,Total,2017,71.5,El Salvador,SLV,El Salvador,SLV,3.7252299785614,88.0,91.6084136962891,28.27102,27.82175,98.935417175293,66.9067306518555,27.4678001403809,El Salvador,El Salvador,Upper-Middle
Equatorial Guinea,Africa,GNQ,National,GNQt,Total,2017,,Equatorial Guinea,GNQ,Equatorial Guinea,GNQ,,,,,,53.3753839773544,,,Equatorial Guinea,Equatorial Guinea,
Eritrea,Africa,ERI,National,ERIt,Total,2017,,Eritrea,ERI,Eritrea,ERI,,,63.7134399414062,39.24553,36.56873,72.4403762817383,41.8774299621582,,Eritrea,Eritrea,
Eswatini,Africa,SWZ,National,SWZt,Total,2017,57.8,Eswatini,SWZ,Eswatini,SWZ,6.17791414260864,,101.585388183594,26.59621,,121.964256286621,,,Eswatini,Eswatini,Upper-Middle
Ethiopia,Africa,ETH,National,ETHt,Total,2017,21.5,Ethiopia,ETH,Ethiopia,ETH,5.49905061721802,51.7711791992188,,,,104.203673708896,,,Ethiopia,Ethiopia,Low
Fiji,Asia/Pacific,FJI,National,FJIt,Total,2017,78.6,Fiji,FJI,Fiji,FJI,4.65119171142578,,100.914268493652,,,100.935420849351,,82.9545288085938,Fiji,Fiji,High
Gabon,Africa,GAB,National,GABt,Total,2017,66.7,Gabon,GAB,Gabon,GAB,3.55570793151855,,,,,,,,Gabon,Gabon,Upper-Middle
Gambia,Africa,GMB,National,GMBt,Total,2017,58.6,Gambia,GMB,"Gambia, The",GMB,2.45919442176819,,,38.67589,,83.3724292734222,,,"Gambia, The",Gambia,Upper-Middle
Georgia,Asia/Pacific,GEO,National,GEOt,Total,2017,82.1,Georgia,GEO,Georgia,GEO,3.52442002296448,99.0,120.752311706543,9.01533,7.39342,103.245559692383,109.0791015625,62.7497596740723,Georgia,Georgia,High
Ghana,Africa,GHA,National,GHAt,Total,2017,51.2,Ghana,GHA,Ghana,GHA,3.18611741065979,64.4923934936523,87.8497772216797,27.29644,15.63675,99.0500717163086,66.3819198608398,16.3660793304443,Ghana,Ghana,Lower-Middle
Guatemala,America,GTM,National,GTMt,Total,2017,64.1,Guatemala,GTM,Guatemala,GTM,2.95009994506836,,81.9770126342773,20.17993,10.51281,103.033592224121,54.0077896118164,17.1044540405273,Guatemala,Guatemala,Upper-Middle
Guinea,Africa,GIN,National,GINt,Total,2017,39.5,Guinea,GIN,Guinea,GIN,2.3203399181366,,55.4486312866211,,,99.8953880683389,,8.52771759033203,Guinea,Guinea,Lower-Middle
Guyana,America,GUY,National,GUYt,Total,2017,77.5,Guyana,GUY,Guyana,GUY,4.6647801399231,,,,,,,,Guyana,Guyana,Upper-Middle
Haiti,America,HTI,National,HTIt,Total,2017,38.7,Haiti,HTI,Haiti,HTI,1.49846994876862,68.0098571777344,,,,,,,Haiti,Haiti,Lower-Middle
Honduras,America,HND,National,HNDt,Total,2017,70.4,Honduras,HND,Honduras,HND,5.74434375762939,,79.1250228881836,25.59773,16.65963,88.3986129760742,50.7352905273438,24.4584407806396,Honduras,Honduras,Upper-Middle
India,Asia/Pacific,IND,National,INDt,Total,2017,57.4,India,IND,India,IND,4.30639696121216,,98.5887145996094,32.74955,27.44103,117.868171691895,74.5972671508789,27.9090518951416,India,India,Upper-Middle
Indonesia,Asia/Pacific,IDN,National,IDNt,Total,2017,71.8,Indonesia,IDN,Indonesia,IDN,1.05324387550354,,106.196006774902,16.06371,15.3284,105.634232183211,91.5816468000954,36.633861541748,Indonesia,Indonesia,Upper-Middle
Iran,Asia/Pacific,IRN,National,IRNt,Total,2017,,"Iran, Islamic Rep.",IRN,"Iran, Islamic Rep.",IRN,3.45956993103027,,96.6474380493164,28.52479,19.00886,107.295822143555,84.7548294067383,68.1274108886719,"Iran, Islamic Rep.","Iran, Islamic Rep.",
Iraq,Asia/Pacific,IRQ,National,IRQt,Total,2017,86.4,Iraq,IRQ,Iraq,IRQ,,86.0,,,,,,,Iraq,Iraq,High
Jamaica,America,JAM,National,JAMt,Total,2017,79.1,Jamaica,JAM,Jamaica,JAM,5.26016998291016,,89.7497329711914,22.10634,15.49229,94.4400329589844,87.6734008789062,,Jamaica,Jamaica,High
Jordan,Asia/Pacific,JOR,National,JORt,Total,2017,92.5,Jordan,JOR,Jordan,JOR,3.21305990219116,,94.3992614746094,21.03903,11.431,98.558952331543,88.8758316040039,28.6210594177246,Jordan,Jordan,High
Kazakhstan,Asia/Pacific,KAZ,National,KAZt,Total,2017,83.3,Kazakhstan,KAZ,Kazakhstan,KAZ,3.39102387428284,,99.6095886230469,20.75555,6.59153,100.884271275686,102.142833602859,51.0654792785645,Kazakhstan,Kazakhstan,High
Kenya,Africa,KEN,National,KENt,Total,2017,42.1,Kenya,KEN,Kenya,KEN,4.26874256134033,,,,,,,11.8862104415894,Kenya,Kenya,Lower-Middle
Kiribati,Asia/Pacific,KIR,National,KIRt,Total,2017,43.3,Kiribati,KIR,Kiribati,KIR,13.5749998092651,,,25.48855,,101.298461914062,,,Kiribati,Kiribati,Lower-Middle
Kuwait,Asia/Pacific,KWT,National,KWTt,Total,2017,94.6,Kuwait,KWT,Kuwait,KWT,6.35444211959839,96.0,,8.8586,,,,55.13330078125,Kuwait,Kuwait,High
Kyrgyzstan,Asia/Pacific,KGZ,National,KGZt,Total,2017,80.4,Kyrgyzstan,KGZ,Kyrgyz Republic,KGZ,6.02618980407715,,97.3700408935547,24.91353,10.43743,101.201463248112,91.9519109544673,41.2773246765137,Kyrgyzstan,Kyrgyzstan,High
Lao,Asia/Pacific,LAO,National,LAOt,Total,2017,71.6,Lao,LAO,Lao PDR,LAO,2.4979727268219,,100.821891784668,22.33745,18.13429,107.5012462198,66.1247784293668,15.4383745193481,Lao PDR,Lao,Upper-Middle
Lebanon,Asia/Pacific,LBN,National,LBNt,Total,2017,68.6,Lebanon,LBN,Lebanon,LBN,2.13748621940613,,,12.48274,,,,43.9945793151855,Lebanon,Lebanon,Upper-Middle
Lesotho,Africa,LSO,National,LSOt,Total,2017,43.9,Lesotho,LSO,Lesotho,LSO,7.23117733001709,,,32.94806,25.34293,109.97262124663,59.8201412049312,10.1464996337891,Lesotho,Lesotho,Lower-Middle
Liberia,Africa,LBR,National,LBRt,Total,2017,31.0,Liberia,LBR,Liberia,LBR,2.24632501602173,48.3013610839844,57.2440147399902,22.32254,,79.9273019985662,,,Liberia,Liberia,Low
Madagascar,Africa,MDG,National,MDGt,Total,2017,28.0,Madagascar,MDG,Madagascar,MDG,2.70137405395508,,64.9911956787109,,20.04302,143.368317316714,36.299888347628,5.23624992370605,Madagascar,Madagascar,Low
Malawi,Africa,MWI,National,MWIt,Total,2017,26.6,Malawi,MWI,Malawi,MWI,3.57505488395691,,,,,138.961991786345,38.4798812866211,,Malawi,Malawi,Low
Malaysia,Asia/Pacific,MYS,National,MYSt,Total,2017,,Malaysia,MYS,Malaysia,MYS,4.18488502502441,95.0,93.7627334594727,11.6556,12.2751,100.663315389074,83.7138519287109,43.6680450439453,Malaysia,Malaysia,
Maldives,Asia/Pacific,MDV,National,MDVt,Total,2017,85.8,Maldives,MDV,Maldives,MDV,3.8226854801178,94.5055084228516,92.9155807495117,10.16278,,96.9436423911881,,34.778018951416,Maldives,Maldives,High
Mali,Africa,MLI,National,MLIt,Total,2017,39.2,Mali,MLI,Mali,MLI,3.78976988792419,,46.9308013916016,38.22009,17.43224,76.4468078613281,39.5736885070801,4.16489362716675,Mali,Mali,Lower-Middle
Mauritania,Africa,MRT,National,MRTt,Total,2017,42.2,Mauritania,MRT,Mauritania,MRT,,,64.4499816894531,36.35033,23.70599,87.7418365478516,31.6240005493164,5.14321994781494,Mauritania,Mauritania,Lower-Middle
Mauritius,Africa,MUS,National,MUSt,Total,2017,88.9,Mauritius,MUS,Mauritius,MUS,4.87887001037598,,91.7583999633789,17.93769,12.65226,96.478630065918,92.5403289794922,39.6618804931641,Mauritius,Mauritius,High
Mexico,America,MEX,National,MEXt,Total,2017,89.4,Mexico,MEX,Mexico,MEX,4.39752006530762,95.0,104.324859619141,26.55228,16.85759,105.797607421875,105.11018371582,40.3390693664551,Mexico,Mexico,High
Moldova,Europe,MDA,National,MDAt,Total,2017,,Moldova,MDA,Moldova,MDA,5.71016979217529,,107.240913391113,17.68211,9.91073,103.681900024414,94.3638229370117,51.947338104248,Moldova,Moldova,
Mongolia,Asia/Pacific,MNG,National,MNGt,Total,2017,67.4,Mongolia,MNG,Mongolia,MNG,4.31822395324707,,93.2745208740234,30.37955,,96.3200636038389,,65.412841796875,Mongolia,Mongolia,Upper-Middle
Montenegro,Europe,MNE,National,MNEt,Total,2017,91.9,Montenegro,MNE,Montenegro,MNE,,,97.7640609741211,,,100.943252563477,90.6022262573242,60.9102210998535,Montenegro,Montenegro,High
Morocco,Africa,MAR,National,MARt,Total,2017,91.7,Morocco,MAR,Morocco,MAR,4.73564958572388,,91.4058609008789,28.03417,20.26796,109.259231567383,78.5361022949219,33.7370109558105,Morocco,Morocco,High
Mozambique,Africa,MOZ,National,MOZt,Total,2017,27.7,Mozambique,MOZ,Mozambique,MOZ,5.48664999008179,61.0,49.803840637207,52.43683,36.54379,112.008071899414,37.0113792419434,7.24044990539551,Mozambique,Mozambique,Low
Myanmar,Asia/Pacific,MMR,National,MMRt,Total,2017,48.5,Myanmar,MMR,Myanmar,MMR,2.16652989387512,,,23.04535,26.41848,120.053680419922,71.2600784301758,,Myanmar,Myanmar,Lower-Middle
Namibia,Africa,NAM,National,NAMt,Total,2017,,Namibia,NAM,Namibia,NAM,9.70867252349854,,,,,133.525698475318,,23.3570709228516,Namibia,Namibia,
Nepal,Asia/Pacific,NPL,National,NPLt,Total,2017,53.7,Nepal,NPL,Nepal,NPL,3.52892374992371,,120.801727294922,20.90655,28.82411,140.821411132812,73.9423522949219,12.1109495162964,Nepal,Nepal,Lower-Middle
Nicaragua,America,NIC,National,NICt,Total,2017,,Nicaragua,NIC,Nicaragua,NIC,4.35767984390259,,,,,112.852788044593,,,Nicaragua,Nicaragua,
Niger,Africa,NER,National,NERt,Total,2017,,Niger,NER,Niger,NER,2.57818007469177,,65.7938690185547,36.33661,29.73171,78.1794204711914,25.3490695953369,3.89881992340088,Niger,Niger,
Nigeria,Africa,NGA,National,NGAt,Total,2017,43.7,Nigeria,NGA,Nigeria,NGA,0.396354019641876,,,,,76.4630992205934,,11.5785512924194,Nigeria,Nigeria,Lower-Middle
North Macedonia,Europe,MKD,National,MKDt,Total,2017,91.5,North Macedonia,MKD,North Macedonia,MKD,,,94.154182434082,14.91335,8.74033,95.2024078369141,84.6865386962891,43.5097694396973,North Macedonia,North Macedonia,High
Pakistan,Asia/Pacific,PAK,National,PAKt,Total,2017,63.1,Pakistan,PAK,Pakistan,PAK,2.13665676116943,59.0,,44.78201,19.38545,78.8430583504664,35.8526761779574,8.80055046081543,Pakistan,Pakistan,Upper-Middle
Palestine,Asia/Pacific,PSE,National,PSEt,Total,2017,86.6,Palestine,PSE,West Bank and Gaza,PSE,4.72153997421265,97.0,99.0193786621094,24.72816,20.08626,97.3736724853516,88.2223892211914,45.6631011962891,West Bank and Gaza,Palestine,High
Panama,America,PAN,National,PANt,Total,2017,,Panama,PAN,Panama,PAN,3.49375009536743,,89.8650131225586,21.96162,13.5809,94.5970306396484,76.9188385009766,,Panama,Panama,
Papua New Guinea,Asia/Pacific,PNG,National,PNGt,Total,2017,28.2,Papua New Guinea,PNG,Papua New Guinea,PNG,1.96493005752563,70.0636825561523,,,,,,,Papua New Guinea,Papua New Guinea,Low
Paraguay,America,PRY,National,PRYt,Total,2017,,Paraguay,PRY,Paraguay,PRY,3.09062075614929,,,,,,,,Paraguay,Paraguay,
Peru,America,PER,National,PERt,Total,2017,,Peru,PER,Peru,PER,3.93130993843079,94.0,92.0803604125977,17.93677,14.57939,98.0214920043945,100.209571838379,71.2465515136719,Peru,Peru,
Philippines,Asia/Pacific,PHL,National,PHLt,Total,2017,68.7,Philippines,PHL,Philippines,PHL,3.9638409614563,,104.436454772949,29.08352,23.88062,103.182550401369,84.5040588378906,35.4054260253906,Philippines,Philippines,Upper-Middle
Rwanda,Africa,RWA,National,RWAt,Total,2017,27.3,Rwanda,RWA,Rwanda,RWA,3.1247398853302,,76.0721817016602,57.85938,20.08785,139.309951782227,39.6912117004395,7.34488010406494,Rwanda,Rwanda,Low
Saint Lucia,America,LCA,National,LCAt,Total,2017,,Saint Lucia,LCA,St. Lucia,LCA,3.63334321975708,,89.6482772827148,15.2315,11.41776,96.7399826049805,89.3643493652344,20.7909393310547,St. Lucia,Saint Lucia,
Samoa,Asia/Pacific,WSM,National,WSMt,Total,2017,83.0,Samoa,WSM,Samoa,WSM,3.96231913566589,,103.978561401367,,,105.056752965183,,12.5871524810791,Samoa,Samoa,High
Sao Tome & Principe,Africa,STP,National,STPt,Total,2017,54.8,Sao Tome & Principe,STP,Sao Tome and Principe,STP,5.87489986419678,,84.653190612793,31.15842,,109.629280090332,90.3803787231445,17.4019470214844,Sao Tome and Principe,Sao Tome & Principe,Lower-Middle
Saudi Arabia,Asia/Pacific,SAU,National,SAUt,Total,2017,,Saudi Arabia,SAU,Saudi Arabia,SAU,,95.0,100.329742431641,12.22675,11.14518,106.085350036621,105.574378967285,72.4816665649414,Saudi Arabia,Saudi Arabia,
Senegal,Africa,SEN,National,SENt,Total,2017,57.9,Senegal,SEN,Senegal,SEN,4.74007987976074,52.0,,32.81273,18.88356,84.4605302071285,,11.7735300064087,Senegal,Senegal,Upper-Middle
Serbia,Europe,SRB,National,SRBt,Total,2017,91.2,Serbia,SRB,Serbia,SRB,3.71016001701355,,100.613647460938,14.28392,8.08165,100.722412109375,95.6576766967773,67.5830535888672,Serbia,Serbia,High
Sierra Leone,Africa,SLE,National,SLEt,Total,2017,30.5,Sierra Leone,SLE,Sierra Leone,SLE,4.66086006164551,44.833179473877,69.0544815063477,39.43821,,122.320801312267,40.0794486999512,,Sierra Leone,Sierra Leone,Low
South Africa,Africa,ZAF,National,ZAFt,Total,2017,71.9,South Africa,ZAF,South Africa,ZAF,5.59867000579834,87.0,,,27.61705,104.854881286621,111.627403259277,21.4171295166016,South Africa,South Africa,Upper-Middle
Sudan,Africa,SDN,National,SDNt,Total,2017,39.9,Sudan,SDN,Sudan,SDN,,,66.0720977783203,,,77.0529937744141,48.9796409606934,,Sudan,Sudan,Lower-Middle
Suriname,America,SUR,National,SURt,Total,2017,84.3,Suriname,SUR,Suriname,SUR,5.45861291885376,,79.2708206176758,12.92371,,104.588272094727,,,Suriname,Suriname,High
Tajikistan,Asia/Pacific,TJK,National,TJKt,Total,2017,71.5,Tajikistan,TJK,Tajikistan,TJK,5.54471778869629,,90.251106262207,22.30051,,95.9131393432617,,31.114070892334,Tajikistan,Tajikistan,Upper-Middle
Tanzania,Africa,TZA,National,TZAt,Total,2017,32.5,Tanzania,TZA,Tanzania,TZA,4.40038347244263,,66.670280456543,47.15284,17.11346,87.6228279252112,26.8233018045341,,Tanzania,Tanzania,Low
Thailand,Asia/Pacific,THA,National,THAt,Total,2017,86.1,Thailand,THA,Thailand,THA,3.46532154083252,,98.3369598388672,16.88809,26.36914,103.222160780668,109.502639199535,47.7228775024414,Thailand,Thailand,High
Timor Leste,Asia/Pacific,TLS,National,TLSt,Total,2017,50.9,Timor Leste,TLS,Timor-Leste,TLS,5.20052242279053,,97.0025329589844,27.65483,27.28978,117.957513485472,81.1481134578215,,Timor-Leste,Timor Leste,Lower-Middle
Togo,Africa,TGO,National,TGOt,Total,2017,40.7,Togo,TGO,Togo,TGO,3.76526999473572,,92.5531997680664,40.12613,,123.164161682129,61.2385215759277,12.5233001708984,Togo,Togo,Lower-Middle
Tonga,Asia/Pacific,TON,National,TONt,Total,2017,81.9,Tonga,TON,Tonga,TON,5.05922508239746,,,,,,,,Tonga,Tonga,High
Trinidad & Tobago,America,TTO,National,TTOt,Total,2017,87.9,Trinidad & Tobago,TTO,Trinidad and Tobago,TTO,3.52995157241821,,,,,,,,Trinidad and Tobago,Trinidad & Tobago,High
Tunisia,Africa,TUN,National,TUNt,Total,2017,84.4,Tunisia,TUN,Tunisia,TUN,,,86.9319686889648,16.57185,,106.57202911377,,31.0175304412842,Tunisia,Tunisia,High
Turkey,Asia/Pacific,TUR,National,TURt,Total,2017,88.5,Turkiye,TUR,Turkiye,TUR,4.32368993759155,96.0,92.5956573486328,16.97782,17.34797,97.4918975830078,112.977333068848,110.534072875977,Turkiye,Turkiye,High
Turks & Caicos Islands,America,TCA,National,TCAt,Total,2017,85.5,Turks & Caicos Islands,TCA,Turks and Caicos Islands,TCA,2.47278213500977,,,,,107.246879334258,84.9836333878887,11.8446598052979,Turks and Caicos Islands,Turks & Caicos Islands,High
Uganda,Africa,UGA,National,UGAt,Total,2017,29.2,Uganda,UGA,Uganda,UGA,2.25363993644714,,52.9703216552734,42.65911,,105.526321411133,24.0003346678213,,Uganda,Uganda,Low
Ukraine,Europe,UKR,National,UKRt,Total,2017,,Ukraine,UKR,Ukraine,UKR,5.41707992553711,,87.5341720581055,12.99453,7.20581,88.2140884399414,86.7886962890625,80.1990203857422,Ukraine,Ukraine,
Uruguay,America,URY,National,URYt,Total,2017,,Uruguay,URY,Uruguay,URY,4.41787004470825,99.0,97.1667633056641,11.0193,,107.146530151367,116.472846984863,59.7518882751465,Uruguay,Uruguay,
Uzbekistan,Asia/Pacific,UZB,National,UZBt,Total,2017,,Uzbekistan,UZB,Uzbekistan,UZB,5.0333194732666,,98.2880020141602,21.15014,10.32977,98.0486526909282,93.8775736591193,8.64750289916992,Uzbekistan,Uzbekistan,
Vanuatu,Asia/Pacific,VUT,National,VUTt,Total,2017,45.7,Vanuatu,VUT,Vanuatu,VUT,4.5334300994873,,,,,,,,Vanuatu,Vanuatu,Lower-Middle
Venezuela,America,VEN,National,VENt,Total,2017,,Venezuela,VEN,"Venezuela, RB",VEN,,,89.1427536010742,,,94.0880584716797,84.1052017211914,,"Venezuela, RB",Venezuela,
Vietnam,Asia/Pacific,VNM,National,VNMt,Total,2017,76.7,Viet Nam,VNM,Viet Nam,VNM,3.41865682601929,,,19.64643,,109.942229864654,88.9568529473604,,Viet Nam,Viet Nam,Upper-Middle
Zambia,Africa,ZMB,National,ZMBt,Total,2017,36.0,Zambia,ZMB,Zambia,ZMB,3.72964000701904,,,42.05996,,99.239128112793,,,Zambia,Zambia,Lower-Middle
Zimbabwe,Africa,ZWE,National,ZWEt,Total,2017,44.5,Zimbabwe,ZWE,Zimbabwe,ZWE,5.81877994537354,,90.7393112182617,,,98.5451030927835,,8.54207611083984,Zimbabwe,Zimbabwe,Lower-Middle
Afghanistan,Asia/Pacific,AFG,National,AFGt,Total,2018,56.5,Afghanistan,AFG,Afghanistan,AFG,,,88.7355194091797,48.78979,33.50124,107.780532836914,57.0392990112305,9.96378993988037,Afghanistan,Afghanistan,Lower-Middle
Albania,Europe,ALB,National,ALBt,Total,2018,86.2,Albania,ALB,Albania,ALB,3.15294480323792,,102.894180297852,17.57287,11.19927,104.568023681641,98.8223876953125,56.0802993774414,Albania,Albania,High
Algeria,Africa,DZA,National,DZAt,Total,2018,86.2,Algeria,DZA,Algeria,DZA,5.81275129318237,81.4078369140625,102.68798828125,24.32018,,108.703483581543,,53.1637001037598,Algeria,Algeria,High
Angola,Africa,AGO,National,AGOt,Total,2018,43.8,Angola,AGO,Angola,AGO,2.18351292610168,,,,,88.5748689656161,,9.35254287719727,Angola,Angola,Lower-Middle
Armenia,Asia/Pacific,ARM,National,ARMt,Total,2018,87.7,Armenia,ARM,Armenia,ARM,2.25586795806885,,100.23706817627,15.41859,8.01689,100.061309814453,88.5765686035156,56.1650505065918,Armenia,Armenia,High
Azerbaijan,Europe,AZE,National,AZEt,Total,2018,78.2,Azerbaijan,AZE,Azerbaijan,AZE,2.45543003082275,,100.219947814941,15.42982,7.60984,99.7220993041992,108.517936706543,28.9724903106689,Azerbaijan,Azerbaijan,High
Bangladesh,Asia/Pacific,BGD,National,BGDt,Total,2018,47.3,Bangladesh,BGD,Bangladesh,BGD,1.65589129924774,74.0,,30.05459,35.09524,112.427695363555,67.4213697322793,19.70263671875,Bangladesh,Bangladesh,Lower-Middle
Barbados,America,BRB,National,BRBt,Total,2018,,Barbados,BRB,Barbados,BRB,5.13313722610474,,86.7227783203125,13.9917,17.93859,97.6479110717773,108.462646484375,,Barbados,Barbados,
Belarus,Europe,BLR,National,BLRt,Total,2018,86.1,Belarus,BLR,Belarus,BLR,5.38110017776489,,96.756591796875,19.23259,8.56276,96.7058029174805,95.4997177124023,84.5396423339844,Belarus,Belarus,High
Belize,America,BLZ,National,BLZt,Total,2018,,Belize,BLZ,Belize,BLZ,6.12682008743286,,104.474479675293,19.78332,16.72317,113.662620544434,86.3165817260742,24.6455898284912,Belize,Belize,
Benin,Africa,BEN,National,BENt,Total,2018,36.4,Benin,BEN,Benin,BEN,2.93161988258362,,,39.19712,,117.116798400879,,12.0070600509644,Benin,Benin,Lower-Middle
Bhutan,Asia/Pacific,BTN,National,BTNt,Total,2018,,Bhutan,BTN,Bhutan,BTN,5.74371290206909,,84.5854797363281,34.66868,10.81456,99.2878657487091,87.5288467407227,14.8788833618164,Bhutan,Bhutan,
Bolivia,America,BOL,National,BOLt,Total,2018,,Bolivia,BOL,Bolivia,BOL,8.01587009429932,,94.1732788085938,17.79827,18.49627,97.7159881591797,90.0090026855469,,Bolivia,Bolivia,
Bosnia and Herzegovina,Europe,BIH,National,BIHt,Total,2018,,Bosnia and Herzegovina,BIH,Bosnia and Herzegovina,BIH,3.89297008514404,,88.4528198242188,16.92651,9.1229,90.6376724243164,86.1026916503906,43.1571083068848,Bosnia and Herzegovina,Bosnia and Herzegovina,
Botswana,Africa,BWA,National,BWAt,Total,2018,,Botswana,BWA,Botswana,BWA,7.90538597106934,,,,,,,,Botswana,Botswana,
Brazil,America,BRA,National,BRAt,Total,2018,,Brazil,BRA,Brazil,BRA,6.08851003646851,93.0,,,,108.623291015625,105.00707244873,51.1916885375977,Brazil,Brazil,
Burkina Faso,Africa,BFA,National,BFAt,Total,2018,40.6,Burkina Faso,BFA,Burkina Faso,BFA,5.488609790802,39.0,62.8463706970215,39.72173,23.11995,91.7203674316406,39.8208885192871,6.34666013717651,Burkina Faso,Burkina Faso,Lower-Middle
Burundi,Africa,BDI,National,BDIt,Total,2018,22.2,Burundi,BDI,Burundi,BDI,5.4135274887085,,57.2230911254883,42.52383,26.59842,107.725219726562,47.8539505004883,4.69854831695557,Burundi,Burundi,Low
Cambodia,Asia/Pacific,KHM,National,KHMt,Total,2018,59.9,Cambodia,KHM,Cambodia,KHM,2.44785928726196,,88.3711166381836,41.7035,,111.574348449707,51.3683197808165,15.7133102416992,Cambodia,Cambodia,Upper-Middle
Cameroon,Africa,CMR,National,CMRt,Total,2018,45.2,Cameroon,CMR,Cameroon,CMR,3.03096008300781,72.5471267700195,64.431770324707,44.83412,,103.173362731934,46.4729476206602,14.3037796020508,Cameroon,Cameroon,Lower-Middle
Cape Verde,Africa,CPV,National,CPVt,Total,2018,,Cape Verde,CPV,Cabo Verde,CPV,4.78792285919189,,81.7538375854492,21.07361,15.42052,98.6432571411133,83.242317199707,20.2174491882324,Cabo Verde,Cape Verde,
Central African Republic CAR,Africa,CAF,National,CAFt,Total,2018,16.8,Central African Republic CAR,CAF,Central African Republic,CAF,1.56587600708008,37.0,,,,,,,Central African Republic,Central African Republic CAR,Low
Chad,Africa,TCD,National,TCDt,Total,2018,20.9,Chad,TCD,Chad,TCD,2.25947499275208,,40.4090385437012,,,87.7207489013672,20.7695808410644,,Chad,Chad,Low
Chili,America,CHL,National,CHLt,Total,2018,,Chili,CHL,Chile,CHL,5.473060131073,,98.1518325805664,,,101.538017272949,103.173049926758,91.1974792480469,Chile,Chili,
China,Asia/Pacific,CHN,National,CHNt,Total,2018,80.5,China,CHN,China,CHN,4.02442407608032,,,16.42675,13.25879,98.1703567504883,,54.0076217651367,China,China,High
Colombia,America,COL,National,COLt,Total,2018,86.6,Colombia,COL,Colombia,COL,,95.0,105.578002929688,23.3015,25.91073,111.699180603027,100.373336791992,57.3205413818359,Colombia,Colombia,High
Comoros,Africa,COM,National,COMt,Total,2018,54.6,Comoros,COM,Comoros,COM,,,,28.05781,8.30834,106.206189092152,62.8695006782177,,Comoros,Comoros,Lower-Middle
Congo Brazzaville,Africa,COG,National,COGt,Total,2018,53.8,Congo Brazzaville,COG,"Congo, Rep.",COG,2.77167010307312,,65.1861267089844,,,87.6686172485352,65.6208031967423,,"Congo, Rep.",Congo Brazzaville,Lower-Middle
Congo Democratic Republic,Africa,COD,National,CODt,Total,2018,25.3,Congo Democratic Republic,COD,"Congo, Dem. Rep.",COD,,73.5530319213867,,,,113.982978820801,,,"Congo, Dem. Rep.",Congo Democratic Republic,Low
Costa Rica,America,CRI,National,CRIt,Total,2018,90.4,Costa Rica,CRI,Costa Rica,CRI,6.76991987228394,,95.6204299926758,12.2047,12.42779,108.677192687988,128.475006103516,52.8686790466309,Costa Rica,Costa Rica,High
Cote d'Ivoire,Africa,CIV,National,CIVt,Total,2018,49.4,Cote d'Ivoire,CIV,Cote d'Ivoire,CIV,3.21164989471436,,70.0334701538086,41.8223,27.28114,92.9018936157227,49.0457992553711,,Cote d'Ivoire,Cote d'Ivoire,Lower-Middle
Cuba,America,CUB,National,CUBt,Total,2018,76.9,Cuba,CUB,Cuba,CUB,,,90.7940368652344,9.16029,9.63133,101.155838012695,100.185363769531,41.5943794250488,Cuba,Cuba,Upper-Middle
Djibouti,Africa,DJI,National,DJIt,Total,2018,,Djibouti,DJI,Djibouti,DJI,3.75143003463745,,,29.37453,25.41709,,,,Djibouti,Djibouti,
Dominican Republic,America,DOM,National,DOMt,Total,2018,78.6,Dominican Republic,DOM,Dominican Republic,DOM,3.91821074485779,,93.7769317626953,18.92322,,105.8583984375,80.2159271240234,63.146240234375,Dominican Republic,Dominican Republic,High
Ecuador,America,ECU,National,ECUt,Total,2018,,Ecuador,ECU,Ecuador,ECU,4.62145519256592,,98.3765182495117,24.26216,20.62112,98.9310989379883,96.0210418701172,47.3311805725098,Ecuador,Ecuador,
Egypt,Africa,EGY,National,EGYt,Total,2018,,"Egypt, Arab Rep.",EGY,"Egypt, Arab Rep.",EGY,,,90.6235885620117,23.67945,15.16281,96.5830383300781,79.9868392944336,36.7171516418457,"Egypt, Arab Rep.","Egypt, Arab Rep.",
El Salvador,America,SLV,National,SLVt,Total,2018,,El Salvador,SLV,El Salvador,SLV,3.60575008392334,89.0,89.7590408325195,26.89473,27.55579,97.4464263916016,67.7265930175781,28.0338802337646,El Salvador,El Salvador,
Equatorial Guinea,Africa,GNQ,National,GNQt,Total,2018,,Equatorial Guinea,GNQ,Equatorial Guinea,GNQ,,,,,,51.233453941729,,6.16062211990356,Equatorial Guinea,Equatorial Guinea,
Eritrea,Africa,ERI,National,ERIt,Total,2018,,Eritrea,ERI,Eritrea,ERI,,76.5705184936523,62.929759979248,38.74092,35.02165,72.8195419311523,42.9468307495117,,Eritrea,Eritrea,
Eswatini,Africa,SWZ,National,SWZt,Total,2018,58.6,Eswatini,SWZ,Eswatini,SWZ,5.73687362670898,,101.640510559082,,,121.543380737305,,,Eswatini,Eswatini,Upper-Middle
Ethiopia,Africa,ETH,National,ETHt,Total,2018,22.6,Ethiopia,ETH,Ethiopia,ETH,5.22011184692383,,,,,,,,Ethiopia,Ethiopia,Low
Fiji,Asia/Pacific,FJI,National,FJIt,Total,2018,79.3,Fiji,FJI,Fiji,FJI,4.79706048965454,,100.016807556152,,,103.447245463436,91.2016844638292,79.9261474609375,Fiji,Fiji,High
Gabon,Africa,GAB,National,GABt,Total,2018,67.2,Gabon,GAB,Gabon,GAB,3.07154297828674,,,,,,,,Gabon,Gabon,Upper-Middle
Gambia,Africa,GMB,National,GMBt,Total,2018,60.5,Gambia,GMB,"Gambia, The",GMB,2.36544394493103,53.1601982116699,,36.13813,,85.9553346222924,,,"Gambia, The",Gambia,Upper-Middle
Georgia,Asia/Pacific,GEO,National,GEOt,Total,2018,83.3,Georgia,GEO,Georgia,GEO,3.46094989776611,99.6536636352539,102.538223266602,8.98194,7.57537,101.231880187988,111.162422180176,66.0417785644531,Georgia,Georgia,High
Ghana,Africa,GHA,National,GHAt,Total,2018,51.0,Ghana,GHA,Ghana,GHA,3.01595592498779,,88.0406112670898,27.24556,16.01642,97.3151168823242,67.7538223266602,16.0154399871826,Ghana,Ghana,Lower-Middle
Guatemala,America,GTM,National,GTMt,Total,2018,63.7,Guatemala,GTM,Guatemala,GTM,3.13193988800049,81.0,81.7480926513672,20.26228,10.49312,103.577819824219,54.1130104064941,17.5163669586182,Guatemala,Guatemala,Upper-Middle
Guinea,Africa,GIN,National,GINt,Total,2018,40.3,Guinea,GIN,Guinea,GIN,2.38432002067566,40.0,56.6452713012695,,,100.920007512738,37.6615683388653,7.59974813461304,Guinea,Guinea,Lower-Middle
Guyana,America,GUY,National,GUYt,Total,2018,77.2,Guyana,GUY,Guyana,GUY,4.45058012008667,,,,,90.1325576748007,,,Guyana,Guyana,Upper-Middle
Haiti,America,HTI,National,HTIt,Total,2018,39.7,Haiti,HTI,Haiti,HTI,1.63715994358063,,,,,,,,Haiti,Haiti,Lower-Middle
Honduras,America,HND,National,HNDt,Total,2018,71.4,Honduras,HND,Honduras,HND,6.05646991729736,87.0,,,,88.743467505188,,26.2141990661621,Honduras,Honduras,Upper-Middle
India,Asia/Pacific,IND,National,INDt,Total,2018,59.7,India,IND,India,IND,4.3769326210022,,,,28.52287,101.097955965022,75.7847900390625,28.5316867828369,India,India,Upper-Middle
Indonesia,Asia/Pacific,IDN,National,IDNt,Total,2018,73.1,Indonesia,IDN,Indonesia,IDN,0.99443644285202,96.0,104.974113464355,17.03493,15.2071,104.648287253309,93.4309363897896,36.7954559326172,Indonesia,Indonesia,Upper-Middle
Iran,Asia/Pacific,IRN,National,IRNt,Total,2018,,"Iran, Islamic Rep.",IRN,"Iran, Islamic Rep.",IRN,3.61979007720947,,,,,,,62.7104721069336,"Iran, Islamic Rep.","Iran, Islamic Rep.",
Jamaica,America,JAM,National,JAMt,Total,2018,79.7,Jamaica,JAM,Jamaica,JAM,5.41380977630615,,85.4087219238281,24.79434,16.69828,97.2939224243164,86.6602401733398,,Jamaica,Jamaica,High
Jordan,Asia/Pacific,JOR,National,JORt,Total,2018,92.2,Jordan,JOR,Jordan,JOR,2.95461988449097,95.4314498901367,95.7247161865234,18.53699,12.26127,98.8939208984375,89.7929077148438,31.5562992095947,Jordan,Jordan,High
Kazakhstan,Asia/Pacific,KAZ,National,KAZt,Total,2018,83.4,Kazakhstan,KAZ,Kazakhstan,KAZ,3.15191626548767,,101.419227600098,19.63913,6.95898,100.52981239711,102.058312580195,53.5158615112305,Kazakhstan,Kazakhstan,High
Kenya,Africa,KEN,National,KENt,Total,2018,43.1,Kenya,KEN,Kenya,KEN,5.32192516326904,,,,,,,,Kenya,Kenya,Lower-Middle
Kiribati,Asia/Pacific,KIR,National,KIRt,Total,2018,43.3,Kiribati,KIR,Kiribati,KIR,15.3769998550415,97.9597091674805,,,,105.808935028578,,,Kiribati,Kiribati,Lower-Middle
Kuwait,Asia/Pacific,KWT,National,KWTt,Total,2018,94.6,Kuwait,KWT,Kuwait,KWT,6.39165258407593,96.0,,8.88073,,,,52.1134605407715,Kuwait,Kuwait,High
Kyrgyzstan,Asia/Pacific,KGZ,National,KGZt,Total,2018,81.3,Kyrgyzstan,KGZ,Kyrgyz Republic,KGZ,5.55267000198364,,98.945068359375,24.98946,10.64648,100.821829500418,92.4328793827586,39.9152526855469,Kyrgyzstan,Kyrgyzstan,High
Lao,Asia/Pacific,LAO,National,LAOt,Total,2018,73.7,Lao,LAO,Lao PDR,LAO,2.33501219749451,,98.2439804077148,22.33717,18.15412,104.567616524494,66.194380991429,14.5235404968262,Lao PDR,Lao,Upper-Middle
Lebanon,Asia/Pacific,LBN,National,LBNt,Total,2018,,Lebanon,LBN,Lebanon,LBN,2.52722072601318,93.0,,,,,,47.2751083374023,Lebanon,Lebanon,
Lesotho,Africa,LSO,National,LSOt,Total,2018,45.4,Lesotho,LSO,Lesotho,LSO,7.40291881561279,86.2408676147461,,,,100.601681516616,,9.7244701385498,Lesotho,Lesotho,Lower-Middle
Liberia,Africa,LBR,National,LBRt,Total,2018,31.5,Liberia,LBR,Liberia,LBR,2.41389799118042,,,,,,,,Liberia,Liberia,Low
Madagascar,Africa,MDG,National,MDGt,Total,2018,28.6,Madagascar,MDG,Madagascar,MDG,3.04906916618347,77.0,63.1228485107422,39.81169,19.29784,136.93602734389,35.9789156556509,5.32438993453979,Madagascar,Madagascar,Low
Malawi,Africa,MWI,National,MWIt,Total,2018,27.0,Malawi,MWI,Malawi,MWI,3.32295989990234,,,58.67919,72.31002,136.826688640232,38.4567909240723,,Malawi,Malawi,Low
Malaysia,Asia/Pacific,MYS,National,MYSt,Total,2018,,Malaysia,MYS,Malaysia,MYS,4.13194847106934,95.0,92.4092025756836,,11.40208,100.936721310936,79.6654891967773,45.2784156799316,Malaysia,Malaysia,
Maldives,Asia/Pacific,MDV,National,MDVt,Total,2018,86.5,Maldives,MDV,Maldives,MDV,3.85681772232056,,91.4787826538086,,,96.5892360543105,76.4182586669922,,Maldives,Maldives,High
Mali,Africa,MLI,National,MLIt,Total,2018,40.6,Mali,MLI,Mali,MLI,3.55817008018494,35.0,,37.82669,,72.0947494506836,38.9281616210938,4.96651792526245,Mali,Mali,Lower-Middle
Mauritania,Africa,MRT,National,MRTt,Total,2018,43.2,Mauritania,MRT,Mauritania,MRT,,,69.655891418457,34.27814,25.9167,90.3253936767578,35.3903694152832,5.11879014968872,Mauritania,Mauritania,Lower-Middle
Mauritius,Africa,MUS,National,MUSt,Total,2018,,Mauritius,MUS,Mauritius,MUS,4.67447996139526,,95.7337265014648,16.19841,10.9886,96.4494018554688,91.4171371459961,40.4078102111816,Mauritius,Mauritius,
Mexico,America,MEX,National,MEXt,Total,2018,94.7,Mexico,MEX,Mexico,MEX,4.13945007324219,95.0,102.369117736816,,,105.188163757324,105.964653015137,41.6382789611816,Mexico,Mexico,High
Moldova,Europe,MDA,National,MDAt,Total,2018,,Moldova,MDA,Moldova,MDA,5.53887987136841,,101.781578063965,17.92314,9.86318,103.337387084961,95.9159164428711,52.8423118591309,Moldova,Moldova,
Mongolia,Asia/Pacific,MNG,National,MNGt,Total,2018,68.7,Mongolia,MNG,Mongolia,MNG,3.99742722511292,96.8963470458984,97.2026443481445,30.38318,,96.7014588979647,91.1449660838225,65.6492462158203,Mongolia,Mongolia,Upper-Middle
Montenegro,Europe,MNE,National,MNEt,Total,2018,92.2,Montenegro,MNE,Montenegro,MNE,,98.5344009399414,100.53662109375,,,103.264472961426,91.4442672729492,58.1831512451172,Montenegro,Montenegro,High
Morocco,Africa,MAR,National,MARt,Total,2018,,Morocco,MAR,Morocco,MAR,4.96022701263428,,91.3554306030273,26.80065,19.42453,110.367233276367,79.0162582397461,35.6224212646484,Morocco,Morocco,
Mozambique,Africa,MOZ,National,MOZt,Total,2018,28.4,Mozambique,MOZ,Mozambique,MOZ,5.38976001739502,,55.0001602172852,55.27379,,116.089797973633,30.3368650804695,7.45408010482788,Mozambique,Mozambique,Low
Myanmar,Asia/Pacific,MMR,National,MMRt,Total,2018,48.6,Myanmar,MMR,Myanmar,MMR,1.99249005317688,,103.588432312012,24.3599,27.24679,118.851997375488,75.6469802856445,20.3939208984375,Myanmar,Myanmar,Lower-Middle
Namibia,Africa,NAM,National,NAMt,Total,2018,,Namibia,NAM,Namibia,NAM,8.88112258911133,,100.320167541504,25.09173,,134.243888085138,,24.9616394042969,Namibia,Namibia,
Nepal,Asia/Pacific,NPL,National,NPLt,Total,2018,55.5,Nepal,NPL,Nepal,NPL,3.66440558433533,,,,,,,13.006326675415,Nepal,Nepal,Lower-Middle
Nicaragua,America,NIC,National,NICt,Total,2018,,Nicaragua,NIC,Nicaragua,NIC,3.57310891151428,,,,,110.157586683851,,19.3088111877441,Nicaragua,Nicaragua,
Niger,Africa,NER,National,NERt,Total,2018,,Niger,NER,Niger,NER,3.44956994056702,,,,,70.6374789328629,,4.61981010437012,Niger,Niger,
Nigeria,Africa,NGA,National,NGAt,Total,2018,44.3,Nigeria,NGA,Nigeria,NGA,0.419998496770859,62.0160102844238,,,,84.6760635375977,42.1684494018555,11.8107748031616,Nigeria,Nigeria,Lower-Middle
North Macedonia,Europe,MKD,National,MKDt,Total,2018,91.8,North Macedonia,MKD,North Macedonia,MKD,,,94.1602630615234,,,95.5603866577148,83.3533935546875,43.8547897338867,North Macedonia,North Macedonia,High
Pakistan,Asia/Pacific,PAK,National,PAKt,Total,2018,64.0,Pakistan,PAK,Pakistan,PAK,2.33216953277588,57.0,62.0856018066406,44.0773,20.39658,82.0333064173511,37.7495130334641,8.39241695404053,Pakistan,Pakistan,Upper-Middle
Palestine,Asia/Pacific,PSE,National,PSEt,Total,2018,87.0,Palestine,PSE,West Bank and Gaza,PSE,,97.0,95.7985076904297,24.45322,17.33404,96.7478790283203,88.1210632324219,46.4495697021484,West Bank and Gaza,Palestine,High
Panama,America,PAN,National,PANt,Total,2018,,Panama,PAN,Panama,PAN,3.4535698890686,95.0,92.7628326416016,,,98.6910597076946,,,Panama,Panama,
Papua New Guinea,Asia/Pacific,PNG,National,PNGt,Total,2018,28.2,Papua New Guinea,PNG,Papua New Guinea,PNG,1.8748300075531,,,,,109.501403808594,44.4107818603516,,Papua New Guinea,Papua New Guinea,Low
Paraguay,America,PRY,National,PRYt,Total,2018,,Paraguay,PRY,Paraguay,PRY,3.29619598388672,94.0,,,,,,,Paraguay,Paraguay,
Peru,America,PER,National,PERt,Total,2018,,Peru,PER,Peru,PER,3.71392011642456,94.0,89.45751953125,17.38724,14.20042,99.0328979492188,98.6095199584961,,Peru,Peru,
Philippines,Asia/Pacific,PHL,National,PHLt,Total,2018,68.5,Philippines,PHL,Philippines,PHL,3.85502767562866,,110.882186889648,,,98.0921404522994,82.0352410959823,29.428638458252,Philippines,Philippines,Upper-Middle
Rwanda,Africa,RWA,National,RWAt,Total,2018,28.8,Rwanda,RWA,Rwanda,RWA,3.07375001907349,73.0,84.2233428955078,59.50859,28.24773,137.129348754883,41.1796913146973,6.76095008850098,Rwanda,Rwanda,Low
Saint Lucia,America,LCA,National,LCAt,Total,2018,,Saint Lucia,LCA,St. Lucia,LCA,3.33277988433838,,91.5059509277344,14.73909,11.14556,97.9211578369141,89.1981811523438,14.6977701187134,St. Lucia,Saint Lucia,
Samoa,Asia/Pacific,WSM,National,WSMt,Total,2018,83.0,Samoa,WSM,Samoa,WSM,4.26097393035889,,102.861846923828,,,103.6454096001,,13.5642290115356,Samoa,Samoa,High
Sao Tome & Principe,Africa,STP,National,STPt,Total,2018,55.9,Sao Tome & Principe,STP,Sao Tome and Principe,STP,5.62454986572266,,85.1124114990234,,,111.162722328385,83.6495611073599,10.1252269744873,Sao Tome and Principe,Sao Tome & Principe,Lower-Middle
Saudi Arabia,Asia/Pacific,SAU,National,SAUt,Total,2018,,Saudi Arabia,SAU,Saudi Arabia,SAU,,,101.868621826172,13.81495,11.52893,105.431549072266,105.882858276367,74.5258178710938,Saudi Arabia,Saudi Arabia,
Senegal,Africa,SEN,National,SENt,Total,2018,61.1,Senegal,SEN,Senegal,SEN,5.11019992828369,46.6059112548828,,36.31817,,84.3079140292079,,13.0590801239014,Senegal,Senegal,Upper-Middle
Serbia,Europe,SRB,National,SRBt,Total,2018,91.3,Serbia,SRB,Serbia,SRB,3.58231997489929,,98.266227722168,14.2927,7.946,100.457550048828,95.2566604614258,68.3218307495117,Serbia,Serbia,High
Sierra Leone,Africa,SLE,National,SLEt,Total,2018,30.9,Sierra Leone,SLE,Sierra Leone,SLE,6.98962783813477,,80.0164184570312,27.52246,,110.481630730415,41.5716514587402,,Sierra Leone,Sierra Leone,Low
South Africa,Africa,ZAF,National,ZAFt,Total,2018,72.3,South Africa,ZAF,South Africa,ZAF,5.64401006698608,,96.3931732177734,,,101.95011138916,108.520568847656,23.3899803161621,South Africa,South Africa,Upper-Middle
South Sudan,Africa,SSD,National,SSDt,Total,2018,,South Sudan,SSD,South Sudan,SSD,,34.5227584838867,,,,,,1.0021733045578,South Sudan,South Sudan,
Sudan,Africa,SDN,National,SDNt,Total,2018,,Sudan,SDN,Sudan,SDN,,60.6971817016602,66.5688934326172,,,77.7693176269531,48.3620414733887,,Sudan,Sudan,
Suriname,America,SUR,National,SURt,Total,2018,84.7,Suriname,SUR,Suriname,SUR,4.92259359359741,,79.5246276855469,13.39335,,103.715621948242,75.9917297363281,,Suriname,Suriname,High
Tajikistan,Asia/Pacific,TJK,National,TJKt,Total,2018,72.5,Tajikistan,TJK,Tajikistan,TJK,5.38508749008179,,,,,,,,Tajikistan,Tajikistan,Upper-Middle
Tanzania,Africa,TZA,National,TZAt,Total,2018,33.8,Tanzania,TZA,Tanzania,TZA,3.96343588829041,,66.6259689331055,50.63304,20.86254,92.352157760738,28.7732619064766,,Tanzania,Tanzania,Low
Thailand,Asia/Pacific,THA,National,THAt,Total,2018,86.5,Thailand,THA,Thailand,THA,3.19769406318665,94.0,99.1310119628906,16.63844,25.94603,103.213097597504,109.732723814478,46.5399513244629,Thailand,Thailand,High
Timor Leste,Asia/Pacific,TLS,National,TLSt,Total,2018,53.1,Timor Leste,TLS,Timor-Leste,TLS,4.87440967559814,,100.597129821777,26.94886,26.54835,113.750440907682,83.1018888853337,,Timor-Leste,Timor Leste,Lower-Middle
Togo,Africa,TGO,National,TGOt,Total,2018,41.5,Togo,TGO,Togo,TGO,4.09162998199463,,90.1372222900391,40.14504,,121.91487121582,,13.0981397628784,Togo,Togo,Lower-Middle
Tonga,Asia/Pacific,TON,National,TONt,Total,2018,81.9,Tonga,TON,Tonga,TON,4.96945524215698,,,,,116.087775982768,,,Tonga,Tonga,High
Trinidad & Tobago,America,TTO,National,TTOt,Total,2018,88.0,Trinidad & Tobago,TTO,Trinidad and Tobago,TTO,3.64017295837402,,,,,,,,Trinidad and Tobago,Trinidad & Tobago,High
Tunisia,Africa,TUN,National,TUNt,Total,2018,84.7,Tunisia,TUN,Tunisia,TUN,,79.4751129150391,,16.87168,,106.200668334961,,31.1403503417969,Tunisia,Tunisia,High
Turkey,Asia/Pacific,TUR,National,TURt,Total,2018,88.6,Turkiye,TUR,Turkiye,TUR,4.29729986190796,,91.0360870361328,,,100.931251525879,112.115409851074,115.462463378906,Turkiye,Turkiye,High
Turks & Caicos Islands,America,TCA,National,TCAt,Total,2018,85.5,Turks & Caicos Islands,TCA,Turks and Caicos Islands,TCA,2.86723041534424,,152.806655883789,17.69231,10.06957,128.806442260742,95.269436445907,11.3645000457764,Turks and Caicos Islands,Turks & Caicos Islands,High
Tuvalu,Asia/Pacific,TUV,National,TUVt,Total,2018,69.2,Tuvalu,TUV,Tuvalu,TUV,,,94.2307662963867,15.57647,8.64286,96.0115966796875,80.4283599853516,,Tuvalu,Tuvalu,Upper-Middle
Uganda,Africa,UGA,National,UGAt,Total,2018,29.6,Uganda,UGA,Uganda,UGA,2.13052010536194,,,,,,,,Uganda,Uganda,Low
Ukraine,Europe,UKR,National,UKRt,Total,2018,,Ukraine,UKR,Ukraine,UKR,5.3199200630188,,83.9088592529297,12.98011,7.33711,88.572883605957,85.8331909179688,81.4946670532227,Ukraine,Ukraine,
Uruguay,America,URY,National,URYt,Total,2018,,Uruguay,URY,Uruguay,URY,4.60362005233765,99.0,101.573883056641,,,105.275650024414,117.769058227539,60.2781295776367,Uruguay,Uruguay,
Uzbekistan,Asia/Pacific,UZB,National,UZBt,Total,2018,,Uzbekistan,UZB,Uzbekistan,UZB,4.83589315414429,100.0,97.0923080444336,21.50664,,98.2866521653154,94.9465096520158,9.95855522155762,Uzbekistan,Uzbekistan,
Vanuatu,Asia/Pacific,VUT,National,VUTt,Total,2018,46.3,Vanuatu,VUT,Vanuatu,VUT,8.60634708404541,,,,,,,,Vanuatu,Vanuatu,Lower-Middle
Venezuela,America,VEN,National,VENt,Total,2018,,Venezuela,VEN,"Venezuela, RB",VEN,,,,,,95.4673912354309,,,"Venezuela, RB",Venezuela,
Vietnam,Asia/Pacific,VNM,National,VNMt,Total,2018,77.7,Viet Nam,VNM,Viet Nam,VNM,3.14502310752869,,109.570877075195,20.27696,,112.219369315312,90.6353109471527,,Viet Nam,Viet Nam,Upper-Middle
Zambia,Africa,ZMB,National,ZMBt,Total,2018,36.2,Zambia,ZMB,Zambia,ZMB,4.73974990844727,71.1323013305664,,,,97.7707331798513,,,Zambia,Zambia,Lower-Middle
Zimbabwe,Africa,ZWE,National,ZWEt,Total,2018,44.3,Zimbabwe,ZWE,Zimbabwe,ZWE,2.05048990249634,,90.7262496948242,,,97.879271089427,,8.42511940002441,Zimbabwe,Zimbabwe,Lower-Middle
Afghanistan,Asia/Pacific,AFG,National,AFGt,Total,2019,,Afghanistan,AFG,Afghanistan,AFG,,,86.1755218505859,,,110.007507324219,,,Afghanistan,Afghanistan,
Albania,Europe,ALB,National,ALBt,Total,2019,86.4,Albania,ALB,Albania,ALB,3.91623997688293,,98.717529296875,,,102.589538574219,99.0151519775391,61.4085083007812,Albania,Albania,High
Algeria,Africa,DZA,National,DZAt,Total,2019,86.0,Algeria,DZA,Algeria,DZA,5.57536554336548,,99.7298889160156,,,107.775131225586,,54.1856307983398,Algeria,Algeria,High
Angola,Africa,AGO,National,AGOt,Total,2019,45.3,Angola,AGO,Angola,AGO,2.07306432723999,,,,,,,11.0613594055176,Angola,Angola,Lower-Middle
Armenia,Asia/Pacific,ARM,National,ARMt,Total,2019,88.4,Armenia,ARM,Armenia,ARM,2.57191228866577,,97.2270965576172,,,97.3231430053711,93.6171493530273,53.3068199157715,Armenia,Armenia,High
Azerbaijan,Europe,AZE,National,AZEt,Total,2019,79.2,Azerbaijan,AZE,Azerbaijan,AZE,3.1764600276947,100.0,100.383338928223,,,97.9353485107422,107.899871826172,32.9221801757812,Azerbaijan,Azerbaijan,High
Bangladesh,Asia/Pacific,BGD,National,BGDt,Total,2019,49.2,Bangladesh,BGD,Bangladesh,BGD,1.68138802051544,75.0,,,,,67.2209189141778,22.8052139282227,Bangladesh,Bangladesh,Lower-Middle
Barbados,America,BRB,National,BRBt,Total,2019,,Barbados,BRB,Barbados,BRB,4.0863299369812,,82.1641235351562,,,98.8424072265625,106.328201293945,,Barbados,Barbados,
Belarus,Europe,BLR,National,BLRt,Total,2019,86.7,Belarus,BLR,Belarus,BLR,4.97948980331421,100.0,99.1110763549805,,,95.6502075195312,94.9205322265625,80.1720199584961,Belarus,Belarus,High
Belize,America,BLZ,National,BLZt,Total,2019,,Belize,BLZ,Belize,BLZ,5.96499013900757,,102.765281677246,,,112.805587768555,87.3793334960938,25.0688591003418,Belize,Belize,
Benin,Africa,BEN,National,BENt,Total,2019,37.4,Benin,BEN,Benin,BEN,2.96520113945007,,61.7928314208984,,,112.029891967773,,10.7973299026489,Benin,Benin,Lower-Middle
Bhutan,Asia/Pacific,BTN,National,BTNt,Total,2019,,Bhutan,BTN,Bhutan,BTN,4.50982761383057,,75.7329788208008,,,97.9621638115165,,15.9078016281128,Bhutan,Bhutan,
Bolivia,America,BOL,National,BOLt,Total,2019,,Bolivia,BOL,Bolivia,BOL,8.09103965759277,,90.8282089233398,,,98.238639831543,90.0654907226562,,Bolivia,Bolivia,
Bosnia and Herzegovina,Europe,BIH,National,BIHt,Total,2019,,Bosnia and Herzegovina,BIH,Bosnia and Herzegovina,BIH,4.04449987411499,,91.3700790405273,,,90.1631317138672,85.8158111572266,41.597038269043,Bosnia and Herzegovina,Bosnia and Herzegovina,
Botswana,Africa,BWA,National,BWAt,Total,2019,,Botswana,BWA,Botswana,BWA,8.39899635314941,,,,,,,22.9742908477783,Botswana,Botswana,
Brazil,America,BRA,National,BRAt,Total,2019,,Brazil,BRA,Brazil,BRA,5.96346998214722,,,,,107.407470703125,103.953277587891,52.6240615844727,Brazil,Brazil,
Burkina Faso,Africa,BFA,National,BFAt,Total,2019,42.0,Burkina Faso,BFA,Burkina Faso,BFA,5.40713691711426,30.0,61.8211288452148,,,89.9551162719727,40.2732582092285,6.93696022033691,Burkina Faso,Burkina Faso,Lower-Middle
Burundi,Africa,BDI,National,BDIt,Total,2019,22.8,Burundi,BDI,Burundi,BDI,5.34668445587158,,53.330379486084,,,104.938018798828,43.208080291748,4.20048999786377,Burundi,Burundi,Low
Cambodia,Asia/Pacific,KHM,National,KHMt,Total,2019,61.7,Cambodia,KHM,Cambodia,KHM,2.82565474510193,,91.9802093505859,,,111.498481750488,52.3081059868316,16.8353996276855,Cambodia,Cambodia,Upper-Middle
Cameroon,Africa,CMR,National,CMRt,Total,2019,46.1,Cameroon,CMR,Cameroon,CMR,3.04739952087402,,65.4423599243164,,,105.450630187988,44.4228539826159,14.8440399169922,Cameroon,Cameroon,Lower-Middle
Cape Verde,Africa,CPV,National,CPVt,Total,2019,,Cape Verde,CPV,Cabo Verde,CPV,4.16529989242554,,93.7569198608398,,,96.9894180297852,84.1088104248047,,Cabo Verde,Cape Verde,
Central African Republic CAR,Africa,CAF,National,CAFt,Total,2019,16.8,Central African Republic CAR,CAF,Central African Republic,CAF,1.76792073249817,42.4427909851074,,,,,,,Central African Republic,Central African Republic CAR,Low
Chad,Africa,TCD,National,TCDt,Total,2019,21.7,Chad,TCD,Chad,TCD,2.37245798110962,30.6279201507568,,,,86.5310592651367,20.9835300445557,,Chad,Chad,Low
Chili,America,CHL,National,CHLt,Total,2019,,Chili,CHL,Chile,CHL,5.62630987167358,,97.4453201293945,,,101.193206787109,104.405769348145,92.0659713745117,Chile,Chili,
China,Asia/Pacific,CHN,National,CHNt,Total,2019,,China,CHN,China,CHN,4.05939483642578,,,,,98.2354125976562,,57.2754402160645,China,China,
Colombia,America,COL,National,COLt,Total,2019,,Colombia,COL,Colombia,COL,,95.0,103.543678283691,,,109.355506896973,101.989349365234,56.6663017272949,Colombia,Colombia,
Congo Brazzaville,Africa,COG,National,COGt,Total,2019,,Congo Brazzaville,COG,"Congo, Rep.",COG,3.55946898460388,,,,,,,,"Congo, Rep.",Congo Brazzaville,
Costa Rica,America,CRI,National,CRIt,Total,2019,90.7,Costa Rica,CRI,Costa Rica,CRI,6.73808002471924,,96.4939422607422,,,110.891120910645,137.016326904297,54.7189712524414,Costa Rica,Costa Rica,High
Cote d'Ivoire,Africa,CIV,National,CIVt,Total,2019,50.3,Cote d'Ivoire,CIV,Cote d'Ivoire,CIV,3.4130699634552,90.0,73.4945068359375,,,93.5452194213867,52.2111511230469,9.91261005401611,Cote d'Ivoire,Cote d'Ivoire,Lower-Middle
Cuba,America,CUB,National,CUBt,Total,2019,76.9,Cuba,CUB,Cuba,CUB,9.04696941375732,97.6549072265625,90.4958190917969,,,100.981201171875,101.089462280273,43.9937782287598,Cuba,Cuba,Upper-Middle
Djibouti,Africa,DJI,National,DJIt,Total,2019,,Djibouti,DJI,Djibouti,DJI,,,,,26.83286,,,,Djibouti,Djibouti,
Dominican Republic,America,DOM,National,DOMt,Total,2019,79.0,Dominican Republic,DOM,Dominican Republic,DOM,4.04276895523071,,93.9661712646484,,,112.333610534668,81.8562393188477,64.3841323852539,Dominican Republic,Dominican Republic,High
Ecuador,America,ECU,National,ECUt,Total,2019,,Ecuador,ECU,Ecuador,ECU,4.2457799911499,,95.771598815918,,,98.3505783081055,94.7315368652344,47.2627792358398,Ecuador,Ecuador,
Egypt,Africa,EGY,National,EGYt,Total,2019,,"Egypt, Arab Rep.",EGY,"Egypt, Arab Rep.",EGY,,,92.8502197265625,,,97.8171081542969,81.1705169677734,,"Egypt, Arab Rep.","Egypt, Arab Rep.",
El Salvador,America,SLV,National,SLVt,Total,2019,,El Salvador,SLV,El Salvador,SLV,3.38710999488831,89.0,,,,92.2698364257812,66.0821228027344,28.3688907623291,El Salvador,El Salvador,
Equatorial Guinea,Africa,GNQ,National,GNQt,Total,2019,,Equatorial Guinea,GNQ,Equatorial Guinea,GNQ,,,,,,51.1990142354467,,5.37322235107422,Equatorial Guinea,Equatorial Guinea,
Eritrea,Africa,ERI,National,ERIt,Total,2019,,Eritrea,ERI,Eritrea,ERI,,,59.4557113647461,,,72.0364035906047,42.793707262685,,Eritrea,Eritrea,
Eswatini,Africa,SWZ,National,SWZt,Total,2019,59.3,Eswatini,SWZ,Eswatini,SWZ,5.69914817810059,,98.0370101928711,,,120.863037109375,,,Eswatini,Eswatini,Upper-Middle
Ethiopia,Africa,ETH,National,ETHt,Total,2019,23.7,Ethiopia,ETH,Ethiopia,ETH,4.48086929321289,,,,,,,,Ethiopia,Ethiopia,Low
Fiji,Asia/Pacific,FJI,National,FJIt,Total,2019,80.1,Fiji,FJI,Fiji,FJI,5.15273189544678,,102.205642700195,,,111.436157226562,90.682590252231,78.2611541748047,Fiji,Fiji,High
Gabon,Africa,GAB,National,GABt,Total,2019,67.7,Gabon,GAB,Gabon,GAB,2.8743097782135,,72.9149398803711,,,100.589338933297,67.1427777469016,19.6197319030762,Gabon,Gabon,Upper-Middle
Gambia,Africa,GMB,National,GMBt,Total,2019,62.0,Gambia,GMB,"Gambia, The",GMB,2.80809712409973,,68.6075592041016,,,89.3656502823996,,,"Gambia, The",Gambia,Upper-Middle
Georgia,Asia/Pacific,GEO,National,GEOt,Total,2019,84.5,Georgia,GEO,Georgia,GEO,3.82985997200012,,98.4816665649414,,,101.853393554688,111.499992370605,69.0164108276367,Georgia,Georgia,High
Ghana,Africa,GHA,National,GHAt,Total,2019,51.4,Ghana,GHA,Ghana,GHA,3.15307116508484,,,26.99486,15.17269,98.3771896362305,70.6078872680664,17.4338893890381,Ghana,Ghana,Lower-Middle
Guatemala,America,GTM,National,GTMt,Total,2019,,Guatemala,GTM,Guatemala,GTM,3.19297003746033,,80.7314376831055,,,103.427291870117,52.6072883605957,22.6505107879639,Guatemala,Guatemala,
Guinea,Africa,GIN,National,GINt,Total,2019,41.1,Guinea,GIN,Guinea,GIN,1.85812997817993,,56.9965400695801,,,98.1418277224069,37.9919232403293,6.84396314620972,Guinea,Guinea,Lower-Middle
Guinea Bissau,Africa,GNB,National,GNBt,Total,2019,36.2,Guinea Bissau,GNB,Guinea-Bissau,GNB,,54.8823204040527,,,,,,,Guinea-Bissau,Guinea Bissau,Lower-Middle
Guyana,America,GUY,National,GUYt,Total,2019,77.0,Guyana,GUY,Guyana,GUY,,,,,,89.496909887263,,,Guyana,Guyana,Upper-Middle
Haiti,America,HTI,National,HTIt,Total,2019,40.7,Haiti,HTI,Haiti,HTI,1.75941300392151,,,,,,,,Haiti,Haiti,Lower-Middle
Honduras,America,HND,National,HNDt,Total,2019,72.5,Honduras,HND,Honduras,HND,5.93245983123779,89.0,76.8376770019531,,,87.798469543457,64.1083908081055,25.126579284668,Honduras,Honduras,Upper-Middle
India,Asia/Pacific,IND,National,INDt,Total,2019,62.0,India,IND,India,IND,3.89732360839844,,96.3093719482422,,,99.5039236144817,75.5255813598633,29.0233592987061,India,India,Upper-Middle
Indonesia,Asia/Pacific,IDN,National,IDNt,Total,2019,74.4,Indonesia,IDN,Indonesia,IDN,0.964399099349976,,104.611259460449,,,102.597018482181,95.7836905704493,37.925968170166,Indonesia,Indonesia,Upper-Middle
Iran,Asia/Pacific,IRN,National,IRNt,Total,2019,,"Iran, Islamic Rep.",IRN,"Iran, Islamic Rep.",IRN,3.24005007743835,,97.0807571411133,,,106.081970214844,,59.9513702392578,"Iran, Islamic Rep.","Iran, Islamic Rep.",
Jamaica,America,JAM,National,JAMt,Total,2019,80.4,Jamaica,JAM,Jamaica,JAM,5.16364002227783,,89.7446136474609,,,93.3932723999023,87.9186782836914,,Jamaica,Jamaica,High
Jordan,Asia/Pacific,JOR,National,JORt,Total,2019,91.9,Jordan,JOR,Jordan,JOR,2.98847007751465,,96.7685928344727,,,98.8603286743164,89.5104827880859,30.11083984375,Jordan,Jordan,High
Kazakhstan,Asia/Pacific,KAZ,National,KAZt,Total,2019,,Kazakhstan,KAZ,Kazakhstan,KAZ,3.35382127761841,,98.4228668212891,17.21457,7.67993,101.622047101739,101.3594374785,59.5819778442383,Kazakhstan,Kazakhstan,
Kenya,Africa,KEN,National,KENt,Total,2019,44.1,Kenya,KEN,Kenya,KEN,5.37359189987183,,,,,78.8391540273879,,10.5694704055786,Kenya,Kenya,Lower-Middle
Kiribati,Asia/Pacific,KIR,National,KIRt,Total,2019,43.3,Kiribati,KIR,Kiribati,KIR,13.7686548233032,,,,,104.128310837522,,,Kiribati,Kiribati,Lower-Middle
Kuwait,Asia/Pacific,KWT,National,KWTt,Total,2019,,Kuwait,KWT,Kuwait,KWT,6.72789573669434,,,,,,,50.4700584411621,Kuwait,Kuwait,
Kyrgyzstan,Asia/Pacific,KGZ,National,KGZt,Total,2019,82.1,Kyrgyzstan,KGZ,Kyrgyz Republic,KGZ,6.07318115234375,99.5999984741211,102.348487854004,,,99.3771014936944,92.7374435322778,41.5565948486328,Kyrgyzstan,Kyrgyzstan,High
Lao,Asia/Pacific,LAO,National,LAOt,Total,2019,75.7,Lao,LAO,Lao PDR,LAO,2.12201404571533,,93.520378112793,,,102.567723319927,64.9903165535712,13.7658739089966,Lao PDR,Lao,Upper-Middle
Lebanon,Asia/Pacific,LBN,National,LBNt,Total,2019,,Lebanon,LBN,Lebanon,LBN,2.60026550292969,,,,,,,50.3490180969238,Lebanon,Lebanon,
Lesotho,Africa,LSO,National,LSOt,Total,2019,46.1,Lesotho,LSO,Lesotho,LSO,7.19406890869141,,82.8508071899414,,,96.0932696538521,,,Lesotho,Lesotho,Lower-Middle
Liberia,Africa,LBR,National,LBRt,Total,2019,32.1,Liberia,LBR,Liberia,LBR,2.16508197784424,,,,,,,,Liberia,Liberia,Low
Madagascar,Africa,MDG,National,MDGt,Total,2019,28.6,Madagascar,MDG,Madagascar,MDG,3.01338386535645,,60.7599449157715,,,129.22580991302,33.9341493314188,5.53402996063232,Madagascar,Madagascar,Low
Malawi,Africa,MWI,National,MWIt,Total,2019,27.4,Malawi,MWI,Malawi,MWI,,,76.2936706542969,,,139.56596352888,35.0998992919922,,Malawi,Malawi,Low
Malaysia,Asia/Pacific,MYS,National,MYSt,Total,2019,,Malaysia,MYS,Malaysia,MYS,3.97953963279724,95.0,93.6540908813477,,,101.383613987303,80.5930786132812,43.1977157592773,Malaysia,Malaysia,
Maldives,Asia/Pacific,MDV,National,MDVt,Total,2019,87.2,Maldives,MDV,Maldives,MDV,4.12356948852539,98.2118606567383,91.7524185180664,,,97.1278500186886,70.7690811157227,51.3613624572754,Maldives,Maldives,High
Mali,Africa,MLI,National,MLIt,Total,2019,42.1,Mali,MLI,Mali,MLI,3.55504989624023,,,,,,,4.73440647125244,Mali,Mali,Lower-Middle
Mauritania,Africa,MRT,National,MRTt,Total,2019,44.1,Mauritania,MRT,Mauritania,MRT,1.82317996025085,,66.2812194824219,,,90.7190322875977,37.4504814147949,5.8698902130127,Mauritania,Mauritania,Lower-Middle
Mauritius,Africa,MUS,National,MUSt,Total,2019,,Mauritius,MUS,Mauritius,MUS,4.54195022583008,,92.6466064453125,,,95.4230804443359,93.135498046875,42.9878692626953,Mauritius,Mauritius,
Mexico,America,MEX,National,MEXt,Total,2019,99.9,Mexico,MEX,Mexico,MEX,,,102.47265625,,,105.095039367676,105.515609741211,43.0441398620605,Mexico,Mexico,High
Moldova,Europe,MDA,National,MDAt,Total,2019,,Moldova,MDA,Moldova,MDA,6.22576999664307,,102.427383422852,,,105.074920654297,95.6507568359375,54.7812004089355,Moldova,Moldova,
Mongolia,Asia/Pacific,MNG,National,MNGt,Total,2019,70.0,Mongolia,MNG,Mongolia,MNG,3.65236973762512,,96.7022552490234,,,96.0952445320788,89.1558423616889,67.6281585693359,Mongolia,Mongolia,Upper-Middle
Montenegro,Europe,MNE,National,MNEt,Total,2019,92.4,Montenegro,MNE,Montenegro,MNE,,,98.6865615844727,,,103.651741027832,91.84033203125,56.2633209228516,Montenegro,Montenegro,High
Morocco,Africa,MAR,National,MARt,Total,2019,,Morocco,MAR,Morocco,MAR,5.00325679779053,,94.3192291259766,,,111.516250610352,80.1277923583984,38.0248603820801,Morocco,Morocco,
Mozambique,Africa,MOZ,National,MOZt,Total,2019,29.1,Mozambique,MOZ,Mozambique,MOZ,6.2863941192627,,58.0135307312012,,,119.065986633301,31.9430628028609,7.30147504806519,Mozambique,Mozambique,Low
Myanmar,Asia/Pacific,MMR,National,MMRt,Total,2019,48.6,Myanmar,MMR,Myanmar,MMR,1.99976003170013,89.0,,,,,,,Myanmar,Myanmar,Lower-Middle
Namibia,Africa,NAM,National,NAMt,Total,2019,,Namibia,NAM,Namibia,NAM,9.32253170013428,,,,,135.136432340696,,27.7483100891113,Namibia,Namibia,
Nepal,Asia/Pacific,NPL,National,NPLt,Total,2019,57.4,Nepal,NPL,Nepal,NPL,3.48568081855774,68.7125015258789,118.210510253906,19.74396,28.2567,136.665664672852,79.3168182373047,13.9224119186401,Nepal,Nepal,Upper-Middle
Nicaragua,America,NIC,National,NICt,Total,2019,,Nicaragua,NIC,Nicaragua,NIC,4.59991979598999,,,,,108.948521317655,,17.767614364624,Nicaragua,Nicaragua,
Niger,Africa,NER,National,NERt,Total,2019,,Niger,NER,Niger,NER,3.52622723579407,,65.3655014038086,,,69.7781677246094,,4.43339014053345,Niger,Niger,
Nigeria,Africa,NGA,National,NGAt,Total,2019,44.9,Nigeria,NGA,Nigeria,NGA,0.358478993177414,,,,,83.2573913283786,,,Nigeria,Nigeria,Lower-Middle
North Macedonia,Europe,MKD,National,MKDt,Total,2019,92.1,North Macedonia,MKD,North Macedonia,MKD,,,91.1494674682617,,,93.6538467407227,82.5312805175781,43.1991004943848,North Macedonia,North Macedonia,High
Pakistan,Asia/Pacific,PAK,National,PAKt,Total,2019,64.8,Pakistan,PAK,Pakistan,PAK,2.21491765975952,58.0,63.4986953735352,,,83.1845752333307,39.6166540049859,11.3472347259521,Pakistan,Pakistan,Upper-Middle
Palestine,Asia/Pacific,PSE,National,PSEt,Total,2019,87.4,Palestine,PSE,West Bank and Gaza,PSE,,97.0,95.0270767211914,,,96.0624237060547,88.8878326416016,45.3549118041992,West Bank and Gaza,Palestine,High
Panama,America,PAN,National,PANt,Total,2019,,Panama,PAN,Panama,PAN,3.09329414367676,96.0,86.4623336791992,,,93.0783233642578,,,Panama,Panama,
Papua New Guinea,Asia/Pacific,PNG,National,PNGt,Total,2019,28.2,Papua New Guinea,PNG,Papua New Guinea,PNG,0.736999988555908,,,,,,,,Papua New Guinea,Papua New Guinea,Low
Paraguay,America,PRY,National,PRYt,Total,2019,,Paraguay,PRY,Paraguay,PRY,3.48983025550842,93.0,,,,89.8882085878874,75.856393842696,,Paraguay,Paraguay,
Peru,America,PER,National,PERt,Total,2019,,Peru,PER,Peru,PER,3.822429895401,,91.0660781860352,,,102.486122131348,97.7029800415039,,Peru,Peru,
Philippines,Asia/Pacific,PHL,National,PHLt,Total,2019,68.3,Philippines,PHL,Philippines,PHL,3.40748643875122,96.0,101.023818969727,,,95.9793329033507,87.5707840643522,31.2367649078369,Philippines,Philippines,Upper-Middle
Rwanda,Africa,RWA,National,RWAt,Total,2019,30.3,Rwanda,RWA,Rwanda,RWA,3.23868060112,,95.9773025512695,,,138.020080566406,44.0778999328613,6.31429004669189,Rwanda,Rwanda,Low
Saint Lucia,America,LCA,National,LCAt,Total,2019,,Saint Lucia,LCA,St. Lucia,LCA,3.27267003059387,,92.8542098999023,,,98.7415771484375,88.8767623901367,16.0102691650391,St. Lucia,Saint Lucia,
Samoa,Asia/Pacific,WSM,National,WSMt,Total,2019,83.0,Samoa,WSM,Samoa,WSM,4.39581727981567,97.9902572631836,104.079582214355,,,103.963011889036,,13.1230764389038,Samoa,Samoa,High
Sao Tome & Principe,Africa,STP,National,STPt,Total,2019,57.1,Sao Tome & Principe,STP,Sao Tome and Principe,STP,5.89931058883667,87.4384613037109,87.9679641723633,,,111.996418979409,78.3800561981311,10.2885818481445,Sao Tome and Principe,Sao Tome & Principe,Lower-Middle
Saudi Arabia,Asia/Pacific,SAU,National,SAUt,Total,2019,,Saudi Arabia,SAU,Saudi Arabia,SAU,,,98.5084915161133,,,103.157783508301,104.450019836426,79.6130676269531,Saudi Arabia,Saudi Arabia,
Senegal,Africa,SEN,National,SENt,Total,2019,60.3,Senegal,SEN,Senegal,SEN,5.03527021408081,46.8336715698242,61.5962104797363,,,83.3581314086914,45.9415283203125,13.3833703994751,Senegal,Senegal,Upper-Middle
Serbia,Europe,SRB,National,SRBt,Total,2019,91.3,Serbia,SRB,Serbia,SRB,3.61647009849548,99.0,98.3631286621094,,,99.6345596313477,94.5711975097656,69.0413818359375,Serbia,Serbia,High
Sierra Leone,Africa,SLE,National,SLEt,Total,2019,31.4,Sierra Leone,SLE,Sierra Leone,SLE,7.44701194763184,43.5777816772461,81.6615905761719,,,140.367702793133,58.9547309875488,,Sierra Leone,Sierra Leone,Low
South Africa,Africa,ZAF,National,ZAFt,Total,2019,72.7,South Africa,ZAF,South Africa,ZAF,5.91158008575439,95.0,96.6361312866211,,,101.256492614746,111.206802368164,24.0192794799805,South Africa,South Africa,Upper-Middle
Suriname,America,SUR,National,SURt,Total,2019,85.2,Suriname,SUR,Suriname,SUR,6.77857303619385,,83.6453323364258,,,103.424762960227,,,Suriname,Suriname,High
Tajikistan,Asia/Pacific,TJK,National,TJKt,Total,2019,73.4,Tajikistan,TJK,Tajikistan,TJK,5.48427629470825,,,,,,,,Tajikistan,Tajikistan,Upper-Middle
Tanzania,Africa,TZA,National,TZAt,Total,2019,35.0,Tanzania,TZA,Tanzania,TZA,3.59683632850647,,63.5915222167969,,,94.7817458384636,30.1566095935996,3.02422857284546,Tanzania,Tanzania,Low
Thailand,Asia/Pacific,THA,National,THAt,Total,2019,87.0,Thailand,THA,Thailand,THA,3.02221417427063,91.2691497802734,101.062812805176,,,104.036198306507,109.378743181915,45.4407386779785,Thailand,Thailand,High
Timor Leste,Asia/Pacific,TLS,National,TLSt,Total,2019,55.2,Timor Leste,TLS,Timor-Leste,TLS,4.17968893051147,,102.624504089355,,,111.470073843762,85.3166561114629,,Timor-Leste,Timor Leste,Lower-Middle
Togo,Africa,TGO,National,TGOt,Total,2019,42.4,Togo,TGO,Togo,TGO,4.20166826248169,67.0,86.7020111083984,,,121.971061706543,,13.3234195709229,Togo,Togo,Lower-Middle
Tonga,Asia/Pacific,TON,National,TONt,Total,2019,81.9,Tonga,TON,Tonga,TON,5.27322959899902,91.0516204833984,,,,113.312034078807,96.0933090863485,,Tonga,Tonga,High
Trinidad & Tobago,America,TTO,National,TTOt,Total,2019,88.2,Trinidad & Tobago,TTO,Trinidad and Tobago,TTO,3.54284954071045,,,,,,,,Trinidad and Tobago,Trinidad & Tobago,High
Tunisia,Africa,TUN,National,TUNt,Total,2019,85.0,Tunisia,TUN,Tunisia,TUN,6.1737322807312,81.0,,,,,,31.8208293914795,Tunisia,Tunisia,High
Turkey,Asia/Pacific,TUR,National,TURt,Total,2019,88.8,Turkiye,TUR,Turkiye,TUR,4.44776010513306,97.0,96.6259918212891,,,103.962959289551,111.910400390625,117.005470275879,Turkiye,Turkiye,High
Turkmenistan,Asia/Pacific,TKM,National,TKMt,Total,2019,83.4,Turkmenistan,TKM,Turkmenistan,TKM,3.12054991722107,,,,,107.702331542969,85.9027862548828,12.9755001068115,Turkmenistan,Turkmenistan,High
Turks & Caicos Islands,America,TCA,National,TCAt,Total,2019,85.5,Turks & Caicos Islands,TCA,Turks and Caicos Islands,TCA,3.02971601486206,,,,,119.490045406916,91.0927835051546,11.7602996826172,Turks and Caicos Islands,Turks & Caicos Islands,High
Tuvalu,Asia/Pacific,TUV,National,TUVt,Total,2019,69.2,Tuvalu,TUV,Tuvalu,TUV,,,89.7674407958984,,,94.2307662963867,81.1111068725586,,Tuvalu,Tuvalu,Upper-Middle
Uganda,Africa,UGA,National,UGAt,Total,2019,30.1,Uganda,UGA,Uganda,UGA,2.30828070640564,,,,,,,,Uganda,Uganda,Low
Ukraine,Europe,UKR,National,UKRt,Total,2019,,Ukraine,UKR,Ukraine,UKR,5.44129991531372,,89.0533981323242,,,90.6809692382812,84.4568328857422,84.4813613891602,Ukraine,Ukraine,
Uruguay,America,URY,National,URYt,Total,2019,,Uruguay,URY,Uruguay,URY,4.62833976745605,99.0,,,,104.354148864746,119.848533630371,61.9644317626953,Uruguay,Uruguay,
Uzbekistan,Asia/Pacific,UZB,National,UZBt,Total,2019,,Uzbekistan,UZB,Uzbekistan,UZB,6.29534673690796,100.0,96.6936569213867,,,98.2569298360836,96.2074737548828,12.4469442367554,Uzbekistan,Uzbekistan,
Vanuatu,Asia/Pacific,VUT,National,VUTt,Total,2019,46.8,Vanuatu,VUT,Vanuatu,VUT,1.77407002449036,,95.0884094238281,,,115.599232375208,,,Vanuatu,Vanuatu,Lower-Middle
Vietnam,Asia/Pacific,VNM,National,VNMt,Total,2019,78.7,Viet Nam,VNM,Viet Nam,VNM,3.08499836921692,96.0,,,,117.423350297811,93.1537784411482,28.506929397583,Viet Nam,Viet Nam,High
Zambia,Africa,ZMB,National,ZMBt,Total,2019,36.4,Zambia,ZMB,Zambia,ZMB,4.41824007034302,,,,,96.2491679442168,,,Zambia,Zambia,Lower-Middle
Zimbabwe,Africa,ZWE,National,ZWEt,Total,2019,44.1,Zimbabwe,ZWE,Zimbabwe,ZWE,,93.2275466918945,90.2321548461914,,,97.4766143857125,,9.99564361572266,Zimbabwe,Zimbabwe,Lower-Middle
Afghanistan,Asia/Pacific,AFG,National,AFGt,Total,2020,,Afghanistan,AFG,Afghanistan,AFG,,,,,,,,10.8584403991699,Afghanistan,Afghanistan,
Albania,Europe,ALB,National,ALBt,Total,2020,86.5,Albania,ALB,Albania,ALB,3.3422999382019,,99.2719268798828,,,100.020973205566,95.9294509887695,61.5853004455566,Albania,Albania,High
Algeria,Africa,DZA,National,DZAt,Total,2020,85.8,Algeria,DZA,Algeria,DZA,6.1939172744751,,102.240936279297,,,110.33056640625,,53.6140289306641,Algeria,Algeria,High
Angola,Africa,AGO,National,AGOt,Total,2020,,Angola,AGO,Angola,AGO,2.6674473285675,,,,,,,,Angola,Angola,
Armenia,Asia/Pacific,ARM,National,ARMt,Total,2020,,Armenia,ARM,Armenia,ARM,2.70555996894836,100.0,101.986747741699,,,96.6205673217773,94.89111328125,53.3061294555664,Armenia,Armenia,
Azerbaijan,Europe,AZE,National,AZEt,Total,2020,80.2,Azerbaijan,AZE,Azerbaijan,AZE,4.33204984664917,,98.5337295532227,,,98.2360687255859,91.3968963623047,36.3854713439941,Azerbaijan,Azerbaijan,High
Bangladesh,Asia/Pacific,BGD,National,BGDt,Total,2020,50.5,Bangladesh,BGD,Bangladesh,BGD,1.76528060436249,75.0,,,,118.429237365723,69.0135708627668,22.538854598999,Bangladesh,Bangladesh,Lower-Middle
Barbados,America,BRB,National,BRBt,Total,2020,,Barbados,BRB,Barbados,BRB,4.16860008239746,,94.0690002441406,,,99.529296875,104.71501159668,,Barbados,Barbados,
Belarus,Europe,BLR,National,BLRt,Total,2020,87.3,Belarus,BLR,Belarus,BLR,4.86263990402222,,95.6100616455078,,,94.4190673828125,95.0074691772461,76.8908920288086,Belarus,Belarus,High
Belize,America,BLZ,National,BLZt,Total,2020,,Belize,BLZ,Belize,BLZ,5.2163200378418,,105.195671081543,,,110.308288574219,85.9464797973633,25.7016506195068,Belize,Belize,
Benin,Africa,BEN,National,BENt,Total,2020,38.3,Benin,BEN,Benin,BEN,3.09441518783569,,60.2596817016602,,,109.148918151855,45.7407913208008,10.8024797439575,Benin,Benin,Lower-Middle
Bhutan,Asia/Pacific,BTN,National,BTNt,Total,2020,,Bhutan,BTN,Bhutan,BTN,5.54341268539429,,82.713996887207,,,103.800831156233,,16.850284576416,Bhutan,Bhutan,
Bolivia,America,BOL,National,BOLt,Total,2020,,Bolivia,BOL,Bolivia,BOL,8.43710994720459,94.0,92.1121826171875,,,98.6972885131836,90.0048294067383,,Bolivia,Bolivia,
Bosnia and Herzegovina,Europe,BIH,National,BIHt,Total,2020,,Bosnia and Herzegovina,BIH,Bosnia and Herzegovina,BIH,3.01954078674316,,90.1913833618164,,,88.8544692993164,85.2992401123047,40.8813400268555,Bosnia and Herzegovina,Bosnia and Herzegovina,
Botswana,Africa,BWA,National,BWAt,Total,2020,,Botswana,BWA,Botswana,BWA,8.05833625793457,,,,,,,24.0127906799316,Botswana,Botswana,
Brazil,America,BRA,National,BRAt,Total,2020,,Brazil,BRA,Brazil,BRA,5.77150011062622,,,,,105.498199462891,104.125999450684,54.5727996826172,Brazil,Brazil,
Burkina Faso,Africa,BFA,National,BFAt,Total,2020,43.4,Burkina Faso,BFA,Burkina Faso,BFA,5.15086507797241,,62.0456809997559,,,87.8472290039062,39.4295806884766,7.6837100982666,Burkina Faso,Burkina Faso,Lower-Middle
Burundi,Africa,BDI,National,BDIt,Total,2020,23.4,Burundi,BDI,Burundi,BDI,5.32158517837524,,49.1959190368652,,,105.158096313477,46.391471862793,5.22371053695679,Burundi,Burundi,Low
Cambodia,Asia/Pacific,KHM,National,KHMt,Total,2020,63.6,Cambodia,KHM,Cambodia,KHM,3.0023500919342,,94.9092788696289,,,111.00936126709,54.835750579834,14.4409313201904,Cambodia,Cambodia,Upper-Middle
Cameroon,Africa,CMR,National,CMRt,Total,2020,46.9,Cameroon,CMR,Cameroon,CMR,3.10390138626099,78.2300033569336,66.4576873779297,,,107.264663328186,45.259028706221,15.3162603378296,Cameroon,Cameroon,Lower-Middle
Cape Verde,Africa,CPV,National,CPVt,Total,2020,,Cape Verde,CPV,Cabo Verde,CPV,,,85.5104904174805,,,95.9991912841797,87.3078079223633,,Cabo Verde,Cape Verde,
Central African Republic CAR,Africa,CAF,National,CAFt,Total,2020,16.7,Central African Republic CAR,CAF,Central African Republic,CAF,2.14468050003052,37.4900016784668,,,,,,,Central African Republic,Central African Republic CAR,Low
Chad,Africa,TCD,National,TCDt,Total,2020,22.4,Chad,TCD,Chad,TCD,2.73960399627686,,,,,,,4.53319978713989,Chad,Chad,Low
Chili,America,CHL,National,CHLt,Total,2020,,Chili,CHL,Chile,CHL,5.62993001937866,,97.9685821533203,,,99.7043991088867,103.691688537598,89.1124877929688,Chile,Chili,
China,Asia/Pacific,CHN,National,CHNt,Total,2020,,China,CHN,China,CHN,4.2333812713623,97.0,,,,99.0244293212891,,62.2367782592773,China,China,
Colombia,America,COL,National,COLt,Total,2020,,Colombia,COL,Colombia,COL,,96.0,99.6276016235352,,,107.083686828613,101.499450683594,55.7331085205078,Colombia,Colombia,
Comoros,Africa,COM,National,COMt,Total,2020,57.3,Comoros,COM,Comoros,COM,2.37805080413818,,,,,,,,Comoros,Comoros,Upper-Middle
Congo Brazzaville,Africa,COG,National,COGt,Total,2020,,Congo Brazzaville,COG,"Congo, Rep.",COG,4.61901378631592,,,,,,,,"Congo, Rep.",Congo Brazzaville,
Congo Democratic Republic,Africa,COD,National,CODt,Total,2020,27.1,Congo Democratic Republic,COD,"Congo, Dem. Rep.",COD,2.622638463974,,78.7289962768555,,,118.195663452148,,6.66692018508911,"Congo, Dem. Rep.",Congo Democratic Republic,Low
Costa Rica,America,CRI,National,CRIt,Total,2020,91.0,Costa Rica,CRI,Costa Rica,CRI,6.62898015975952,,96.7528686523438,,,109.79963684082,135.900039672852,,Costa Rica,Costa Rica,High
Cote d'Ivoire,Africa,CIV,National,CIVt,Total,2020,51.1,Cote d'Ivoire,CIV,Cote d'Ivoire,CIV,3.78674006462097,,75.5859832763672,,,94.1609115600586,54.652530670166,9.77698040008545,Cote d'Ivoire,Cote d'Ivoire,Lower-Middle
Cuba,America,CUB,National,CUBt,Total,2020,76.9,Cuba,CUB,Cuba,CUB,,,94.6259384155273,,,101.090461730957,102.037956237793,45.9299087524414,Cuba,Cuba,Upper-Middle
Dominican Republic,America,DOM,National,DOMt,Total,2020,79.3,Dominican Republic,DOM,Dominican Republic,DOM,4.51769828796387,,97.0056610107422,,,105.925239562988,80.0444107055664,58.7264099121094,Dominican Republic,Dominican Republic,High
Ecuador,America,ECU,National,ECUt,Total,2020,,Ecuador,ECU,Ecuador,ECU,4.26103019714355,94.0,95.3761825561523,,,98.1471405029297,94.6894073486328,56.9066314697266,Ecuador,Ecuador,
Egypt,Africa,EGY,National,EGYt,Total,2020,,"Egypt, Arab Rep.",EGY,"Egypt, Arab Rep.",EGY,,,96.5726165771484,,,98.8963928222656,83.1626281738281,40.012939453125,"Egypt, Arab Rep.","Egypt, Arab Rep.",
El Salvador,America,SLV,National,SLVt,Total,2020,,El Salvador,SLV,El Salvador,SLV,3.66088008880615,90.0,83.1518020629883,,,90.9966583251953,66.2030334472656,30.8192100524902,El Salvador,El Salvador,
Eswatini,Africa,SWZ,National,SWZt,Total,2020,60.1,Eswatini,SWZ,Eswatini,SWZ,5.36010456085205,89.2799987792969,,,,,,,Eswatini,Eswatini,Upper-Middle
Ethiopia,Africa,ETH,National,ETHt,Total,2020,24.8,Ethiopia,ETH,Ethiopia,ETH,4.09056520462036,,64.0929565429688,,,114.557322752629,,,Ethiopia,Ethiopia,Low
Fiji,Asia/Pacific,FJI,National,FJIt,Total,2020,80.9,Fiji,FJI,Fiji,FJI,5.80519533157349,,99.6302719116211,,,108.689758300781,90.1190414428711,84.2023696899414,Fiji,Fiji,High
Gabon,Africa,GAB,National,GABt,Total,2020,68.2,Gabon,GAB,Gabon,GAB,3.39874076843262,,,,,,,,Gabon,Gabon,Upper-Middle
Gambia,Africa,GMB,National,GMBt,Total,2020,63.4,Gambia,GMB,"Gambia, The",GMB,2.88734579086304,,71.6708374023438,,,91.4117934346547,,,"Gambia, The",Gambia,Upper-Middle
Georgia,Asia/Pacific,GEO,National,GEOt,Total,2020,85.7,Georgia,GEO,Georgia,GEO,3.8498592376709,,95.0958023071289,,,101.76244354248,107.726676940918,71.3107528686523,Georgia,Georgia,High
Ghana,Africa,GHA,National,GHAt,Total,2020,51.9,Ghana,GHA,Ghana,GHA,3.40915989875793,80.379997253418,,,,96.8718109130859,73.2740478515625,18.6487197875977,Ghana,Ghana,Lower-Middle
Guatemala,America,GTM,National,GTMt,Total,2020,,Guatemala,GTM,Guatemala,GTM,3.29503011703491,,81.3348617553711,,,102.135482788086,51.9058113098145,18.6944980621338,Guatemala,Guatemala,
Guinea,Africa,GIN,National,GINt,Total,2020,41.8,Guinea,GIN,Guinea,GIN,2.43267011642456,,60.7978096008301,,,101.725708007812,37.3931079993499,5.77144193649292,Guinea,Guinea,Lower-Middle
Guyana,America,GUY,National,GUYt,Total,2020,76.7,Guyana,GUY,Guyana,GUY,,85.6383514404297,,,,99.12451171875,85.2426528930664,,Guyana,Guyana,Upper-Middle
Haiti,America,HTI,National,HTIt,Total,2020,41.7,Haiti,HTI,Haiti,HTI,1.371013879776,,,,,,,,Haiti,Haiti,Lower-Middle
Honduras,America,HND,National,HNDt,Total,2020,73.5,Honduras,HND,Honduras,HND,5.97629117965698,,77.2245712280273,,,86.3398132324219,56.8269882202148,22.7773380279541,Honduras,Honduras,Upper-Middle
India,Asia/Pacific,IND,National,INDt,Total,2020,64.2,India,IND,India,IND,4.04014158248901,,98.1042175292969,,,101.291253449929,77.6271551845716,29.8196392059326,India,India,Upper-Middle
Indonesia,Asia/Pacific,IDN,National,IDNt,Total,2020,75.8,Indonesia,IDN,Indonesia,IDN,1.01593220233917,96.0,103.142936706543,,,102.437991856992,98.0443013603661,38.6503868103027,Indonesia,Indonesia,Upper-Middle
Iran,Asia/Pacific,IRN,National,IRNt,Total,2020,,"Iran, Islamic Rep.",IRN,"Iran, Islamic Rep.",IRN,3.20495009422302,,98.0490036010742,,,104.484008789062,87.0725479125977,57.3403282165527,"Iran, Islamic Rep.","Iran, Islamic Rep.",
Jamaica,America,JAM,National,JAMt,Total,2020,81.0,Jamaica,JAM,Jamaica,JAM,5.61749505996704,,79.7702407836914,,,89.8730773925781,85.1645812988281,,Jamaica,Jamaica,High
Jordan,Asia/Pacific,JOR,National,JORt,Total,2020,91.6,Jordan,JOR,Jordan,JOR,,,97.6501312255859,,,98.9605331420898,90.1993026733398,30.2879695892334,Jordan,Jordan,High
Kazakhstan,Asia/Pacific,KAZ,National,KAZt,Total,2020,,Kazakhstan,KAZ,Kazakhstan,KAZ,4.44620370864868,99.8000030517578,100.877517700195,,,101.783714223634,94.3694359734055,64.8498611450195,Kazakhstan,Kazakhstan,
Kenya,Africa,KEN,National,KENt,Total,2020,45.1,Kenya,KEN,Kenya,KEN,5.04574871063232,,,,,,,,Kenya,Kenya,Lower-Middle
Kiribati,Asia/Pacific,KIR,National,KIRt,Total,2020,43.3,Kiribati,KIR,Kiribati,KIR,,,95.5595703125,,,102.699867248535,,,Kiribati,Kiribati,Lower-Middle
Kuwait,Asia/Pacific,KWT,National,KWTt,Total,2020,,Kuwait,KWT,Kuwait,KWT,6.24513053894043,96.0,,,,,,53.7298583984375,Kuwait,Kuwait,
Kyrgyzstan,Asia/Pacific,KGZ,National,KGZt,Total,2020,83.0,Kyrgyzstan,KGZ,Kyrgyz Republic,KGZ,6.61971664428711,,100.922096252441,,,97.0541207311257,93.41607905675,45.9235610961914,Kyrgyzstan,Kyrgyzstan,High
Lao,Asia/Pacific,LAO,National,LAOt,Total,2020,77.8,Lao,LAO,Lao PDR,LAO,1.91597270965576,,90.9710693359375,,,101.18915208055,62.4285213803305,12.5843343734741,Lao PDR,Lao,Upper-Middle
Lebanon,Asia/Pacific,LBN,National,LBNt,Total,2020,,Lebanon,LBN,Lebanon,LBN,1.66996812820435,,,,,,,51.6985816955566,Lebanon,Lebanon,
Lesotho,Africa,LSO,National,LSOt,Total,2020,46.8,Lesotho,LSO,Lesotho,LSO,6.99799251556396,,76.1884078979492,,,92.6714097194331,,,Lesotho,Lesotho,Lower-Middle
Liberia,Africa,LBR,National,LBRt,Total,2020,32.6,Liberia,LBR,Liberia,LBR,2.13601422309875,,,,,72.9198522298742,37.8051300048828,,Liberia,Liberia,Low
Madagascar,Africa,MDG,National,MDGt,Total,2020,28.6,Madagascar,MDG,Madagascar,MDG,3.25443387031555,,59.1633987426758,,,131.206614086507,,5.67685985565186,Madagascar,Madagascar,Low
Malawi,Africa,MWI,National,MWIt,Total,2020,27.8,Malawi,MWI,Malawi,MWI,,70.1522674560547,,,,136.815766207307,,,Malawi,Malawi,Low
Malaysia,Asia/Pacific,MYS,National,MYSt,Total,2020,,Malaysia,MYS,Malaysia,MYS,4.51888704299927,,100.255210876465,,,101.867428878938,78.5830993652344,42.4097671508789,Malaysia,Malaysia,
Maldives,Asia/Pacific,MDV,National,MDVt,Total,2020,87.9,Maldives,MDV,Maldives,MDV,5.84760808944702,,,,,97.8304501576986,,28.3089008331299,Maldives,Maldives,High
Mali,Africa,MLI,National,MLIt,Total,2020,43.5,Mali,MLI,Mali,MLI,3.95445990562439,31.0,,,,74.6229097090378,,,Mali,Mali,Lower-Middle
Mauritania,Africa,MRT,National,MRTt,Total,2020,45.1,Mauritania,MRT,Mauritania,MRT,1.802649974823,59.5296592712402,,,,86.6899032592773,35.8889999389648,5.95125007629395,Mauritania,Mauritania,Lower-Middle
Mauritius,Africa,MUS,National,MUSt,Total,2020,,Mauritius,MUS,Mauritius,MUS,4.35243988037109,,92.6865234375,,,95.0063934326172,89.5019989013672,42.537841796875,Mauritius,Mauritius,
Mexico,America,MEX,National,MEXt,Total,2020,,Mexico,MEX,Mexico,MEX,4.50059986114502,95.0,102.597717285156,,,104.517730712891,102.58154296875,45.1654510498047,Mexico,Mexico,
Moldova,Europe,MDA,National,MDAt,Total,2020,,Moldova,MDA,Moldova,MDA,6.6012601852417,,104.137680053711,,,106.519981384277,96.17333984375,56.2498207092285,Moldova,Moldova,
Mongolia,Asia/Pacific,MNG,National,MNGt,Total,2020,71.3,Mongolia,MNG,Mongolia,MNG,4.66345500946045,99.0,97.0319900512695,,,95.1245852940768,95.9892657742893,64.5476303100586,Mongolia,Mongolia,Upper-Middle
Montenegro,Europe,MNE,National,MNEt,Total,2020,92.7,Montenegro,MNE,Montenegro,MNE,,,101.628753662109,,,103.846572875977,92.3578720092773,58.0944709777832,Montenegro,Montenegro,High
Morocco,Africa,MAR,National,MARt,Total,2020,,Morocco,MAR,Morocco,MAR,6.28428268432617,,96.9155807495117,,,112.553207397461,81.3967819213867,40.02001953125,Morocco,Morocco,
Mozambique,Africa,MOZ,National,MOZt,Total,2020,29.8,Mozambique,MOZ,Mozambique,MOZ,6.64256286621094,60.0,61.5411491394043,,,120.161659240723,41.2977552767328,,Mozambique,Mozambique,Low
Namibia,Africa,NAM,National,NAMt,Total,2020,,Namibia,NAM,Namibia,NAM,9.27799892425537,,,,,133.689566642952,,28.3682403564453,Namibia,Namibia,
Nepal,Asia/Pacific,NPL,National,NPLt,Total,2020,58.4,Nepal,NPL,Nepal,NPL,4.21106672286987,,,,,121.186683654785,84.5885009765625,13.9312324523926,Nepal,Nepal,Upper-Middle
Nicaragua,America,NIC,National,NICt,Total,2020,,Nicaragua,NIC,Nicaragua,NIC,4.58156108856201,,,,,107.901498431305,,18.6855163574219,Nicaragua,Nicaragua,
Niger,Africa,NER,National,NERt,Total,2020,,Niger,NER,Niger,NER,3.81920099258423,,53.8511238098145,,,73.0442861348308,,4.59342241287231,Niger,Niger,
Nigeria,Africa,NGA,National,NGAt,Total,2020,45.5,Nigeria,NGA,Nigeria,NGA,0.359637647867203,,,,,87.3721008300781,45.889949798584,,Nigeria,Nigeria,Lower-Middle
North Macedonia,Europe,MKD,National,MKDt,Total,2020,92.4,North Macedonia,MKD,North Macedonia,MKD,,,90.4080200195312,,,93.4353332519531,82.4416732788086,43.782169342041,North Macedonia,North Macedonia,High
Pakistan,Asia/Pacific,PAK,National,PAKt,Total,2020,65.7,Pakistan,PAK,Pakistan,PAK,2.05718231201172,,,,,,,11.944239616394,Pakistan,Pakistan,Upper-Middle
Palestine,Asia/Pacific,PSE,National,PSEt,Total,2020,87.8,Palestine,PSE,West Bank and Gaza,PSE,,98.0,99.0755310058594,,,95.1808624267578,89.0763092041016,44.8411407470703,West Bank and Gaza,Palestine,High
Panama,America,PAN,National,PANt,Total,2020,,Panama,PAN,Panama,PAN,4.30284023284912,,87.0138626098633,,,94.2594528198242,,45.2206611633301,Panama,Panama,
Papua New Guinea,Asia/Pacific,PNG,National,PNGt,Total,2020,28.2,Papua New Guinea,PNG,Papua New Guinea,PNG,1.49800002574921,,,,,,,,Papua New Guinea,Papua New Guinea,Low
Paraguay,America,PRY,National,PRYt,Total,2020,,Paraguay,PRY,Paraguay,PRY,3.93615007400513,95.0,82.9859771728516,,,92.2833709716797,84.7876205444336,,Paraguay,Paraguay,
Peru,America,PER,National,PERt,Total,2020,,Peru,PER,Peru,PER,4.25937986373901,94.0,,,,106.543869018555,97.5327911376953,,Peru,Peru,
Philippines,Asia/Pacific,PHL,National,PHLt,Total,2020,68.1,Philippines,PHL,Philippines,PHL,3.85829043388367,98.0,98.1126251220703,,,95.7995145963986,89.2450874983032,32.8472557067871,Philippines,Philippines,Upper-Middle
Rwanda,Africa,RWA,National,RWAt,Total,2020,31.8,Rwanda,RWA,Rwanda,RWA,3.33394289016724,80.0508575439453,,,,,,7.56710004806519,Rwanda,Rwanda,Low
Saint Lucia,America,LCA,National,LCAt,Total,2020,,Saint Lucia,LCA,St. Lucia,LCA,3.62086009979248,,89.7602615356445,,,99.3261871337891,89.2604064941406,16.9041500091553,St. Lucia,Saint Lucia,
Samoa,Asia/Pacific,WSM,National,WSMt,Total,2020,83.0,Samoa,WSM,Samoa,WSM,4.48100519180298,,101.838447570801,,,102.738689665607,,16.3868522644043,Samoa,Samoa,High
Sao Tome & Principe,Africa,STP,National,STPt,Total,2020,58.2,Sao Tome & Principe,STP,Sao Tome and Principe,STP,5.0152382850647,,,,,,,,Sao Tome and Principe,Sao Tome & Principe,Upper-Middle
Saudi Arabia,Asia/Pacific,SAU,National,SAUt,Total,2020,,Saudi Arabia,SAU,Saudi Arabia,SAU,,98.0,96.2086486816406,,,102.71240234375,103.277328491211,74.7805709838867,Saudi Arabia,Saudi Arabia,
Senegal,Africa,SEN,National,SENt,Total,2020,61.1,Senegal,SEN,Senegal,SEN,5.6869797706604,,61.4603805541992,,,84.5763092041016,46.3485488891602,14.2285404205322,Senegal,Senegal,Upper-Middle
Serbia,Europe,SRB,National,SRBt,Total,2020,91.3,Serbia,SRB,Serbia,SRB,,,98.6887817382812,,,98.0834732055664,92.6907577514648,68.5755081176758,Serbia,Serbia,High
Sierra Leone,Africa,SLE,National,SLEt,Total,2020,31.8,Sierra Leone,SLE,Sierra Leone,SLE,8.80954837799072,,85.2825927734375,,,137.540612931892,60.2446899414062,,Sierra Leone,Sierra Leone,Low
South Africa,Africa,ZAF,National,ZAFt,Total,2020,,South Africa,ZAF,South Africa,ZAF,6.17067003250122,,95.4806594848633,,,99.7352600097656,110.017478942871,25.1296806335449,South Africa,South Africa,
Suriname,America,SUR,National,SURt,Total,2020,85.7,Suriname,SUR,Suriname,SUR,4.58425712585449,,87.8651504516602,,,104.956443786621,73.4222869873047,,Suriname,Suriname,High
Syria,Asia/Pacific,SYR,National,SYRt,Total,2020,,Syria,SYR,Syrian Arab Republic,SYR,,,55.6847496032715,,,71.1900863647461,37.9215202331543,,Syrian Arab Republic,Syria,
Tajikistan,Asia/Pacific,TJK,National,TJKt,Total,2020,74.4,Tajikistan,TJK,Tajikistan,TJK,5.73725271224976,,,,,101.094493467105,87.265519219648,37.2250022888184,Tajikistan,Tajikistan,Upper-Middle
Tanzania,Africa,TZA,National,TZAt,Total,2020,36.2,Tanzania,TZA,Tanzania,TZA,3.23097252845764,,67.1020278930664,,,95.8801506015427,30.7196795590619,7.50897979736328,Tanzania,Tanzania,Lower-Middle
Thailand,Asia/Pacific,THA,National,THAt,Total,2020,87.2,Thailand,THA,Thailand,THA,3.15314173698425,,102.732437133789,,,104.676211372097,108.779183101525,43.1145401000977,Thailand,Thailand,High
Timor Leste,Asia/Pacific,TLS,National,TLSt,Total,2020,,Timor Leste,TLS,Timor-Leste,TLS,3.65287351608276,69.9000015258789,100.890953063965,,,110.747111094161,85.2118561659316,,Timor-Leste,Timor Leste,
Togo,Africa,TGO,National,TGOt,Total,2020,43.3,Togo,TGO,Togo,TGO,4.09133672714233,,87.4940490722656,,,123.535186767578,,15.0659399032593,Togo,Togo,Lower-Middle
Tonga,Asia/Pacific,TON,National,TONt,Total,2020,81.9,Tonga,TON,Tonga,TON,4.86051654815674,,101.14722442627,,,112.25483743583,90.4639980016237,21.278299331665,Tonga,Tonga,High
Trinidad & Tobago,America,TTO,National,TTOt,Total,2020,88.4,Trinidad & Tobago,TTO,Trinidad and Tobago,TTO,4.2576699256897,,,,,,,,Trinidad and Tobago,Trinidad & Tobago,High
Tunisia,Africa,TUN,National,TUNt,Total,2020,85.3,Tunisia,TUN,Tunisia,TUN,7.26507568359375,,97.7275619506836,,,105.254287719727,,33.1319389343262,Tunisia,Tunisia,High
Turkey,Asia/Pacific,TUR,National,TURt,Total,2020,89.0,Turkiye,TUR,Turkiye,TUR,4.03382015228271,,100.577331542969,,,103.296417236328,112.527458190918,118.883682250977,Turkiye,Turkiye,High
Turkmenistan,Asia/Pacific,TKM,National,TKMt,Total,2020,83.2,Turkmenistan,TKM,Turkmenistan,TKM,3.76267004013062,,,,,109.434928894043,88.4751815795898,14.3487100601196,Turkmenistan,Turkmenistan,High
Turks & Caicos Islands,America,TCA,National,TCAt,Total,2020,85.5,Turks & Caicos Islands,TCA,Turks and Caicos Islands,TCA,2.42074680328369,,,,,122.59985984583,90.964590964591,,Turks and Caicos Islands,Turks & Caicos Islands,High
Tuvalu,Asia/Pacific,TUV,National,TUVt,Total,2020,69.2,Tuvalu,TUV,Tuvalu,TUV,,,101.339286804199,,,94.6327667236328,77.3861999511719,,Tuvalu,Tuvalu,Upper-Middle
Uganda,Africa,UGA,National,UGAt,Total,2020,,Uganda,UGA,Uganda,UGA,2.57222175598145,,,,,,,,Uganda,Uganda,
Ukraine,Europe,UKR,National,UKRt,Total,2020,,Ukraine,UKR,Ukraine,UKR,5.38231992721558,,89.7577972412109,,,91.1122131347656,84.4283294677734,82.1345977783203,Ukraine,Ukraine,
Uruguay,America,URY,National,URYt,Total,2020,,Uruguay,URY,Uruguay,URY,4.54292011260986,,100.927543640137,,,105.236610412598,116.991828918457,64.933219909668,Uruguay,Uruguay,
Uzbekistan,Asia/Pacific,UZB,National,UZBt,Total,2020,,Uzbekistan,UZB,Uzbekistan,UZB,4.94803667068481,,98.7280120849609,,,98.615310525126,90.0642970154019,15.972095489502,Uzbekistan,Uzbekistan,
Vanuatu,Asia/Pacific,VUT,National,VUTt,Total,2020,47.4,Vanuatu,VUT,Vanuatu,VUT,2.17358994483948,,96.65283203125,,,115.437370300293,54.3274688720703,,Vanuatu,Vanuatu,Lower-Middle
Vietnam,Asia/Pacific,VNM,National,VNMt,Total,2020,79.6,Viet Nam,VNM,Viet Nam,VNM,3.21652889251709,,,,,119.024053535975,93.7899476841572,,Viet Nam,Viet Nam,High
Zambia,Africa,ZMB,National,ZMBt,Total,2020,36.6,Zambia,ZMB,Zambia,ZMB,3.94964814186096,87.5,,,,94.7777968616337,,,Zambia,Zambia,Lower-Middle
Zimbabwe,Africa,ZWE,National,ZWEt,Total,2020,44.0,Zimbabwe,ZWE,Zimbabwe,ZWE,,,91.8669052124023,,,97.3841623798408,,9.72360515594482,Zimbabwe,Zimbabwe,Lower-Middle
Afghanistan,Asia/Pacific,AFG,National,AFGt,Total,2021,,Afghanistan,AFG,Afghanistan,AFG,,37.0,,,,,,,Afghanistan,Afghanistan,
Albania,Europe,ALB,National,ALBt,Total,2021,,Albania,ALB,Albania,ALB,3.02255988121033,,97.2184371948242,,,97.1074981689453,97.6650314331055,59.9698715209961,Albania,Albania,
Algeria,Africa,DZA,National,DZAt,Total,2021,85.6,Algeria,DZA,Algeria,DZA,5.51403284072876,,99.7526779174805,,,106.995567321777,,54.2099914550781,Algeria,Algeria,High
Angola,Africa,AGO,National,AGOt,Total,2021,,Angola,AGO,Angola,AGO,2.2971088886261,,59.6232604980469,,,88.8339920043945,52.5437698364258,,Angola,Angola,
Armenia,Asia/Pacific,ARM,National,ARMt,Total,2021,,Armenia,ARM,Armenia,ARM,2.76784992218018,,100.631843566895,,,93.8099975585938,97.3015594482422,58.7563095092773,Armenia,Armenia,
Azerbaijan,Europe,AZE,National,AZEt,Total,2021,81.3,Azerbaijan,AZE,Azerbaijan,AZE,3.7020800113678,,96.5635528564453,,,97.7304992675781,91.4322891235352,39.0096015930176,Azerbaijan,Azerbaijan,High
Bangladesh,Asia/Pacific,BGD,National,BGDt,Total,2021,51.7,Bangladesh,BGD,Bangladesh,BGD,1.83117997646332,76.0,120.082885742188,,,115.448180712787,70.2933328560227,23.40016746521,Bangladesh,Bangladesh,Lower-Middle
Barbados,America,BRB,National,BRBt,Total,2021,,Barbados,BRB,Barbados,BRB,4.863609790802,,100.244201660156,,,98.1502075195312,104.710250854492,,Barbados,Barbados,
Belarus,Europe,BLR,National,BLRt,Total,2021,87.9,Belarus,BLR,Belarus,BLR,4.60641002655029,,93.5405120849609,,,94.5295486450195,95.2133865356445,73.9591369628906,Belarus,Belarus,High
Belize,America,BLZ,National,BLZt,Total,2021,,Belize,BLZ,Belize,BLZ,5.94879007339478,,112.92658996582,,,105.283950805664,88.7403106689453,23.5184001922607,Belize,Belize,
Benin,Africa,BEN,National,BENt,Total,2021,39.3,Benin,BEN,Benin,BEN,3.20348429679871,43.834171295166,70.7910232543945,,,110.70588684082,46.0770416259766,10.2315101623535,Benin,Benin,Lower-Middle
Bhutan,Asia/Pacific,BTN,National,BTNt,Total,2021,,Bhutan,BTN,Bhutan,BTN,6.59838628768921,,90.5886001586914,,,103.032884208353,90.8035788154924,17.706148147583,Bhutan,Bhutan,
Bolivia,America,BOL,National,BOLt,Total,2021,,Bolivia,BOL,Bolivia,BOL,7.96215009689331,,,,,98.8565673828125,91.4961090087891,,Bolivia,Bolivia,
Bosnia and Herzegovina,Europe,BIH,National,BIHt,Total,2021,,Bosnia and Herzegovina,BIH,Bosnia and Herzegovina,BIH,4.13622999191284,,88.8229522705078,,,88.2447814941406,84.969841003418,43.5776786804199,Bosnia and Herzegovina,Bosnia and Herzegovina,
Botswana,Africa,BWA,National,BWAt,Total,2021,,Botswana,BWA,Botswana,BWA,,,,,,93.7229537963867,70.0183868408203,22.9046497344971,Botswana,Botswana,
Brazil,America,BRA,National,BRAt,Total,2021,,Brazil,BRA,Brazil,BRA,5.4969801902771,,,,,103.4716796875,106.651901245117,56.8306198120117,Brazil,Brazil,
Burkina Faso,Africa,BFA,National,BFAt,Total,2021,44.9,Burkina Faso,BFA,Burkina Faso,BFA,5.22401523590088,36.9673805236816,63.8423805236816,,,87.1249923706055,38.2898712158203,9.36093997955322,Burkina Faso,Burkina Faso,Lower-Middle
Burundi,Africa,BDI,National,BDIt,Total,2021,,Burundi,BDI,Burundi,BDI,4.87114191055298,,,,,,,6.28677225112915,Burundi,Burundi,
Cambodia,Asia/Pacific,KHM,National,KHMt,Total,2021,65.5,Cambodia,KHM,Cambodia,KHM,3.01162648200989,71.9272537231445,94.6577606201172,,,108.737748740777,57.9598846864777,13.8764019012451,Cambodia,Cambodia,Upper-Middle
Cameroon,Africa,CMR,National,CMRt,Total,2021,47.8,Cameroon,CMR,Cameroon,CMR,2.82764077186584,,68.7343215942383,,,108.442749023438,45.0281105041504,16.9050903320312,Cameroon,Cameroon,Lower-Middle
Cape Verde,Africa,CPV,National,CPVt,Total,2021,,Cape Verde,CPV,Cabo Verde,CPV,6.03750085830688,,87.521240234375,,,96.402099609375,86.4913024902344,,Cabo Verde,Cape Verde,
Central African Republic CAR,Africa,CAF,National,CAFt,Total,2021,16.6,Central African Republic CAR,CAF,Central African Republic,CAF,1.87251687049866,,,,,,,,Central African Republic,Central African Republic CAR,Low
Chad,Africa,TCD,National,TCDt,Total,2021,23.1,Chad,TCD,Chad,TCD,2.8881299495697,,43.5296287536621,,,89.4220504760742,24.0918598175049,,Chad,Chad,Low
Chili,America,CHL,National,CHLt,Total,2021,,Chili,CHL,Chile,CHL,4.99923992156982,,99.2180786132812,,,99.3652267456055,106.673522949219,96.2227935791016,Chile,Chili,
China,Asia/Pacific,CHN,National,CHNt,Total,2021,,China,CHN,China,CHN,3.98832511901855,,,,,99.4303970336914,,67.3876190185547,China,China,
Colombia,America,COL,National,COLt,Total,2021,,Colombia,COL,Colombia,COL,,,99.1944732666016,,,106.488357543945,102.987998962402,58.3159217834473,Colombia,Colombia,
Comoros,Africa,COM,National,COMt,Total,2021,58.6,Comoros,COM,Comoros,COM,2.27485394477844,,,,,85.2560668776885,,,Comoros,Comoros,Upper-Middle
Congo Brazzaville,Africa,COG,National,COGt,Total,2021,,Congo Brazzaville,COG,"Congo, Rep.",COG,3.67454195022583,80.6100006103516,,,,,,,"Congo, Rep.",Congo Brazzaville,
Congo Democratic Republic,Africa,COD,National,CODt,Total,2021,28.0,Congo Democratic Republic,COD,"Congo, Dem. Rep.",COD,2.660484790802,,82.6475601196289,,,122.393676757812,56.8860206604004,,"Congo, Dem. Rep.",Congo Democratic Republic,Low
Costa Rica,America,CRI,National,CRIt,Total,2021,91.2,Costa Rica,CRI,Costa Rica,CRI,6.24841976165771,98.0400009155273,99.0802307128906,,,108.852310180664,141.202713012695,,Costa Rica,Costa Rica,High
Cote d'Ivoire,Africa,CIV,National,CIVt,Total,2021,52.0,Cote d'Ivoire,CIV,Cote d'Ivoire,CIV,3.32718992233276,50.0006408691406,73.7053680419922,,,92.7193832397461,57.2815093994141,10.2318000793457,Cote d'Ivoire,Cote d'Ivoire,Lower-Middle
Cuba,America,CUB,National,CUBt,Total,2021,76.9,Cuba,CUB,Cuba,CUB,9.38586235046387,99.6731109619141,96.6347579956055,,,100.468193054199,99.6352233886719,51.0785484313965,Cuba,Cuba,Upper-Middle
Dominican Republic,America,DOM,National,DOMt,Total,2021,79.7,Dominican Republic,DOM,Dominican Republic,DOM,3.74731349945068,,87.7265167236328,,,96.8704605102539,75.7044830322266,56.4690818786621,Dominican Republic,Dominican Republic,High
Ecuador,America,ECU,National,ECUt,Total,2021,,Ecuador,ECU,Ecuador,ECU,3.64776992797852,94.0,93.9406814575195,,,98.2059173583984,95.227783203125,,Ecuador,Ecuador,
Egypt,Africa,EGY,National,EGYt,Total,2021,,"Egypt, Arab Rep.",EGY,"Egypt, Arab Rep.",EGY,,,97.4728698730469,,,99.7501068115234,85.5924224853516,,"Egypt, Arab Rep.","Egypt, Arab Rep.",
El Salvador,America,SLV,National,SLVt,Total,2021,,El Salvador,SLV,El Salvador,SLV,3.57766008377075,,83.8425521850586,,,89.3974380493164,66.0354766845703,30.1295890808105,El Salvador,El Salvador,
Eswatini,Africa,SWZ,National,SWZt,Total,2021,60.9,Eswatini,SWZ,Eswatini,SWZ,5.28714895248413,,,,,,,,Eswatini,Eswatini,Upper-Middle
Ethiopia,Africa,ETH,National,ETHt,Total,2021,25.9,Ethiopia,ETH,Ethiopia,ETH,4.06524896621704,,,,,102.679576994027,,,Ethiopia,Ethiopia,Low
Fiji,Asia/Pacific,FJI,National,FJIt,Total,2021,81.7,Fiji,FJI,Fiji,FJI,4.85268640518188,,112.401176452637,,,110.814965251253,92.1540730010089,76.6493606567383,Fiji,Fiji,High
Gabon,Africa,GAB,National,GABt,Total,2021,68.7,Gabon,GAB,Gabon,GAB,2.70079278945923,88.8583374023438,82.0206985473633,,,99.9486457966936,71.4352105480219,14.7383832931519,Gabon,Gabon,Upper-Middle
Gambia,Africa,GMB,National,GMBt,Total,2021,64.8,Gambia,GMB,"Gambia, The",GMB,3.04477691650391,51.6374015808105,74.407470703125,,,91.206655970329,101.391246171605,,"Gambia, The",Gambia,Upper-Middle
Georgia,Asia/Pacific,GEO,National,GEOt,Total,2021,86.8,Georgia,GEO,Georgia,GEO,3.59441995620728,,88.7954330444336,,,102.966720581055,105.999618530273,76.8213119506836,Georgia,Georgia,High
Ghana,Africa,GHA,National,GHAt,Total,2021,52.3,Ghana,GHA,Ghana,GHA,3.41949439048767,,,,,97.9046478271484,75.3132629394531,19.1863193511963,Ghana,Ghana,Lower-Middle
Guatemala,America,GTM,National,GTMt,Total,2021,,Guatemala,GTM,Guatemala,GTM,3.10634994506836,,88.5031127929688,,,103.809898376465,48.3225402832031,,Guatemala,Guatemala,
Guinea,Africa,GIN,National,GINt,Total,2021,42.6,Guinea,GIN,Guinea,GIN,2.04074811935425,45.3300018310547,63.183910369873,,,97.9625584241655,35.9549392998814,6.7185697555542,Guinea,Guinea,Lower-Middle
Guyana,America,GUY,National,GUYt,Total,2021,76.4,Guyana,GUY,Guyana,GUY,,,,,,99.7228698730469,85.5159912109375,,Guyana,Guyana,Upper-Middle
Haiti,America,HTI,National,HTIt,Total,2021,,Haiti,HTI,Haiti,HTI,1.24275183677673,,,,,,,,Haiti,Haiti,
Honduras,America,HND,National,HNDt,Total,2021,74.6,Honduras,HND,Honduras,HND,5.81050157546997,,72.6858367919922,,,83.9795074462891,54.5551300048828,22.4562759399414,Honduras,Honduras,Upper-Middle
India,Asia/Pacific,IND,National,INDt,Total,2021,66.5,India,IND,India,IND,4.63514137268066,,99.0854949951172,,,102.316123319201,80.6246396929286,31.5741767883301,India,India,Upper-Middle
Indonesia,Asia/Pacific,IDN,National,IDNt,Total,2021,,Indonesia,IDN,Indonesia,IDN,1.03221750259399,,103.38159942627,,,101.990710635544,99.0968322828421,41.0022087097168,Indonesia,Indonesia,
Iran,Asia/Pacific,IRN,National,IRNt,Total,2021,,"Iran, Islamic Rep.",IRN,"Iran, Islamic Rep.",IRN,,,,,,,,55.7980690002441,"Iran, Islamic Rep.","Iran, Islamic Rep.",
Jamaica,America,JAM,National,JAMt,Total,2021,81.6,Jamaica,JAM,Jamaica,JAM,5.63123989105225,,,,,90.6446075439453,87.2776412963867,,Jamaica,Jamaica,High
Jordan,Asia/Pacific,JOR,National,JORt,Total,2021,91.4,Jordan,JOR,Jordan,JOR,3.13837003707886,,96.9569396972656,,,98.0017471313477,90.0635986328125,30.4513092041016,Jordan,Jordan,High
Kazakhstan,Asia/Pacific,KAZ,National,KAZt,Total,2021,,Kazakhstan,KAZ,Kazakhstan,KAZ,4.38569402694702,,97.0019683837891,,,100.474796405273,95.7335493007596,61.2268028259277,Kazakhstan,Kazakhstan,
Kenya,Africa,KEN,National,KENt,Total,2021,46.0,Kenya,KEN,Kenya,KEN,4.89040184020996,,,,,,,,Kenya,Kenya,Lower-Middle
Kiribati,Asia/Pacific,KIR,National,KIRt,Total,2021,43.3,Kiribati,KIR,Kiribati,KIR,14.1951599121094,,98.5421676635742,,,100.464256286621,86.4115524291992,,Kiribati,Kiribati,Lower-Middle
Kuwait,Asia/Pacific,KWT,National,KWTt,Total,2021,,Kuwait,KWT,Kuwait,KWT,7.76246690750122,,,,,,,61.558048248291,Kuwait,Kuwait,
Kyrgyzstan,Asia/Pacific,KGZ,National,KGZt,Total,2021,83.9,Kyrgyzstan,KGZ,Kyrgyz Republic,KGZ,6.17235136032104,,96.3200225830078,,,95.4035568620125,94.7706115879302,52.5253791809082,Kyrgyzstan,Kyrgyzstan,High
Lao,Asia/Pacific,LAO,National,LAOt,Total,2021,,Lao,LAO,Lao PDR,LAO,1.85949182510376,,90.1808242797852,,,100.343416891918,59.8290705858321,12.4585027694702,Lao PDR,Lao,
Lebanon,Asia/Pacific,LBN,National,LBNt,Total,2021,,Lebanon,LBN,Lebanon,LBN,,,,,,,,58.4441413879395,Lebanon,Lebanon,
Lesotho,Africa,LSO,National,LSOt,Total,2021,47.6,Lesotho,LSO,Lesotho,LSO,7.50747919082642,,82.8435745239258,,,90.073345746855,,,Lesotho,Lesotho,Lower-Middle
Liberia,Africa,LBR,National,LBRt,Total,2021,33.2,Liberia,LBR,Liberia,LBR,2.11186790466309,,58.7495651245117,,,68.0120635177256,,,Liberia,Liberia,Low
Madagascar,Africa,MDG,National,MDGt,Total,2021,28.6,Madagascar,MDG,Madagascar,MDG,3.19807553291321,74.6861419677734,63.171989440918,,,145.696394232079,35.1450665804339,,Madagascar,Madagascar,Low
Malawi,Africa,MWI,National,MWIt,Total,2021,28.2,Malawi,MWI,Malawi,MWI,,,70.4764099121094,,,127.243449195834,,,Malawi,Malawi,Low
Malaysia,Asia/Pacific,MYS,National,MYSt,Total,2021,,Malaysia,MYS,Malaysia,MYS,4.26109409332275,,101.076362609863,,,101.166073779262,80.2709086459728,40.9142608642578,Malaysia,Malaysia,
Maldives,Asia/Pacific,MDV,National,MDVt,Total,2021,,Maldives,MDV,Maldives,MDV,4.61379766464233,97.8600006103516,,,,,,24.8425178527832,Maldives,Maldives,
Mali,Africa,MLI,National,MLIt,Total,2021,45.0,Mali,MLI,Mali,MLI,4.36370992660522,,,,,72.6488857573486,,,Mali,Mali,Lower-Middle
Mauritania,Africa,MRT,National,MRTt,Total,2021,46.0,Mauritania,MRT,Mauritania,MRT,1.891970038414,66.9599990844727,,,,,,,Mauritania,Mauritania,Lower-Middle
Mauritius,Africa,MUS,National,MUSt,Total,2021,,Mauritius,MUS,Mauritius,MUS,4.67151021957397,92.1500015258789,94.1515426635742,,,99.8860168457031,,43.9577217102051,Mauritius,Mauritius,
Mexico,America,MEX,National,MEXt,Total,2021,,Mexico,MEX,Mexico,MEX,4.24952983856201,,102.820198059082,,,103.358810424805,98.3202514648438,45.6506195068359,Mexico,Mexico,
Moldova,Europe,MDA,National,MDAt,Total,2021,,Moldova,MDA,Moldova,MDA,5.82405996322632,99.5999984741211,,,,106.778422255742,96.5853430388789,61.3014030456543,Moldova,Moldova,
Mongolia,Asia/Pacific,MNG,National,MNGt,Total,2021,72.5,Mongolia,MNG,Mongolia,MNG,3.34389615058899,,90.7440338134766,,,94.985695085763,99.7959558672287,64.4591369628906,Mongolia,Mongolia,Upper-Middle
Montenegro,Europe,MNE,National,MNEt,Total,2021,92.9,Montenegro,MNE,Montenegro,MNE,,98.9800033569336,99.2118988037109,,,104.399673461914,93.1638412475586,57.9613914489746,Montenegro,Montenegro,High
Morocco,Africa,MAR,National,MARt,Total,2021,,Morocco,MAR,Morocco,MAR,5.64273405075073,,100.300598144531,,,111.836860656738,82.1820602416992,42.8228912353516,Morocco,Morocco,
Mozambique,Africa,MOZ,National,MOZt,Total,2021,30.6,Mozambique,MOZ,Mozambique,MOZ,6.49789762496948,,,,,116.944275501792,33.628709753407,,Mozambique,Mozambique,Low
Namibia,Africa,NAM,National,NAMt,Total,2021,,Namibia,NAM,Namibia,NAM,10.3914480209351,92.25,,,,134.114715714876,,,Namibia,Namibia,
Nepal,Asia/Pacific,NPL,National,NPLt,Total,2021,59.4,Nepal,NPL,Nepal,NPL,3.95612215995789,71.1500015258789,100.75732421875,,,118.338553732728,83.5162189990173,14.3841028213501,Nepal,Nepal,Upper-Middle
Nicaragua,America,NIC,National,NICt,Total,2021,,Nicaragua,NIC,Nicaragua,NIC,4.08665704727173,,,,,106.951305961302,,19.8995819091797,Nicaragua,Nicaragua,
Niger,Africa,NER,National,NERt,Total,2021,,Niger,NER,Niger,NER,3.82175827026367,,60.9836807250977,,,68.3098602294922,,,Niger,Niger,
Nigeria,Africa,NGA,National,NGAt,Total,2021,46.0,Nigeria,NGA,Nigeria,NGA,0.381919115781784,63.1555404663086,,,,86.7234268188477,47.2372283935547,,Nigeria,Nigeria,Lower-Middle
North Macedonia,Europe,MKD,National,MKDt,Total,2021,92.7,North Macedonia,MKD,North Macedonia,MKD,,,91.6309280395508,,,93.2624588012695,84.1619567871094,44.3020210266113,North Macedonia,North Macedonia,High
Pakistan,Asia/Pacific,PAK,National,PAKt,Total,2021,66.6,Pakistan,PAK,Pakistan,PAK,1.6874612569809,,68.2332153320312,,,84.3684597161784,41.8552345316015,12.5983591079712,Pakistan,Pakistan,Upper-Middle
Palestine,Asia/Pacific,PSE,National,PSEt,Total,2021,88.1,Palestine,PSE,West Bank and Gaza,PSE,5.43442010879517,,94.9236068725586,,,93.1320114135742,90.1905136108398,43.5106506347656,West Bank and Gaza,Palestine,High
Panama,America,PAN,National,PANt,Total,2021,,Panama,PAN,Panama,PAN,3.71141004562378,,94.7757720947266,,,100.735511779785,82.8732284547998,53.0445899963379,Panama,Panama,
Papua New Guinea,Asia/Pacific,PNG,National,PNGt,Total,2021,28.2,Papua New Guinea,PNG,Papua New Guinea,PNG,1.34599995613098,,,,,,,,Papua New Guinea,Papua New Guinea,Low
Paraguay,America,PRY,National,PRYt,Total,2021,,Paraguay,PRY,Paraguay,PRY,3.41070008277893,,,,,92.5459365844727,84.2880096435547,,Paraguay,Paraguay,
Peru,America,PER,National,PERt,Total,2021,,Peru,PER,Peru,PER,3.92721009254456,,102.253257751465,,,107.119232177734,98.1648101806641,,Peru,Peru,
Philippines,Asia/Pacific,PHL,National,PHLt,Total,2021,67.9,Philippines,PHL,Philippines,PHL,3.87249755859375,,91.1019821166992,,,90.6099091855424,87.131517608917,34.8456192016602,Philippines,Philippines,Upper-Middle
Rwanda,Africa,RWA,National,RWAt,Total,2021,33.4,Rwanda,RWA,Rwanda,RWA,5.58984994888306,,95.4018173217773,,,151.063568115234,44.1820793151855,7.35958433151245,Rwanda,Rwanda,Low
Samoa,Asia/Pacific,WSM,National,WSMt,Total,2021,83.0,Samoa,WSM,Samoa,WSM,5.2044882774353,99.0999984741211,100.452659606934,,,105.441872933607,,17.571849822998,Samoa,Samoa,High
Sao Tome & Principe,Africa,STP,National,STPt,Total,2021,59.4,Sao Tome & Principe,STP,Sao Tome and Principe,STP,5.51617622375488,,,,,105.918740334599,87.4154054386613,16.6602973937988,Sao Tome and Principe,Sao Tome & Principe,Upper-Middle
Saudi Arabia,Asia/Pacific,SAU,National,SAUt,Total,2021,,Saudi Arabia,SAU,Saudi Arabia,SAU,,,96.4636306762695,,,101.51399230957,103.587013244629,74.3924865722656,Saudi Arabia,Saudi Arabia,
Senegal,Africa,SEN,National,SENt,Total,2021,61.8,Senegal,SEN,Senegal,SEN,5.61201000213623,,63.5550918579102,,,82.925407409668,46.8130683898926,15.7343301773071,Senegal,Senegal,Upper-Middle
Serbia,Europe,SRB,National,SRBt,Total,2021,91.4,Serbia,SRB,Serbia,SRB,3.29867005348206,,98.6582412719727,,,96.8267211914062,92.8741836547852,69.2907028198242,Serbia,Serbia,High
Sierra Leone,Africa,SLE,National,SLEt,Total,2021,32.3,Sierra Leone,SLE,Sierra Leone,SLE,9.44223594665527,,95.4376373291016,,,151.72631663505,70.7281265258789,,Sierra Leone,Sierra Leone,Low
Somalia,Africa,SOM,National,SOMt,Total,2021,,Somalia,SOM,Somalia,SOM,,,,,,8.44797868213786,5.46022449075409,,Somalia,Somalia,
South Africa,Africa,ZAF,National,ZAFt,Total,2021,,South Africa,ZAF,South Africa,ZAF,6.54902982711792,90.0,97.0137481689453,,,98.1153106689453,111.801963806152,25.3566093444824,South Africa,South Africa,
South Sudan,Africa,SSD,National,SSDt,Total,2021,,South Sudan,SSD,South Sudan,SSD,,,,,,81.8614356459445,,,South Sudan,South Sudan,
Suriname,America,SUR,National,SURt,Total,2021,86.2,Suriname,SUR,Suriname,SUR,4.13154983520508,95.0,76.8655319213867,,,97.5475700196628,65.6098480224609,8.80173969268799,Suriname,Suriname,High
Syria,Asia/Pacific,SYR,National,SYRt,Total,2021,,Syria,SYR,Syrian Arab Republic,SYR,,94.0,55.7524909973145,,,70.0659790039062,38.2289009094238,,Syrian Arab Republic,Syria,
Tajikistan,Asia/Pacific,TJK,National,TJKt,Total,2021,,Tajikistan,TJK,Tajikistan,TJK,5.70163345336914,,,,,101.199697120407,88.2055643880361,39.504955291748,Tajikistan,Tajikistan,
Tanzania,Africa,TZA,National,TZAt,Total,2021,37.4,Tanzania,TZA,Tanzania,TZA,3.11515331268311,,72.5664291381836,,,96.1041534334825,27.9080696105957,3.70787215232849,Tanzania,Tanzania,Lower-Middle
Thailand,Asia/Pacific,THA,National,THAt,Total,2021,87.4,Thailand,THA,Thailand,THA,2.98212432861328,94.0999984741211,103.515068054199,,,104.189732317173,102.941030468274,44.0830879211426,Thailand,Thailand,High
Timor Leste,Asia/Pacific,TLS,National,TLSt,Total,2021,,Timor Leste,TLS,Timor-Leste,TLS,2.9738941192627,,100.903495788574,,,124.204884379038,,,Timor-Leste,Timor Leste,
Togo,Africa,TGO,National,TGOt,Total,2021,,Togo,TGO,Togo,TGO,4.23118162155151,,88.9121932983398,,,121.075080871582,64.290901184082,,Togo,Togo,
Tonga,Asia/Pacific,TON,National,TONt,Total,2021,81.9,Tonga,TON,Tonga,TON,4.92703914642334,99.4000015258789,99.0643692016602,,,107.017315453717,100.286051862446,,Tonga,Tonga,High
Trinidad & Tobago,America,TTO,National,TTOt,Total,2021,88.5,Trinidad & Tobago,TTO,Trinidad and Tobago,TTO,3.00432991981506,,,,,,,,Trinidad and Tobago,Trinidad & Tobago,High
Tunisia,Africa,TUN,National,TUNt,Total,2021,85.6,Tunisia,TUN,Tunisia,TUN,6.67984676361084,,97.1743621826172,,,105.039703369141,,33.8982810974121,Tunisia,Tunisia,High
Turkey,Asia/Pacific,TUR,National,TURt,Total,2021,89.2,Turkiye,TUR,Turkiye,TUR,3.53787994384766,,103.435623168945,,,102.596397399902,114.147331237793,125.763786315918,Turkiye,Turkiye,High
Turkmenistan,Asia/Pacific,TKM,National,TKMt,Total,2021,82.9,Turkmenistan,TKM,Turkmenistan,TKM,3.8489100933075,,110.145057678223,,,109.880271911621,91.9673385620117,16.4158401489258,Turkmenistan,Turkmenistan,High
Turks & Caicos Islands,America,TCA,National,TCAt,Total,2021,85.5,Turks & Caicos Islands,TCA,Turks and Caicos Islands,TCA,4.10662603378296,,112.595420837402,,,120.756057739258,97.4950332641602,,Turks and Caicos Islands,Turks & Caicos Islands,High
Tuvalu,Asia/Pacific,TUV,National,TUVt,Total,2021,69.2,Tuvalu,TUV,Tuvalu,TUV,,,98.6956481933594,,,102.40113067627,90.0071868896484,,Tuvalu,Tuvalu,Upper-Middle
Uganda,Africa,UGA,National,UGAt,Total,2021,,Uganda,UGA,Uganda,UGA,2.63593602180481,,,,,,,,Uganda,Uganda,
Ukraine,Europe,UKR,National,UKRt,Total,2021,,Ukraine,UKR,Ukraine,UKR,5.14011001586914,100.0,89.2898788452148,,,91.1486968994141,84.6516265869141,75.9079437255859,Ukraine,Ukraine,
Uruguay,America,URY,National,URYt,Total,2021,,Uruguay,URY,Uruguay,URY,4.46065998077393,,100.503540039062,,,107.99080657959,120.236488342285,75.17138671875,Uruguay,Uruguay,
Uzbekistan,Asia/Pacific,UZB,National,UZBt,Total,2021,,Uzbekistan,UZB,Uzbekistan,UZB,5.36828899383545,100.0,98.480354309082,,,97.9289255849279,86.0562395236757,21.5782890319824,Uzbekistan,Uzbekistan,
Vanuatu,Asia/Pacific,VUT,National,VUTt,Total,2021,48.0,Vanuatu,VUT,Vanuatu,VUT,10.1102409362793,89.0999984741211,99.2462997436523,,,113.970764438054,57.8640899658203,,Vanuatu,Vanuatu,Lower-Middle
Vietnam,Asia/Pacific,VNM,National,VNMt,Total,2021,80.6,Viet Nam,VNM,Viet Nam,VNM,2.94517493247986,,,,,120.023386080797,96.0667428497231,38.8732376098633,Viet Nam,Viet Nam,High
Zambia,Africa,ZMB,National,ZMBt,Total,2021,36.7,Zambia,ZMB,Zambia,ZMB,3.10643219947815,,,,,,,,Zambia,Zambia,Lower-Middle
Zimbabwe,Africa,ZWE,National,ZWEt,Total,2021,43.8,Zimbabwe,ZWE,Zimbabwe,ZWE,,,86.0996246337891,,,96.0151477769296,,,Zimbabwe,Zimbabwe,Lower-Middle
Albania,Europe,ALB,National,ALBt,Total,2022,,Albania,ALB,Albania,ALB,2.74432992935181,98.5,101.176277160645,,,96.3712310791016,97.3224716186523,62.6479187011719,Albania,Albania,
Algeria,Africa,DZA,National,DZAt,Total,2022,85.4,Algeria,DZA,Algeria,DZA,4.74924659729004,,94.7113876342773,,,108.343933105469,105.932548522949,53.4012489318848,Algeria,Algeria,High
Angola,Africa,AGO,National,AGOt,Total,2022,,Angola,AGO,Angola,AGO,2.3321259021759,72.4000015258789,61.0302848815918,,,86.7067961582083,,,Angola,Angola,
Armenia,Asia/Pacific,ARM,National,ARMt,Total,2022,,Armenia,ARM,Armenia,ARM,2.4918999671936,,92.1473693847656,,,92.9023818969727,96.8645629882812,59.8064498901367,Armenia,Armenia,
Azerbaijan,Europe,AZE,National,AZEt,Total,2022,82.3,Azerbaijan,AZE,Azerbaijan,AZE,3.04690003395081,,99.7032775878906,,,99.8082962036133,90.9729919433594,41.001781463623,Azerbaijan,Azerbaijan,High
Bangladesh,Asia/Pacific,BGD,National,BGDt,Total,2022,52.9,Bangladesh,BGD,Bangladesh,BGD,1.71183669567108,,107.697937011719,,,117.659457498739,71.8219832597133,22.8396492004395,Bangladesh,Bangladesh,Lower-Middle
Barbados,America,BRB,National,BRBt,Total,2022,,Barbados,BRB,Barbados,BRB,4.41624021530151,,91.7237091064453,,,95.5793075561523,106.39241027832,,Barbados,Barbados,
Belarus,Europe,BLR,National,BLRt,Total,2022,88.4,Belarus,BLR,Belarus,BLR,4.62823009490967,,93.2138977050781,,,94.7119674682617,94.5358963012695,70.8675689697266,Belarus,Belarus,High
Belize,America,BLZ,National,BLZt,Total,2022,,Belize,BLZ,Belize,BLZ,4.59650993347168,,105.755889892578,,,99.9364624023438,86.9924087524414,23.7802906036377,Belize,Belize,
Benin,Africa,BEN,National,BENt,Total,2022,40.3,Benin,BEN,Benin,BEN,3.37785911560059,47.0999984741211,64.5733337402344,,,113.04891204834,45.3651695251465,10.647970199585,Benin,Benin,Lower-Middle
Bhutan,Asia/Pacific,BTN,National,BTNt,Total,2022,,Bhutan,BTN,Bhutan,BTN,7.46982002258301,72.0999984741211,78.2863311767578,,,106.082127409623,89.9895493944796,17.5290336608887,Bhutan,Bhutan,
Bolivia,America,BOL,National,BOLt,Total,2022,,Bolivia,BOL,Bolivia,BOL,7.57550001144409,,96.5441131591797,,,99.5986480712891,91.4673690795898,,Bolivia,Bolivia,
Bosnia and Herzegovina,Europe,BIH,National,BIHt,Total,2022,,Bosnia and Herzegovina,BIH,Bosnia and Herzegovina,BIH,,98.3000030517578,87.0107116699219,,,87.8222198486328,85.2915191650391,44.6326713562012,Bosnia and Herzegovina,Bosnia and Herzegovina,
Botswana,Africa,BWA,National,BWAt,Total,2022,,Botswana,BWA,Botswana,BWA,,,90.9643859863281,,,96.9256945502565,,22.3768501281738,Botswana,Botswana,
Brazil,America,BRA,National,BRAt,Total,2022,,Brazil,BRA,Brazil,BRA,,94.6900024414062,,,,103.970321655273,106.031188964844,60.3906211853027,Brazil,Brazil,
Burkina Faso,Africa,BFA,National,BFAt,Total,2022,46.3,Burkina Faso,BFA,Burkina Faso,BFA,5.27651214599609,34.4900016784668,58.3837013244629,,,82.3567962646484,33.724910736084,9.73007965087891,Burkina Faso,Burkina Faso,Lower-Middle
Burundi,Africa,BDI,National,BDIt,Total,2022,,Burundi,BDI,Burundi,BDI,4.82104730606079,75.5400009155273,,,,,,,Burundi,Burundi,
Cambodia,Asia/Pacific,KHM,National,KHMt,Total,2022,67.4,Cambodia,KHM,Cambodia,KHM,2.88349270820618,83.7799987792969,90.7002563476562,,,109.959079096814,58.7424032681922,14.9985504150391,Cambodia,Cambodia,Upper-Middle
Cameroon,Africa,CMR,National,CMRt,Total,2022,,Cameroon,CMR,Cameroon,CMR,2.61768436431885,,69.4347381591797,,,110.715507507324,45.143669128418,16.1898593902588,Cameroon,Cameroon,
Cape Verde,Africa,CPV,National,CPVt,Total,2022,,Cape Verde,CPV,Cabo Verde,CPV,4.67288541793823,91.0,,,,,,,Cabo Verde,Cape Verde,
Central African Republic CAR,Africa,CAF,National,CAFt,Total,2022,16.5,Central African Republic CAR,CAF,Central African Republic,CAF,2.11509132385254,,,,,,,,Central African Republic,Central African Republic CAR,Low
Chad,Africa,TCD,National,TCDt,Total,2022,23.8,Chad,TCD,Chad,TCD,2.53867292404175,27.2800006866455,,,,90.3641204833984,,,Chad,Chad,Low
Chili,America,CHL,National,CHLt,Total,2022,,Chili,CHL,Chile,CHL,,97.1600036621094,100.269378662109,,,100.192268371582,106.068328857422,99.3372802734375,Chile,Chili,
China,Asia/Pacific,CHN,National,CHNt,Total,2022,,China,CHN,China,CHN,4.02356958389282,,,,,100.171730041504,,71.9815521240234,China,China,
Colombia,America,COL,National,COLt,Total,2022,,Colombia,COL,Colombia,COL,,,97.1171035766602,,,104.830467224121,101.573776245117,59.2901382446289,Colombia,Colombia,
Comoros,Africa,COM,National,COMt,Total,2022,59.9,Comoros,COM,Comoros,COM,2.43164420127869,61.7099990844727,,,,,,,Comoros,Comoros,Upper-Middle
Congo Brazzaville,Africa,COG,National,COGt,Total,2022,,Congo Brazzaville,COG,"Congo, Rep.",COG,2.95159220695496,,,,,,,,"Congo, Rep.",Congo Brazzaville,
Congo Democratic Republic,Africa,COD,National,CODt,Total,2022,,Congo Democratic Republic,COD,"Congo, Dem. Rep.",COD,3.002521276474,80.5400009155273,,,,,,,"Congo, Dem. Rep.",Congo Democratic Republic,
Costa Rica,America,CRI,National,CRIt,Total,2022,,Costa Rica,CRI,Costa Rica,CRI,,,100.99577331543,,,107.611297607422,133.159164428711,,Costa Rica,Costa Rica,
Cote d'Ivoire,Africa,CIV,National,CIVt,Total,2022,52.9,Cote d'Ivoire,CIV,Cote d'Ivoire,CIV,3.51197004318237,,68.5947036743164,,,94.6489410400391,55.0669403076172,10.6260900497437,Cote d'Ivoire,Cote d'Ivoire,Lower-Middle
Cuba,America,CUB,National,CUBt,Total,2022,76.9,Cuba,CUB,Cuba,CUB,,,92.4178771972656,,,99.8729629516602,103.670539855957,41.4838562011719,Cuba,Cuba,Upper-Middle
Dominican Republic,America,DOM,National,DOMt,Total,2022,80.1,Dominican Republic,DOM,Dominican Republic,DOM,3.94027137756348,95.5,89.4886322021484,,,100.492286682129,76.5283203125,55.1665306091309,Dominican Republic,Dominican Republic,High
Ecuador,America,ECU,National,ECUt,Total,2022,,Ecuador,ECU,Ecuador,ECU,3.59897994995117,94.0,99.4666290283203,,,99.5941925048828,94.7636413574219,59.8797798156738,Ecuador,Ecuador,
Egypt,Africa,EGY,National,EGYt,Total,2022,,"Egypt, Arab Rep.",EGY,"Egypt, Arab Rep.",EGY,,74.5,,,,91.5901794433594,,37.8184509277344,"Egypt, Arab Rep.","Egypt, Arab Rep.",
El Salvador,America,SLV,National,SLVt,Total,2022,,El Salvador,SLV,El Salvador,SLV,3.25634002685547,,79.818000793457,,,89.3291473388672,65.3314666748047,31.2823791503906,El Salvador,El Salvador,
Eritrea,Africa,ERI,National,ERIt,Total,2022,,Eritrea,ERI,Eritrea,ERI,,,56.6654586791992,,,82.9708480834961,40.7442817687988,,Eritrea,Eritrea,
Eswatini,Africa,SWZ,National,SWZt,Total,2022,61.6,Eswatini,SWZ,Eswatini,SWZ,5.69260597229004,90.7470169067383,,,,,,,Eswatini,Eswatini,Upper-Middle
Ethiopia,Africa,ETH,National,ETHt,Total,2022,27.0,Ethiopia,ETH,Ethiopia,ETH,3.73649501800537,,62.1418037414551,,,85.5312668839719,,,Ethiopia,Ethiopia,Low
Fiji,Asia/Pacific,FJI,National,FJIt,Total,2022,82.4,Fiji,FJI,Fiji,FJI,3.93839550018311,,111.730407714844,,,108.04511770038,93.082319206677,68.4077529907227,Fiji,Fiji,High
Gabon,Africa,GAB,National,GABt,Total,2022,69.2,Gabon,GAB,Gabon,GAB,2.20773649215698,85.6900024414062,,,,,,,Gabon,Gabon,Upper-Middle
Gambia,Africa,GMB,National,GMBt,Total,2022,66.2,Gambia,GMB,"Gambia, The",GMB,2.74282312393188,58.6699981689453,75.2207336425781,,,92.3203884576405,,,"Gambia, The",Gambia,Upper-Middle
Georgia,Asia/Pacific,GEO,National,GEOt,Total,2022,,Georgia,GEO,Georgia,GEO,3.75498008728027,100.0,111.292549133301,,,104.548118591309,103.779502868652,78.9377136230469,Georgia,Georgia,
Ghana,Africa,GHA,National,GHAt,Total,2022,52.8,Ghana,GHA,Ghana,GHA,2.90529441833496,,92.0071716308594,,,96.5331573486328,76.7830963134766,20.3897304534912,Ghana,Ghana,Lower-Middle
Guatemala,America,GTM,National,GTMt,Total,2022,,Guatemala,GTM,Guatemala,GTM,3.22940993309021,83.0311737060547,87.0075531005859,,,103.906227111816,46.1119003295898,,Guatemala,Guatemala,
Guinea,Africa,GIN,National,GINt,Total,2022,,Guinea,GIN,Guinea,GIN,1.98561489582062,,,,,,,,Guinea,Guinea,
Guinea Bissau,Africa,GNB,National,GNBt,Total,2022,38.0,Guinea Bissau,GNB,Guinea-Bissau,GNB,,53.9000015258789,,,,,,,Guinea-Bissau,Guinea Bissau,Lower-Middle
Guyana,America,GUY,National,GUYt,Total,2022,76.2,Guyana,GUY,Guyana,GUY,,90.0299987792969,,,,,,,Guyana,Guyana,Upper-Middle
Haiti,America,HTI,National,HTIt,Total,2022,,Haiti,HTI,Haiti,HTI,1.27466893196106,,,,,,,,Haiti,Haiti,
Honduras,America,HND,National,HNDt,Total,2022,75.6,Honduras,HND,Honduras,HND,4.44157886505127,,69.8964233398438,,,85.8662414550781,54.1617584228516,22.1740608215332,Honduras,Honduras,Upper-Middle
India,Asia/Pacific,IND,National,INDt,Total,2022,68.8,India,IND,India,IND,4.12072849273682,76.0,,,,111.084455603874,81.1778611796872,32.6703071594238,India,India,Upper-Middle
Indonesia,Asia/Pacific,IDN,National,IDNt,Total,2022,,Indonesia,IDN,Indonesia,IDN,0.863943338394165,,102.985801696777,,,100.64499288828,98.9717306316633,42.6331672668457,Indonesia,Indonesia,
Iran,Asia/Pacific,IRN,National,IRNt,Total,2022,,"Iran, Islamic Rep.",IRN,"Iran, Islamic Rep.",IRN,3.06036734580994,88.9599990844727,,,,,,60.6945381164551,"Iran, Islamic Rep.","Iran, Islamic Rep.",
Jamaica,America,JAM,National,JAMt,Total,2022,82.3,Jamaica,JAM,Jamaica,JAM,5.35435009002686,,,,,90.7408676147461,83.871467590332,,Jamaica,Jamaica,High
Jordan,Asia/Pacific,JOR,National,JORt,Total,2022,91.1,Jordan,JOR,Jordan,JOR,3.16022992134094,,95.7803573608398,,,98.5412673950195,90.9912719726562,32.5119781494141,Jordan,Jordan,High
Kazakhstan,Asia/Pacific,KAZ,National,KAZt,Total,2022,,Kazakhstan,KAZ,Kazakhstan,KAZ,4.45820236206055,,103.160285949707,,,100.91126377966,95.764237810566,58.9427337646484,Kazakhstan,Kazakhstan,
Kenya,Africa,KEN,National,KENt,Total,2022,47.0,Kenya,KEN,Kenya,KEN,4.51101779937744,82.879997253418,,,,,,,Kenya,Kenya,Lower-Middle
Kiribati,Asia/Pacific,KIR,National,KIRt,Total,2022,43.3,Kiribati,KIR,Kiribati,KIR,,,102.372993469238,,,98.4846115112305,87.520881652832,,Kiribati,Kiribati,Lower-Middle
Kuwait,Asia/Pacific,KWT,National,KWTt,Total,2022,,Kuwait,KWT,Kuwait,KWT,6.58236503601074,,,,,,,,Kuwait,Kuwait,
Kyrgyzstan,Asia/Pacific,KGZ,National,KGZt,Total,2022,,Kyrgyzstan,KGZ,Kyrgyz Republic,KGZ,7.1688437461853,,94.3923950195312,,,94.1910529601431,94.9229409367589,55.9184989929199,Kyrgyzstan,Kyrgyzstan,
Lao,Asia/Pacific,LAO,National,LAOt,Total,2022,,Lao,LAO,Lao PDR,LAO,1.46083438396454,87.5199966430664,89.0527038574219,,,97.2226134363857,56.8832442136407,13.6964569091797,Lao PDR,Lao,
Lebanon,Asia/Pacific,LBN,National,LBNt,Total,2022,,Lebanon,LBN,Lebanon,LBN,,,,,,,,61.5956115722656,Lebanon,Lebanon,
Lesotho,Africa,LSO,National,LSOt,Total,2022,48.3,Lesotho,LSO,Lesotho,LSO,6.43347549438477,82.0100021362305,74.5931243896484,,,88.6117800268315,,,Lesotho,Lesotho,Lower-Middle
Liberia,Africa,LBR,National,LBRt,Total,2022,33.7,Liberia,LBR,Liberia,LBR,2.27609586715698,,58.1735000610352,,,67.2317884233233,,,Liberia,Liberia,Low
Madagascar,Africa,MDG,National,MDGt,Total,2022,28.6,Madagascar,MDG,Madagascar,MDG,3.13901996612549,77.4800033569336,59.328971862793,,,138.19226558666,,6.15096998214722,Madagascar,Madagascar,Low
Malawi,Africa,MWI,National,MWIt,Total,2022,28.6,Malawi,MWI,Malawi,MWI,,68.0800018310547,73.8953704833984,,,126.426255960703,,,Malawi,Malawi,Low
Malaysia,Asia/Pacific,MYS,National,MYSt,Total,2022,,Malaysia,MYS,Malaysia,MYS,3.49933791160583,96.0,95.1098937988281,,,97.7554931318277,84.5425041170296,40.2706604003906,Malaysia,Malaysia,
Maldives,Asia/Pacific,MDV,National,MDVt,Total,2022,,Maldives,MDV,Maldives,MDV,4.67344331741333,,97.1043014526367,,,95.367258247522,72.5359496704613,49.9534454345703,Maldives,Maldives,
Mali,Africa,MLI,National,MLIt,Total,2022,,Mali,MLI,Mali,MLI,4.03505516052246,,,,,,,,Mali,Mali,
Mauritania,Africa,MRT,National,MRTt,Total,2022,47.0,Mauritania,MRT,Mauritania,MRT,2.44024252891541,,,,,,,,Mauritania,Mauritania,Lower-Middle
Mauritius,Africa,MUS,National,MUSt,Total,2022,,Mauritius,MUS,Mauritius,MUS,4.84085988998413,,,,,,,44.2026786804199,Mauritius,Mauritius,
Mexico,America,MEX,National,MEXt,Total,2022,,Mexico,MEX,Mexico,MEX,,,102.239273071289,,,102.004783630371,98.3576583862305,46.4061317443848,Mexico,Mexico,
Moldova,Europe,MDA,National,MDAt,Total,2022,,Moldova,MDA,Moldova,MDA,6.11053991317749,,,,,106.97324544397,97.6136725974109,,Moldova,Moldova,
Mongolia,Asia/Pacific,MNG,National,MNGt,Total,2022,,Mongolia,MNG,Mongolia,MNG,4.18056726455688,,95.7875595092773,,,95.5634577935822,97.6302037098505,64.3169937133789,Mongolia,Mongolia,
Montenegro,Europe,MNE,National,MNEt,Total,2022,,Montenegro,MNE,Montenegro,MNE,,,110.560340881348,,,105.621368408203,92.1609725952148,57.4317893981934,Montenegro,Montenegro,
Morocco,Africa,MAR,National,MARt,Total,2022,,Morocco,MAR,Morocco,MAR,5.91224670410156,77.3499984741211,101.028228759766,,,114.169990539551,86.2332000732422,46.1795501708984,Morocco,Morocco,
Mozambique,Africa,MOZ,National,MOZt,Total,2022,31.3,Mozambique,MOZ,Mozambique,MOZ,6.16198396682739,,73.4155120849609,,,121.177581787109,37.8922391567718,,Mozambique,Mozambique,Low
Namibia,Africa,NAM,National,NAMt,Total,2022,,Namibia,NAM,Namibia,NAM,9.67791175842285,,,,,133.527472902537,,28.8917407989502,Namibia,Namibia,
Nepal,Asia/Pacific,NPL,National,NPLt,Total,2022,60.4,Nepal,NPL,Nepal,NPL,3.61778378486633,,100.819229125977,,,118.80395155129,83.9228076897993,13.9988746643066,Nepal,Nepal,Upper-Middle
Nicaragua,America,NIC,National,NICt,Total,2022,,Nicaragua,NIC,Nicaragua,NIC,3.79476308822632,,80.6800308227539,,,105.435536868371,,19.3310508728027,Nicaragua,Nicaragua,
Niger,Africa,NER,National,NERt,Total,2022,,Niger,NER,Niger,NER,4.10143089294434,38.0999984741211,52.9879188537598,,,68.331413269043,,,Niger,Niger,
Nigeria,Africa,NGA,National,NGAt,Total,2022,46.6,Nigeria,NGA,Nigeria,NGA,0.348516702651978,,,,,,,,Nigeria,Nigeria,Lower-Middle
North Macedonia,Europe,MKD,National,MKDt,Total,2022,93.0,North Macedonia,MKD,North Macedonia,MKD,,,93.4133682250977,,,97.4866561889648,91.4516372680664,53.1601181030273,North Macedonia,North Macedonia,High
Pakistan,Asia/Pacific,PAK,National,PAKt,Total,2022,,Pakistan,PAK,Pakistan,PAK,1.97444903850555,,68.0974197387695,,,82.6790063159857,42.3586853238267,10.6203098297119,Pakistan,Pakistan,
Palestine,Asia/Pacific,PSE,National,PSEt,Total,2022,88.5,Palestine,PSE,West Bank and Gaza,PSE,,98.0,94.097282409668,,,91.7645874023438,89.6303024291992,44.9846382141113,West Bank and Gaza,Palestine,High
Panama,America,PAN,National,PANt,Total,2022,,Panama,PAN,Panama,PAN,3.36693000793457,,92.7683715820312,,,100.875396728516,,58.173511505127,Panama,Panama,
Paraguay,America,PRY,National,PRYt,Total,2022,,Paraguay,PRY,Paraguay,PRY,3.39619994163513,,86.167106628418,,,93.2309494018555,82.0107879638672,,Paraguay,Paraguay,
Peru,America,PER,National,PERt,Total,2022,,Peru,PER,Peru,PER,3.83315992355347,,102.578369140625,,,107.663269042969,99.1219863891602,,Peru,Peru,
Philippines,Asia/Pacific,PHL,National,PHLt,Total,2022,67.7,Philippines,PHL,Philippines,PHL,3.57960081100464,,87.9826889038086,,,91.8715546202869,93.6653339656569,39.5887565612793,Philippines,Philippines,Upper-Middle
Rwanda,Africa,RWA,National,RWAt,Total,2022,34.9,Rwanda,RWA,Rwanda,RWA,4.74623012542725,79.0,,,,148.752487182617,44.1547088623047,7.41325998306274,Rwanda,Rwanda,Low
Saint Lucia,America,LCA,National,LCAt,Total,2022,,Saint Lucia,LCA,St. Lucia,LCA,3.69847011566162,,103.218170166016,,,103.664779663086,88.1037292480469,16.2592697143555,St. Lucia,Saint Lucia,
Samoa,Asia/Pacific,WSM,National,WSMt,Total,2022,83.0,Samoa,WSM,Samoa,WSM,4.88079118728638,,103.640686035156,,,104.122587299249,,17.0321598052979,Samoa,Samoa,High
Sao Tome & Principe,Africa,STP,National,STPt,Total,2022,60.5,Sao Tome & Principe,STP,Sao Tome and Principe,STP,5.15598058700562,93.75,,,,,,,Sao Tome and Principe,Sao Tome & Principe,Upper-Middle
Saudi Arabia,Asia/Pacific,SAU,National,SAUt,Total,2022,,Saudi Arabia,SAU,Saudi Arabia,SAU,,,120.119132995605,,,102.705947875977,119.968368530273,73.7492065429688,Saudi Arabia,Saudi Arabia,
Senegal,Africa,SEN,National,SENt,Total,2022,62.5,Senegal,SEN,Senegal,SEN,5.98753976821899,57.6699981689453,57.2280006408691,,,83.2787017822266,46.9506912231445,16.8081398010254,Senegal,Senegal,Upper-Middle
Serbia,Europe,SRB,National,SRBt,Total,2022,91.4,Serbia,SRB,Serbia,SRB,3.23938989639282,,97.99755859375,,,98.8989791870117,95.0849685668945,72.0334320068359,Serbia,Serbia,High
Sierra Leone,Africa,SLE,National,SLEt,Total,2022,32.7,Sierra Leone,SLE,Sierra Leone,SLE,8.5391845703125,48.6399993896484,99.4386901855469,,,156.801918077513,,,Sierra Leone,Sierra Leone,Low
Somalia,Africa,SOM,National,SOMt,Total,2022,,Somalia,SOM,Somalia,SOM,,54.0,,,,,,,Somalia,Somalia,
South Africa,Africa,ZAF,National,ZAFt,Total,2022,,South Africa,ZAF,South Africa,ZAF,6.16726016998291,,91.5397796630859,,,96.1027221679688,108.304618835449,27.1743202209473,South Africa,South Africa,
Suriname,America,SUR,National,SURt,Total,2022,,Suriname,SUR,Suriname,SUR,3.43460845947266,,,,,,,5.9513897895813,Suriname,Suriname,
Syria,Asia/Pacific,SYR,National,SYRt,Total,2022,,Syria,SYR,Syrian Arab Republic,SYR,,,58.2687187194824,,,74.367431640625,38.4870300292969,,Syrian Arab Republic,Syria,
Tajikistan,Asia/Pacific,TJK,National,TJKt,Total,2022,,Tajikistan,TJK,Tajikistan,TJK,5.71509790420532,,,,,101.345203671337,89.261589657007,38.3422508239746,Tajikistan,Tajikistan,
Tanzania,Africa,TZA,National,TZAt,Total,2022,38.6,Tanzania,TZA,Tanzania,TZA,3.23824501037598,82.0199966430664,,,,88.2558784495081,,5.43237113952637,Tanzania,Tanzania,Lower-Middle
Thailand,Asia/Pacific,THA,National,THAt,Total,2022,87.6,Thailand,THA,Thailand,THA,2.61187028884888,91.0998687744141,102.401908874512,,,105.101107091175,101.874933807375,43.9606094360352,Thailand,Thailand,High
Timor Leste,Asia/Pacific,TLS,National,TLSt,Total,2022,,Timor Leste,TLS,Timor-Leste,TLS,,,84.9601745605469,,,120.849599035731,,,Timor-Leste,Timor Leste,
Togo,Africa,TGO,National,TGOt,Total,2022,,Togo,TGO,Togo,TGO,3.79811930656433,,89.1407928466797,,,122.478256225586,,,Togo,Togo,
Tonga,Asia/Pacific,TON,National,TONt,Total,2022,81.9,Tonga,TON,Tonga,TON,5.64619207382202,,101.46573638916,,,106.535737282679,96.996718063038,,Tonga,Tonga,High
Trinidad & Tobago,America,TTO,National,TTOt,Total,2022,88.7,Trinidad & Tobago,TTO,Trinidad and Tobago,TTO,2.87970423698425,,,,,,,,Trinidad and Tobago,Trinidad & Tobago,High
Tunisia,Africa,TUN,National,TUNt,Total,2022,,Tunisia,TUN,Tunisia,TUN,6.8049898147583,85.2149276733398,,,,103.912643432617,,37.8049087524414,Tunisia,Tunisia,
Turkey,Asia/Pacific,TUR,National,TURt,Total,2022,,Turkiye,TUR,Turkiye,TUR,2.61430358886719,,101.500511169434,,,102.487701416016,116.040176391602,127.577972412109,Turkiye,Turkiye,
Turkmenistan,Asia/Pacific,TKM,National,TKMt,Total,2022,82.6,Turkmenistan,TKM,Turkmenistan,TKM,3.73386001586914,,107.961219787598,,,110.284736633301,95.6963424682617,18.2516593933105,Turkmenistan,Turkmenistan,High
Turks & Caicos Islands,America,TCA,National,TCAt,Total,2022,85.5,Turks & Caicos Islands,TCA,Turks and Caicos Islands,TCA,4.10991382598877,,110.73558807373,,,122.33812713623,105.56420135498,17.0910491943359,Turks and Caicos Islands,Turks & Caicos Islands,High
Tuvalu,Asia/Pacific,TUV,National,TUVt,Total,2022,69.2,Tuvalu,TUV,Tuvalu,TUV,,,96.9827575683594,,,98.4408187866211,91.3165283203125,,Tuvalu,Tuvalu,Upper-Middle
Uganda,Africa,UGA,National,UGAt,Total,2022,,Uganda,UGA,Uganda,UGA,2.56105017662048,80.5899963378906,,,,,,,Uganda,Uganda,
Ukraine,Europe,UKR,National,UKRt,Total,2022,,Ukraine,UKR,Ukraine,UKR,5.93389987945557,,,,,92.7711634493634,,,Ukraine,Ukraine,
Uruguay,America,URY,National,URYt,Total,2022,,Uruguay,URY,Uruguay,URY,4.5073299407959,99.0,100.222953796387,,,108.822761535645,121.13793182373,76.3977432250977,Uruguay,Uruguay,
Uzbekistan,Asia/Pacific,UZB,National,UZBt,Total,2022,,Uzbekistan,UZB,Uzbekistan,UZB,5.23477172851562,100.0,98.236946105957,,,93.9099780290139,86.9214392685034,31.2952404022217,Uzbekistan,Uzbekistan,
Vanuatu,Asia/Pacific,VUT,National,VUTt,Total,2022,48.6,Vanuatu,VUT,Vanuatu,VUT,10.7033452987671,,106.038436889648,,,110.520745546126,75.422961043339,,Vanuatu,Vanuatu,Lower-Middle
Venezuela,America,VEN,National,VENt,Total,2022,,Venezuela,VEN,"Venezuela, RB",VEN,,97.5999984741211,,,,,,,"Venezuela, RB",Venezuela,
Vietnam,Asia/Pacific,VNM,National,VNMt,Total,2022,81.5,Viet Nam,VNM,Viet Nam,VNM,2.88738679885864,96.0,115.85425567627,,,123.133723768475,97.2494761123623,42.2242393493652,Viet Nam,Viet Nam,High
Zambia,Africa,ZMB,National,ZMBt,Total,2022,,Zambia,ZMB,Zambia,ZMB,3.58259510993958,,,,,,,,Zambia,Zambia,
Zimbabwe,Africa,ZWE,National,ZWEt,Total,2022,43.7,Zimbabwe,ZWE,Zimbabwe,ZWE,,89.8499984741211,86.1169357299805,,,95.789907037216,,,Zimbabwe,Zimbabwe,Lower-Middle
Albania,Europe,ALB,National,ALBt,Total,2023,,Albania,ALB,Albania,ALB,,,95.1351470947266,,,93.7138137817383,96.1368789672852,64.7293472290039,Albania,Albania,
Algeria,Africa,DZA,National,DZAt,Total,2023,,Algeria,DZA,Algeria,DZA,5.61015701293945,,99.678840637207,,,108.761642456055,102.7021484375,55.5188903808594,Algeria,Algeria,
Angola,Africa,AGO,National,AGOt,Total,2023,,Angola,AGO,Angola,AGO,,,,,,,,9.91084957122803,Angola,Angola,
Armenia,Asia/Pacific,ARM,National,ARMt,Total,2023,,Armenia,ARM,Armenia,ARM,0.242599993944168,,92.5063171386719,,,93.8079528808594,95.1246490478516,61.1857986450195,Armenia,Armenia,
Azerbaijan,Europe,AZE,National,AZEt,Total,2023,83.3,Azerbaijan,AZE,Azerbaijan,AZE,3.58290028572083,100.0,96.2334136962891,,,101.979698181152,92.7589111328125,41.3907585144043,Azerbaijan,Azerbaijan,High
Bangladesh,Asia/Pacific,BGD,National,BGDt,Total,2023,54.2,Bangladesh,BGD,Bangladesh,BGD,1.7752274274826,,108.210327148438,,,111.595384386687,71.4947068269712,23.7743072509766,Bangladesh,Bangladesh,Lower-Middle
Barbados,America,BRB,National,BRBt,Total,2023,,Barbados,BRB,Barbados,BRB,4.04476022720337,,96.7363815307617,,,93.4459228515625,105.655097961426,,Barbados,Barbados,
Belarus,Europe,BLR,National,BLRt,Total,2023,,Belarus,BLR,Belarus,BLR,4.9514799118042,,92.6165313720703,,,94.7357864379883,93.5995101928711,67.0620422363281,Belarus,Belarus,
Belize,America,BLZ,National,BLZt,Total,2023,,Belize,BLZ,Belize,BLZ,4.25564002990723,,94.3330688476562,,,96.9522933959961,83.3849182128906,22.705150604248,Belize,Belize,
Bhutan,Asia/Pacific,BTN,National,BTNt,Total,2023,,Bhutan,BTN,Bhutan,BTN,5.84518575668335,,,,,,,15.0250902175903,Bhutan,Bhutan,
Bolivia,America,BOL,National,BOLt,Total,2023,,Bolivia,BOL,Bolivia,BOL,,,96.2025909423828,,,98.9345397949219,92.400520324707,,Bolivia,Bolivia,
Bosnia and Herzegovina,Europe,BIH,National,BIHt,Total,2023,,Bosnia and Herzegovina,BIH,Bosnia and Herzegovina,BIH,,,86.3567733764648,,,87.2372436523438,84.2911529541016,44.9843902587891,Bosnia and Herzegovina,Bosnia and Herzegovina,
Botswana,Africa,BWA,National,BWAt,Total,2023,,Botswana,BWA,Botswana,BWA,,,,,,,,21.7908344268799,Botswana,Botswana,
Burkina Faso,Africa,BFA,National,BFAt,Total,2023,47.7,Burkina Faso,BFA,Burkina Faso,BFA,,,51.733829498291,,,72.3235702514648,30.9303798675537,10.1689100265503,Burkina Faso,Burkina Faso,Lower-Middle
Burundi,Africa,BDI,National,BDIt,Total,2023,,Burundi,BDI,Burundi,BDI,,,,,,,,6.2220401763916,Burundi,Burundi,
Cambodia,Asia/Pacific,KHM,National,KHMt,Total,2023,69.3,Cambodia,KHM,Cambodia,KHM,2.95115232467651,,89.880615234375,,,111.392143004927,60.0614252117159,17.9681453704834,Cambodia,Cambodia,Upper-Middle
Cameroon,Africa,CMR,National,CMRt,Total,2023,,Cameroon,CMR,Cameroon,CMR,,,71.0805587768555,,,112.64232635498,44.3895797729492,15.7919597625732,Cameroon,Cameroon,
Chad,Africa,TCD,National,TCDt,Total,2023,,Chad,TCD,Chad,TCD,,,,,,91.7743682861328,25.2421398162842,,Chad,Chad,
China,Asia/Pacific,CHN,National,CHNt,Total,2023,,China,CHN,China,CHN,,,,,,99.323860168457,,74.823600769043,China,China,
Comoros,Africa,COM,National,COMt,Total,2023,61.3,Comoros,COM,Comoros,COM,,,,,,94.6890732468269,55.1931973675637,,Comoros,Comoros,Upper-Middle
Congo Brazzaville,Africa,COG,National,COGt,Total,2023,,Congo Brazzaville,COG,"Congo, Rep.",COG,,,71.8326110839844,,,89.0000305175781,,10.3542900085449,"Congo, Rep.",Congo Brazzaville,
Congo Democratic Republic,Africa,COD,National,CODt,Total,2023,,Congo Democratic Republic,COD,"Congo, Dem. Rep.",COD,,,76.9597015380859,,,119.937561035156,56.831600189209,,"Congo, Dem. Rep.",Congo Democratic Republic,
Cote d'Ivoire,Africa,CIV,National,CIVt,Total,2023,53.8,Cote d'Ivoire,CIV,Cote d'Ivoire,CIV,3.42992997169495,,80.2278900146484,,,101.650497436523,66.0276794433594,11.1203804016113,Cote d'Ivoire,Cote d'Ivoire,Lower-Middle
Cuba,America,CUB,National,CUBt,Total,2023,76.9,Cuba,CUB,Cuba,CUB,,,92.6119079589844,,,98.4062423706055,95.4401473999023,48.9434585571289,Cuba,Cuba,Upper-Middle
Dominican Republic,America,DOM,National,DOMt,Total,2023,,Dominican Republic,DOM,Dominican Republic,DOM,,,85.0387496948242,,,94.7164535522461,72.2825393676758,,Dominican Republic,Dominican Republic,
Ecuador,America,ECU,National,ECUt,Total,2023,,Ecuador,ECU,Ecuador,ECU,3.89365005493164,,100.199676513672,,,97.3006973266602,93.4162673950195,,Ecuador,Ecuador,
Egypt,Africa,EGY,National,EGYt,Total,2023,,"Egypt, Arab Rep.",EGY,"Egypt, Arab Rep.",EGY,,,,,,90.3061828613281,,39.3823089599609,"Egypt, Arab Rep.","Egypt, Arab Rep.",
El Salvador,America,SLV,National,SLVt,Total,2023,,El Salvador,SLV,El Salvador,SLV,3.17218995094299,90.0,80.9585800170898,,,91.0513610839844,65.7442016601562,32.2285118103027,El Salvador,El Salvador,
Eswatini,Africa,SWZ,National,SWZt,Total,2023,62.4,Eswatini,SWZ,Eswatini,SWZ,6.31294202804565,,90.1588668823242,,,113.53881072998,,,Eswatini,Eswatini,Upper-Middle
Ethiopia,Africa,ETH,National,ETHt,Total,2023,,Ethiopia,ETH,Ethiopia,ETH,,,55.9035835266113,,,84.4721792618562,,,Ethiopia,Ethiopia,
Fiji,Asia/Pacific,FJI,National,FJIt,Total,2023,83.2,Fiji,FJI,Fiji,FJI,4.24679803848267,,112.210441589355,,,107.648210290828,95.9080471414581,60.3241920471191,Fiji,Fiji,High
Gambia,Africa,GMB,National,GMBt,Total,2023,67.6,Gambia,GMB,"Gambia, The",GMB,2.69659471511841,,75.556510925293,,,93.7452503542387,,,"Gambia, The",Gambia,Upper-Middle
Georgia,Asia/Pacific,GEO,National,GEOt,Total,2023,,Georgia,GEO,Georgia,GEO,3.73861002922058,,106.99535369873,,,103.337898254395,104.344261169434,80.2798004150391,Georgia,Georgia,
Ghana,Africa,GHA,National,GHAt,Total,2023,53.2,Ghana,GHA,Ghana,GHA,,,,,,,,21.990140914917,Ghana,Ghana,Lower-Middle
Guatemala,America,GTM,National,GTMt,Total,2023,,Guatemala,GTM,Guatemala,GTM,3.17938995361328,,86.4279022216797,,,103.04638671875,47.6308784484863,27.2776298522949,Guatemala,Guatemala,
Guyana,America,GUY,National,GUYt,Total,2023,,Guyana,GUY,Guyana,GUY,,,,,,98.9540328979492,85.3713302612305,,Guyana,Guyana,
Honduras,America,HND,National,HNDt,Total,2023,,Honduras,HND,Honduras,HND,4.04616022109985,,75.7510986328125,,,86.5522918701172,55.1028709411621,,Honduras,Honduras,
India,Asia/Pacific,IND,National,INDt,Total,2023,,India,IND,India,IND,,77.0,93.4889602661133,,,112.03123091725,78.863958593161,33.1165237426758,India,India,
Indonesia,Asia/Pacific,IDN,National,IDNt,Total,2023,,Indonesia,IDN,Indonesia,IDN,1.27517092227936,,101.923690795898,,,100.228106588191,97.1654711118149,45.1352272033691,Indonesia,Indonesia,
Iran,Asia/Pacific,IRN,National,IRNt,Total,2023,,"Iran, Islamic Rep.",IRN,"Iran, Islamic Rep.",IRN,2.92892384529114,,,,,,,,"Iran, Islamic Rep.","Iran, Islamic Rep.",
Jamaica,America,JAM,National,JAMt,Total,2023,82.9,Jamaica,JAM,Jamaica,JAM,5.65453672409058,,79.4754486083984,,,84.4617080688477,86.4048004150391,,Jamaica,Jamaica,High
Jordan,Asia/Pacific,JOR,National,JORt,Total,2023,90.8,Jordan,JOR,Jordan,JOR,,95.0,97.1706466674805,,,98.2994918823242,91.9696807861328,33.0567016601562,Jordan,Jordan,High
Kazakhstan,Asia/Pacific,KAZ,National,KAZt,Total,2023,,Kazakhstan,KAZ,Kazakhstan,KAZ,,,105.610511779785,,,100.522765501693,97.1888259892982,56.5271034240723,Kazakhstan,Kazakhstan,
Kenya,Africa,KEN,National,KENt,Total,2023,48.0,Kenya,KEN,Kenya,KEN,3.96229314804077,,,,,,,,Kenya,Kenya,Lower-Middle
Kiribati,Asia/Pacific,KIR,National,KIRt,Total,2023,,Kiribati,KIR,Kiribati,KIR,,,103.291381835938,,,93.3518905639648,93.2427215576172,,Kiribati,Kiribati,
Kuwait,Asia/Pacific,KWT,National,KWTt,Total,2023,,Kuwait,KWT,Kuwait,KWT,5.02626085281372,,,,,,,,Kuwait,Kuwait,
Kyrgyzstan,Asia/Pacific,KGZ,National,KGZt,Total,2023,,Kyrgyzstan,KGZ,Kyrgyz Republic,KGZ,6.82694673538208,,92.999641418457,,,96.1798272207297,93.465834530678,56.0175933837891,Kyrgyzstan,Kyrgyzstan,
Lao,Asia/Pacific,LAO,National,LAOt,Total,2023,,Lao,LAO,Lao PDR,LAO,1.23375165462494,,89.957389831543,,,96.7616404628016,54.502009299061,14.901439666748,Lao PDR,Lao,
Lebanon,Asia/Pacific,LBN,National,LBNt,Total,2023,,Lebanon,LBN,Lebanon,LBN,,,68.2726821899414,,,79.7889785766602,64.7028884887695,60.1667213439941,Lebanon,Lebanon,
Lesotho,Africa,LSO,National,LSOt,Total,2023,49.0,Lesotho,LSO,Lesotho,LSO,6.69212198257446,,71.1334838867188,,,86.3705569704352,,,Lesotho,Lesotho,Lower-Middle
Madagascar,Africa,MDG,National,MDGt,Total,2023,28.5,Madagascar,MDG,Madagascar,MDG,,,60.4006195068359,,,135.788053140467,,6.4074501991272,Madagascar,Madagascar,Low
Malawi,Africa,MWI,National,MWIt,Total,2023,29.0,Malawi,MWI,Malawi,MWI,,,68.4686279296875,,,135.428928266602,,,Malawi,Malawi,Low
Malaysia,Asia/Pacific,MYS,National,MYSt,Total,2023,,Malaysia,MYS,Malaysia,MYS,3.62725496292114,,98.7665863037109,,,98.843690256664,85.5096191873777,41.2618560791016,Malaysia,Malaysia,
Maldives,Asia/Pacific,MDV,National,MDVt,Total,2023,,Maldives,MDV,Maldives,MDV,5.16706371307373,,98.4593505859375,,,97.5430868579737,80.2538787023977,,Maldives,Maldives,
Mali,Africa,MLI,National,MLIt,Total,2023,,Mali,MLI,Mali,MLI,,,49.7081604003906,,,74.4169692993164,39.8626403808594,,Mali,Mali,
Mauritania,Africa,MRT,National,MRTt,Total,2023,48.0,Mauritania,MRT,Mauritania,MRT,2.64603042602539,,,,,111.76927947998,,,Mauritania,Mauritania,Lower-Middle
Mauritius,Africa,MUS,National,MUSt,Total,2023,,Mauritius,MUS,Mauritius,MUS,4.56763982772827,,90.1701736450195,,,110.911582946777,,,Mauritius,Mauritius,
Moldova,Europe,MDA,National,MDAt,Total,2023,,Moldova,MDA,Moldova,MDA,6.25268602371216,,,,,,,,Moldova,Moldova,
Mongolia,Asia/Pacific,MNG,National,MNGt,Total,2023,,Mongolia,MNG,Mongolia,MNG,3.74101543426514,,95.2509307861328,,,95.7762310753373,99.1215283290276,65.3136138916016,Mongolia,Mongolia,
Montenegro,Europe,MNE,National,MNEt,Total,2023,,Montenegro,MNE,Montenegro,MNE,,,106.734153747559,,,106.109619140625,93.8724975585938,55.1743011474609,Montenegro,Montenegro,
Morocco,Africa,MAR,National,MARt,Total,2023,,Morocco,MAR,Morocco,MAR,6.02096939086914,,104.691070556641,,,114.473091125488,89.7980422973633,47.709358215332,Morocco,Morocco,
Mozambique,Africa,MOZ,National,MOZt,Total,2023,32.0,Mozambique,MOZ,Mozambique,MOZ,,,57.5668144226074,,,120.005161518986,,,Mozambique,Mozambique,Low
Namibia,Africa,NAM,National,NAMt,Total,2023,,Namibia,NAM,Namibia,NAM,9.04451274871826,,,,,,,,Namibia,Namibia,
Nepal,Asia/Pacific,NPL,National,NPLt,Total,2023,61.3,Nepal,NPL,Nepal,NPL,3.68125796318054,,115.035255432129,,,122.984062428683,89.5513635551859,17.8263874053955,Nepal,Nepal,Upper-Middle
Nicaragua,America,NIC,National,NICt,Total,2023,,Nicaragua,NIC,Nicaragua,NIC,,,,,,105.908050537109,69.6625518798828,29.5410194396973,Nicaragua,Nicaragua,
Niger,Africa,NER,National,NERt,Total,2023,,Niger,NER,Niger,NER,,,47.896728515625,,,68.5260162353516,22.8998107910156,,Niger,Niger,
Pakistan,Asia/Pacific,PAK,National,PAKt,Total,2023,,Pakistan,PAK,Pakistan,PAK,1.86864340305328,,,,,,,11.2206001281738,Pakistan,Pakistan,
Palestine,Asia/Pacific,PSE,National,PSEt,Total,2023,88.9,Palestine,PSE,West Bank and Gaza,PSE,,,91.4648513793945,,,92.0845184326172,88.8576889038086,42.910831451416,West Bank and Gaza,Palestine,High
Panama,America,PAN,National,PANt,Total,2023,,Panama,PAN,Panama,PAN,,,92.7561187744141,,,94.5526123046875,,,Panama,Panama,
Paraguay,America,PRY,National,PRYt,Total,2023,,Paraguay,PRY,Paraguay,PRY,3.40649008750916,,90.2502899169922,,,92.3777923583984,79.5136489868164,,Paraguay,Paraguay,
Peru,America,PER,National,PERt,Total,2023,,Peru,PER,Peru,PER,4.23516988754272,,104.106643676758,,,107.489753723145,105.903396606445,,Peru,Peru,
Philippines,Asia/Pacific,PHL,National,PHLt,Total,2023,67.5,Philippines,PHL,Philippines,PHL,3.62368631362915,,80.7059707641602,,,93.4089524875128,92.8650157810305,45.2818946838379,Philippines,Philippines,Upper-Middle
Rwanda,Africa,RWA,National,RWAt,Total,2023,36.4,Rwanda,RWA,Rwanda,RWA,4.92004013061523,,59.3042411804199,,,151.894821166992,45.1251487731934,8.88624000549316,Rwanda,Rwanda,Lower-Middle
Saint Lucia,America,LCA,National,LCAt,Total,2023,,Saint Lucia,LCA,St. Lucia,LCA,,,89.645393371582,,,100.674041748047,90.4108428955078,,St. Lucia,Saint Lucia,
Samoa,Asia/Pacific,WSM,National,WSMt,Total,2023,83.0,Samoa,WSM,Samoa,WSM,6.1134729385376,,101.342399597168,,,102.28813559322,,13.4067001342773,Samoa,Samoa,High
Saudi Arabia,Asia/Pacific,SAU,National,SAUt,Total,2023,,Saudi Arabia,SAU,Saudi Arabia,SAU,5.11466979980469,,,,,,,,Saudi Arabia,Saudi Arabia,
Senegal,Africa,SEN,National,SENt,Total,2023,63.2,Senegal,SEN,Senegal,SEN,,,61.2763481140137,,,82.5909576416016,45.5100593566895,17.2958393096924,Senegal,Senegal,Upper-Middle
Serbia,Europe,SRB,National,SRBt,Total,2023,,Serbia,SRB,Serbia,SRB,,,,,,,,73.2060012817383,Serbia,Serbia,
Sierra Leone,Africa,SLE,National,SLEt,Total,2023,,Sierra Leone,SLE,Sierra Leone,SLE,6.79109716415405,,96.7547302246094,,,153.092403249505,,,Sierra Leone,Sierra Leone,
Somalia,Africa,SOM,National,SOMt,Total,2023,,Somalia,SOM,Somalia,SOM,,,,,,21.1983299255371,3.29380989074707,,Somalia,Somalia,
South Africa,Africa,ZAF,National,ZAFt,Total,2023,,South Africa,ZAF,South Africa,ZAF,6.14838981628418,,,,,,,,South Africa,South Africa,
Suriname,America,SUR,National,SURt,Total,2023,,Suriname,SUR,Suriname,SUR,2.86623334884644,,,,,65.9849472045898,76.2433776855469,,Suriname,Suriname,
Syria,Asia/Pacific,SYR,National,SYRt,Total,2023,,Syria,SYR,Syrian Arab Republic,SYR,,,61.8590202331543,,,79.6461715698242,38.6241989135742,,Syrian Arab Republic,Syria,
Tajikistan,Asia/Pacific,TJK,National,TJKt,Total,2023,,Tajikistan,TJK,Tajikistan,TJK,5.81054592132568,,,,,100.620078361885,87.4183887120697,34.6658744812012,Tajikistan,Tajikistan,
Tanzania,Africa,TZA,National,TZAt,Total,2023,39.8,Tanzania,TZA,Tanzania,TZA,3.26015281677246,,86.2270889282227,,,93.0738198978832,,5.21874570846558,Tanzania,Tanzania,Lower-Middle
Thailand,Asia/Pacific,THA,National,THAt,Total,2023,87.9,Thailand,THA,Thailand,THA,2.52122211456299,,103.044509887695,,,103.489895715589,109.854930019435,46.1752090454102,Thailand,Thailand,High
Timor Leste,Asia/Pacific,TLS,National,TLSt,Total,2023,,Timor Leste,TLS,Timor-Leste,TLS,,,91.4789428710938,,,123.337974525813,,30.8398704528809,Timor-Leste,Timor Leste,
Togo,Africa,TGO,National,TGOt,Total,2023,,Togo,TGO,Togo,TGO,,,90.6991577148438,,,120.249328613281,65.2577590942383,,Togo,Togo,
Tonga,Asia/Pacific,TON,National,TONt,Total,2023,81.9,Tonga,TON,Tonga,TON,5.14565324783325,,94.9407958984375,,,102.636942675159,98.5568917668825,51.2195091247559,Tonga,Tonga,High
Trinidad & Tobago,America,TTO,National,TTOt,Total,2023,88.8,Trinidad & Tobago,TTO,Trinidad and Tobago,TTO,,,84.8512878417969,,,92.7506713867188,87.008903503418,,Trinidad and Tobago,Trinidad & Tobago,High
Tunisia,Africa,TUN,National,TUNt,Total,2023,,Tunisia,TUN,Tunisia,TUN,6.73398876190186,,,,,103.529930114746,,38.4501686096191,Tunisia,Tunisia,
Turkmenistan,Asia/Pacific,TKM,National,TKMt,Total,2023,,Turkmenistan,TKM,Turkmenistan,TKM,2.74651002883911,,,,,,,,Turkmenistan,Turkmenistan,
Turks & Caicos Islands,America,TCA,National,TCAt,Total,2023,85.5,Turks & Caicos Islands,TCA,Turks and Caicos Islands,TCA,3.13524532318115,,,,,125.88741484403,109.377401998463,25.2931976318359,Turks and Caicos Islands,Turks & Caicos Islands,High
Tuvalu,Asia/Pacific,TUV,National,TUVt,Total,2023,69.2,Tuvalu,TUV,Tuvalu,TUV,12.8456897735596,,92.1161804199219,,,101.92170715332,85.1700668334961,,Tuvalu,Tuvalu,Upper-Middle
Uganda,Africa,UGA,National,UGAt,Total,2023,,Uganda,UGA,Uganda,UGA,2.55159378051758,,,,,,,,Uganda,Uganda,
Uzbekistan,Asia/Pacific,UZB,National,UZBt,Total,2023,,Uzbekistan,UZB,Uzbekistan,UZB,5.47287607192993,,96.0921936035156,,,93.4888259225367,86.5340747437302,45.8428611755371,Uzbekistan,Uzbekistan,
Vanuatu,Asia/Pacific,VUT,National,VUTt,Total,2023,49.2,Vanuatu,VUT,Vanuatu,VUT,10.6434001922607,,106.601615905762,,,106.528699274803,117.083997498033,,Vanuatu,Vanuatu,Lower-Middle
Venezuela,America,VEN,National,VENt,Total,2023,,Venezuela,VEN,"Venezuela, RB",VEN,,,100.83081817627,,,108.435699462891,95.4098510742188,,"Venezuela, RB",Venezuela,
Vietnam,Asia/Pacific,VNM,National,VNMt,Total,2023,82.5,Viet Nam,VNM,Viet Nam,VNM,,,,,,122.494151916259,,,Viet Nam,Viet Nam,High
